amount,hour,account_age_days,distance_km,transactions_1h,international,device_new
76.34,0,1623,124.97,0,0,0
17.39,0,1767,37.67,1,0,0
124.65,0,40,10.32,5,0,0
153.64,0,129,17.68,2,0,1
6.38,0,434,0.58,0,1,0
13.03,0,497,95.91,1,0,1
62.84,1,503,87.54,1,0,0
38.56,1,750,53.89,0,0,0
53.6,1,573,0.55,2,0,0
21.36,1,1048,14.5,1,0,0
143.64,1,1537,46.17,4,0,0
128.45,1,982,39.23,3,0,0
58.71,2,597,3.08,5,0,0
188.66,2,1022,9.36,4,0,1
91.31,2,1116,1.25,2,0,0
21.22,2,1613,189.85,2,1,0
81.91,2,1705,65.93,2,0,1
19.02,2,499,107.08,4,0,0
143.49,3,1652,3.61,3,0,0
51.68,3,1470,83.36,2,1,1
44.55,3,230,36.73,2,0,0
25.82,3,1004,127.61,1,1,0
209.52,3,273,14.52,3,0,0
46.06,3,882,76.38,3,0,1
34.08,4,80,56.07,0,0,0
37.06,4,538,85.32,3,0,0
98.06,4,1058,46.25,3,0,0
81.61,4,547,40.47,5,0,0
85.97,4,18,38.4,2,0,0
87.7,4,699,24.27,2,0,1
575.83,5,974,56.96,0,0,0
34.92,5,1374,13.26,4,0,0
31.08,5,245,57.74,0,0,0
22.31,5,858,15.34,0,0,0
107.51,5,357,117.01,2,0,0
189.02,5,276,87.47,0,0,0
48.17,6,219,8.84,2,0,0
21.67,6,1367,34.18,3,0,0
22.04,6,1655,6.9,2,0,0
111.68,6,1194,34.16,1,0,0
123.67,6,680,4.97,2,0,0
99.23,6,1708,5.46,2,0,0
26.26,7,894,101.55,2,0,0
70.48,7,952,12.85,3,0,0
62.08,7,1142,14.81,2,0,0
69.45,7,1177,57.12,1,0,0
142.39,7,885,4.18,1,0,0
69.82,7,862,30.0,3,0,0
115.22,8,572,28.61,0,0,0
58.81,8,1225,2.83,2,0,0
75.04,8,1210,56.48,0,0,0
109.34,8,785,66.4,4,0,0
10.99,8,1281,23.53,0,1,0
38.41,8,248,50.44,1,0,0
32.54,9,749,87.86,2,0,0
27.04,9,1776,55.15,2,0,0
40.34,9,1320,49.57,2,0,0
282.71,9,1296,12.06,0,1,0
21.06,9,1553,29.49,3,0,0
158.4,9,1095,24.9,3,0,0
8.57,10,1192,8.04,2,0,1
37.77,10,866,28.87,3,0,0
65.3,10,1487,21.33,0,0,0
104.05,10,1280,26.67,2,0,0
119.38,10,942,9.18,5,0,0
130.67,10,228,83.83,1,0,1
37.2,11,1450,92.97,3,0,0
32.83,11,587,72.14,1,0,0
140.3,11,646,4.6,4,0,1
44.24,11,224,43.77,1,0,0
13.42,11,390,7.96,1,0,0
15.7,11,226,5.85,1,0,1
19.86,12,175,66.02,0,0,0
94.34,12,38,4.83,2,0,1
63.86,12,530,11.24,3,0,0
116.69,12,1360,2.97,1,0,1
34.12,12,1554,86.97,2,0,1
65.0,12,409,17.72,1,0,0
108.65,13,762,102.52,3,0,0
38.85,13,1497,36.47,5,0,1
90.24,13,1272,37.61,5,1,0
26.36,13,1627,49.47,1,0,1
36.62,13,756,17.49,1,0,0
35.88,13,303,116.73,2,0,0
14.65,14,257,32.11,2,0,0
93.29,14,1275,34.78,1,0,0
32.58,14,47,4.55,0,0,0
55.35,14,828,165.24,3,0,0
92.65,14,635,16.94,0,0,0
89.23,14,1654,7.86,3,0,0
113.51,15,1796,29.83,4,0,0
48.99,15,871,52.93,3,0,0
34.27,15,1044,7.24,0,0,0
50.01,15,681,79.6,2,0,0
8.53,15,1398,33.16,0,1,0
11.11,15,530,104.08,0,0,0
12.74,16,1339,3.66,0,0,0
18.23,16,1626,53.01,0,0,0
84.75,16,309,16.39,3,0,0
20.17,16,407,112.77,3,0,0
36.02,16,680,28.78,0,1,0
227.96,16,1489,30.82,1,0,1
36.9,17,1153,33.43,0,1,0
122.89,17,349,50.7,1,0,1
19.55,17,662,47.61,0,0,0
43.55,17,1158,35.44,2,0,0
19.2,17,1736,12.43,2,1,1
37.6,17,811,54.32,0,0,1
137.6,18,134,11.58,1,1,0
8.17,18,188,82.89,2,0,0
88.05,18,51,35.6,1,0,0
70.92,18,226,5.85,2,0,0
28.4,18,742,77.04,3,0,0
11.13,18,506,70.65,0,0,1
59.11,19,541,9.31,0,1,1
30.49,19,1379,22.63,3,0,0
70.52,19,858,43.13,0,1,0
55.93,19,1312,94.15,1,0,0
317.97,19,975,65.79,2,0,0
41.96,19,369,272.78,1,0,0
17.71,20,1706,18.12,3,0,0
66.5,20,857,95.52,0,1,0
69.55,20,1504,9.83,1,0,0
243.5,20,174,19.88,1,0,0
136.81,20,1529,16.16,3,0,0
80.85,20,1288,3.29,5,0,0
273.04,21,449,23.68,1,1,0
14.77,21,1427,61.94,0,0,0
27.01,21,1336,36.61,6,0,0
19.7,21,1608,49.02,2,0,0
35.56,21,377,66.68,4,0,0
12.01,21,1594,14.84,3,0,0
109.8,22,1371,59.3,2,0,0
42.76,22,608,80.32,3,0,1
10.83,22,630,113.14,5,0,0
17.87,22,458,10.06,2,0,1
77.08,22,858,81.26,0,0,0
137.27,22,1613,109.32,2,0,1
490.98,23,1507,38.66,1,0,0
1346.48,23,262,34.26,0,0,0
86.13,23,236,9.09,4,0,0
18.38,23,106,50.91,4,0,0
5.23,23,1105,54.87,1,0,0
73.29,23,565,19.37,2,0,0
22.33,0,1369,62.65,2,1,0
34.57,0,1368,27.74,3,1,1
27.85,0,355,29.11,1,0,0
46.76,0,1249,35.41,2,0,0
176.37,0,1376,16.54,2,1,0
64.89,0,1776,75.25,1,0,0
45.86,1,1300,5.19,1,0,0
17.48,1,647,24.41,1,0,0
8.65,1,1799,20.44,2,1,0
31.98,1,496,97.81,2,0,0
51.46,1,1449,85.64,2,0,0
381.73,1,680,1.77,3,0,0
63.01,2,1683,8.57,0,1,0
160.94,2,1408,93.61,2,0,0
31.52,2,1079,11.62,5,0,0
14.83,2,385,4.64,2,0,0
18.89,2,339,8.72,4,1,1
24.59,2,1705,86.9,2,1,0
567.54,3,1443,7.58,3,0,0
22.12,3,922,30.58,5,0,0
137.32,3,1579,6.5,0,0,0
20.22,3,1409,20.76,0,0,0
152.13,3,697,88.92,1,0,0
83.38,3,1489,92.76,5,0,0
45.96,4,1432,7.41,1,0,0
52.2,4,861,7.33,2,0,1
26.57,4,35,20.26,3,0,0
89.18,4,1334,21.78,2,0,0
33.1,4,611,43.27,3,0,0
14.18,4,656,31.93,3,0,0
13.39,5,1284,0.11,1,0,0
66.01,5,1459,142.0,3,0,1
310.13,5,158,15.59,2,0,0
65.1,5,1483,9.23,2,0,1
47.92,5,527,7.02,1,0,0
74.77,5,1019,28.57,6,0,0
229.66,6,1563,17.19,3,0,0
69.5,6,392,10.04,4,0,0
34.74,6,397,75.97,2,0,0
184.37,6,1746,17.48,2,1,1
87.5,6,671,3.36,4,0,0
295.7,6,1704,66.8,3,0,0
66.79,7,642,24.07,4,0,0
14.2,7,1115,19.54,3,0,0
12.12,7,918,37.41,5,0,0
335.63,7,1770,1.39,2,0,0
363.59,7,990,1.49,2,0,0
44.81,7,905,30.93,2,0,0
35.82,8,839,54.87,1,0,1
272.49,8,675,1.3,0,1,1
16.16,8,792,11.23,2,0,0
20.41,8,828,86.93,0,0,0
110.79,8,1374,85.03,1,0,0
35.37,8,82,42.61,2,1,0
54.29,9,901,46.23,1,0,0
45.61,9,988,151.36,1,1,0
79.15,9,1355,7.05,2,0,0
256.78,9,1199,38.19,3,0,1
60.32,9,777,35.22,3,0,0
110.87,9,197,10.22,4,0,0
5.72,10,669,34.54,1,0,0
51.75,10,460,49.24,0,0,1
21.59,10,367,8.37,4,0,0
14.29,10,1298,7.38,2,0,0
20.78,10,860,102.5,0,1,0
37.81,10,1428,11.13,0,0,0
149.53,11,249,30.41,3,0,0
12.69,11,1774,4.51,0,0,1
56.47,11,852,24.79,0,0,0
32.05,11,455,46.12,3,0,0
38.08,11,653,7.35,2,0,1
164.52,11,1514,4.41,2,0,0
98.68,12,1277,50.4,0,0,0
237.73,12,309,63.18,3,0,1
46.06,12,1782,38.12,3,0,1
25.39,12,235,101.88,3,0,0
42.68,12,495,28.96,1,0,0
71.29,12,1312,43.9,6,0,0
66.3,13,953,12.46,2,0,0
16.56,13,802,8.86,2,0,0
60.31,13,1667,60.63,2,0,1
70.18,13,1429,19.69,0,0,0
870.63,13,1731,5.43,3,0,1
430.32,13,508,15.76,3,0,0
21.36,14,1531,18.57,1,0,1
39.8,14,383,48.33,1,0,0
10.92,14,1450,98.6,4,0,0
28.51,14,987,4.47,3,0,1
77.26,14,1076,159.77,2,1,0
205.7,14,207,131.68,1,0,0
24.48,15,1582,18.34,1,0,0
26.59,15,501,63.22,2,0,0
5.14,15,1076,32.55,0,1,0
45.65,15,299,8.91,1,0,0
16.97,15,1666,21.44,3,0,0
30.5,15,576,6.36,0,0,0
20.81,16,1372,22.64,1,0,0
49.22,16,1377,29.76,2,0,0
7.9,16,990,1.73,4,0,0
10.87,16,217,93.26,1,0,0
568.03,16,503,24.59,1,0,0
13.25,16,1101,35.89,1,0,1
16.34,17,964,43.36,1,0,1
411.83,17,1052,76.38,3,0,0
1333.52,17,448,17.24,1,0,0
15.05,17,968,74.27,2,0,1
36.41,17,153,18.06,0,0,0
79.5,17,871,53.79,1,0,1
365.61,18,164,2.94,0,1,1
18.44,18,1194,72.67,3,1,0
41.69,18,1020,28.06,1,0,0
128.39,18,1533,7.42,3,0,0
88.08,18,831,150.03,2,0,1
36.1,18,291,38.27,2,0,0
47.12,19,423,21.87,3,1,0
12.03,19,1465,22.22,1,0,0
42.01,19,1724,11.84,1,0,0
40.73,19,110,19.15,4,0,0
70.48,19,1217,19.92,3,0,0
29.64,19,867,2.59,3,0,1
91.72,20,464,44.92,2,0,0
166.33,20,920,0.93,1,0,0
64.78,20,1684,14.32,3,0,0
80.39,20,355,34.51,1,0,0
57.89,20,1506,75.14,1,1,0
54.6,20,161,9.02,1,0,0
24.69,21,1297,55.01,2,0,0
77.33,21,134,81.35,6,0,0
49.06,21,109,96.49,0,0,0
545.93,21,67,149.24,3,0,0
308.18,21,1448,5.88,3,1,1
83.47,21,1032,0.41,1,0,0
23.59,22,1242,111.79,3,0,0
16.06,22,279,14.74,2,1,0
202.4,22,1658,194.45,1,0,0
72.9,22,1455,49.09,2,0,0
92.59,22,879,127.84,2,0,0
8.01,22,1618,35.67,4,0,0
151.44,23,257,85.12,3,0,0
90.0,23,526,17.24,5,0,0
16.1,23,87,45.51,1,1,0
32.5,23,296,54.05,4,0,0
72.97,23,1514,1.0,3,0,0
57.84,23,737,11.48,6,0,1
39.59,0,1161,157.1,2,1,0
48.72,0,1586,73.7,3,0,0
41.38,0,1375,18.17,1,0,0
64.57,0,719,9.62,3,0,0
275.51,0,626,2.77,5,0,0
3.24,0,195,37.03,2,0,0
42.08,1,1493,0.82,1,0,0
66.3,1,1772,0.19,4,0,0
75.61,1,900,60.8,1,0,1
36.27,1,899,11.58,4,0,0
7.91,1,1527,6.23,2,0,0
78.32,1,616,14.31,2,0,0
365.07,2,731,12.84,1,0,0
10.1,2,1608,13.29,2,0,0
141.2,2,682,2.78,1,0,0
38.04,2,1669,4.79,1,0,0
51.04,2,290,22.86,0,0,0
17.15,2,894,22.95,3,0,0
37.79,3,881,13.93,2,0,0
228.16,3,552,127.01,3,0,0
103.64,3,1733,118.21,3,0,0
367.07,3,868,7.79,2,0,0
199.37,3,1582,83.98,1,1,0
88.5,3,394,79.01,3,0,0
371.79,4,628,55.41,3,0,0
88.49,4,860,90.26,0,0,0
135.75,4,1015,25.78,4,0,0
39.4,4,412,29.12,5,0,0
58.74,4,563,76.26,0,0,0
25.35,4,1119,57.17,3,0,0
162.15,5,501,11.79,2,0,1
14.94,5,1367,3.16,2,0,0
129.1,5,858,11.2,2,1,0
44.27,5,1744,0.98,2,0,0
198.02,5,427,31.79,2,0,0
124.71,5,1516,37.5,3,0,1
404.52,6,882,52.92,0,0,0
121.98,6,155,9.87,2,1,0
9.69,6,1269,92.45,5,0,0
50.72,6,380,95.58,3,0,0
15.04,6,249,19.23,2,0,0
30.87,6,957,103.47,1,0,0
287.82,7,1414,36.64,2,0,0
110.09,7,463,85.98,1,0,0
25.31,7,1121,70.88,5,1,0
17.9,7,25,0.23,3,0,0
56.6,7,332,28.46,0,1,1
14.32,7,1358,19.64,1,0,0
26.1,8,23,10.04,3,0,0
76.95,8,643,4.22,3,0,0
194.58,8,914,139.55,3,0,0
106.66,8,118,30.37,4,0,0
4.39,8,1761,15.41,2,0,0
76.31,8,915,82.13,1,0,0
59.1,9,609,6.26,2,0,0
86.08,9,1758,126.23,5,0,0
323.06,9,1005,17.34,1,0,0
5.64,9,1221,1.62,1,0,0
28.5,9,162,8.52,1,0,0
104.58,9,285,5.93,0,0,0
9.59,10,81,119.64,6,0,1
276.87,10,925,72.4,0,1,0
81.87,10,1505,10.26,1,0,0
138.55,10,1623,11.2,3,1,1
29.14,10,1033,86.9,5,0,0
133.64,10,97,2.19,2,0,0
176.85,11,1127,32.66,1,0,0
70.54,11,1148,36.99,3,0,0
70.66,11,1074,0.25,1,0,0
73.51,11,1298,44.13,3,0,0
21.12,11,1002,1.2,2,0,0
46.42,11,1267,55.89,2,1,0
46.17,12,875,26.16,2,0,0
83.24,12,270,19.73,5,1,0
163.99,12,143,22.66,1,0,0
17.04,12,1633,102.17,2,0,0
47.58,12,793,15.27,0,0,0
278.55,12,580,1.97,2,0,0
24.1,13,527,221.53,1,0,0
22.1,13,93,3.75,6,0,0
68.21,13,1701,8.93,1,0,0
138.22,13,149,7.53,1,1,0
55.29,13,394,34.93,2,0,0
235.53,13,823,10.85,1,0,0
140.12,14,644,28.46,0,0,0
137.83,14,71,52.31,2,0,0
100.44,14,592,14.85,2,0,0
706.57,14,1403,43.15,4,0,0
43.57,14,451,65.16,2,0,0
6.03,14,1558,6.69,4,0,1
318.84,15,648,60.32,3,0,1
33.0,15,24,2.21,4,0,0
61.48,15,196,23.12,2,0,0
230.56,15,1458,8.82,0,0,0
9.37,15,729,4.52,3,0,0
13.78,15,1766,11.89,3,0,0
9.38,16,1419,30.27,0,0,0
22.79,16,54,40.98,2,0,0
88.55,16,562,52.98,2,0,0
97.18,16,1304,110.93,1,0,0
73.99,16,113,32.0,1,0,0
11.54,16,1798,21.95,4,0,0
4.3,17,299,131.18,6,0,1
57.96,17,1434,13.4,0,0,0
32.49,17,1512,10.78,2,0,0
90.5,17,909,31.25,3,0,0
118.17,17,1446,17.21,0,0,0
63.57,17,1592,2.76,3,0,0
125.98,18,1321,7.46,4,1,0
70.26,18,1274,42.38,1,1,0
97.81,18,699,55.28,2,0,0
25.15,18,526,29.79,1,0,1
44.81,18,1561,0.55,2,0,1
67.79,18,403,13.07,5,0,1
134.64,19,746,32.13,3,0,0
35.41,19,922,13.98,1,0,1
96.86,19,703,25.68,3,0,0
40.75,19,671,11.2,1,0,0
47.98,19,1078,45.78,0,0,0
135.97,19,593,14.7,2,0,0
6.1,20,1779,28.0,1,0,0
13.12,20,320,13.11,3,0,0
10.69,20,700,6.07,2,1,0
4.19,20,1521,0.55,2,0,0
25.89,20,855,64.8,2,0,0
124.51,20,1269,46.3,0,0,0
39.91,21,1164,18.24,3,0,0
67.87,21,596,125.57,1,0,0
180.94,21,1339,66.28,1,0,0
235.2,21,427,37.33,2,1,0
50.6,21,1349,22.12,1,0,0
242.0,21,230,28.78,3,0,0
60.42,22,1249,39.34,2,0,0
21.73,22,202,15.64,3,0,0
28.39,22,1563,37.72,1,0,0
10.71,22,1125,5.56,1,0,0
20.55,22,72,94.0,1,0,0
36.83,22,195,29.52,2,0,0
132.15,23,337,3.93,5,0,0
362.44,23,1728,103.85,0,0,0
11.94,23,1061,19.39,0,0,0
84.11,23,502,3.94,0,0,1
17.38,23,498,1.71,1,0,1
92.03,23,46,102.5,1,0,0
47.27,0,365,9.35,6,0,0
7.29,0,1539,23.11,4,0,0
151.58,0,1077,14.1,1,0,0
28.06,0,661,9.41,4,1,0
30.35,0,38,38.91,1,0,0
16.83,0,617,12.22,2,0,0
26.58,1,689,29.32,3,0,0
87.42,1,213,37.96,3,0,0
44.34,1,1092,81.97,1,0,0
78.38,1,1188,1.84,2,0,0
81.3,1,1796,23.67,3,0,0
233.39,1,645,5.93,2,0,0
37.45,2,496,38.24,1,0,0
10.76,2,1481,52.36,1,0,0
176.61,2,630,8.91,3,0,0
37.92,2,1135,26.08,3,0,0
186.06,2,1327,49.64,1,0,0
83.24,2,1583,12.91,1,0,1
47.26,3,573,36.79,3,0,0
80.13,3,1120,30.27,2,0,0
466.9,3,235,73.83,3,0,0
536.29,3,1402,32.78,1,0,0
58.93,3,81,13.52,1,0,0
65.12,3,1253,13.64,1,0,0
178.37,4,376,61.43,4,0,0
21.54,4,832,90.85,4,0,1
78.76,4,137,9.19,2,0,0
53.07,4,1239,124.91,1,0,0
77.12,4,867,16.56,1,0,0
21.83,4,1194,13.94,3,0,0
9.5,5,625,10.14,4,0,0
5.58,5,12,20.28,2,0,1
15.97,5,1045,30.69,1,0,0
32.97,5,1257,140.6,4,0,0
39.55,5,1196,39.98,0,1,0
459.87,5,471,5.63,3,0,0
184.31,6,1289,55.63,3,0,0
18.95,6,975,6.77,1,0,0
80.04,6,378,48.36,0,0,0
34.89,6,200,13.51,3,1,0
39.93,6,585,16.68,1,1,1
66.94,6,41,20.45,0,0,0
107.89,7,1289,56.4,0,0,0
37.59,7,27,22.06,2,0,0
175.96,7,87,137.91,2,1,0
15.55,7,284,16.54,1,0,0
54.98,7,586,4.32,0,0,0
950.93,7,35,105.71,2,0,0
69.78,8,1133,92.21,1,0,0
264.15,8,238,17.79,1,0,0
60.38,8,1445,3.01,0,0,0
103.43,8,1006,9.16,1,0,0
51.29,8,150,33.89,0,0,0
45.27,8,720,18.79,3,0,1
23.16,9,252,118.39,2,1,0
87.65,9,1765,47.35,3,0,1
21.4,9,1066,19.05,2,1,0
113.54,9,1455,1.22,3,0,0
180.15,9,673,211.94,4,0,0
81.71,9,264,22.96,1,0,0
39.85,10,422,71.14,1,0,1
89.96,10,750,11.03,1,0,0
38.88,10,1386,2.97,1,0,0
152.8,10,775,7.47,4,0,0
7.28,10,1671,70.34,0,0,0
37.74,10,651,5.38,2,0,0
6.11,11,419,107.29,3,0,1
10.54,11,892,68.74,2,0,0
244.75,11,200,36.16,4,0,0
146.16,11,1205,9.05,3,0,0
24.74,11,181,5.9,1,0,0
10.46,11,1153,12.65,5,0,0
2.09,12,688,40.79,3,0,0
30.03,12,642,23.72,2,0,0
782.47,12,1099,26.72,0,0,0
88.09,12,1269,60.64,2,0,0
29.5,12,1672,17.03,4,0,1
91.07,12,521,34.38,4,0,0
9.81,13,1461,10.83,1,0,0
39.37,13,1503,20.36,5,0,0
60.91,13,1792,1.05,0,0,0
49.66,13,1735,1.07,1,0,0
130.31,13,1422,4.56,1,0,1
79.77,13,530,8.8,0,0,0
113.88,14,1250,2.36,1,1,0
25.61,14,1412,43.47,2,1,0
146.58,14,524,78.52,0,0,0
327.61,14,1464,0.71,1,0,0
18.78,14,1263,80.09,5,0,0
20.56,14,883,0.21,1,0,0
237.31,15,1551,7.97,4,0,0
44.24,15,157,100.6,1,0,1
255.75,15,1231,24.09,1,0,0
33.56,15,1415,0.5,2,0,0
270.58,15,72,62.09,0,0,0
63.09,15,733,19.15,1,1,0
72.53,16,930,42.14,2,0,0
305.27,16,374,53.47,2,0,0
36.67,16,1582,15.08,2,0,0
19.39,16,1127,180.56,1,0,1
33.33,16,495,7.35,0,0,0
89.8,16,786,137.97,1,0,0
9.75,17,201,63.78,1,0,0
110.08,17,157,5.55,1,0,1
30.19,17,1343,0.3,4,0,0
192.98,17,1770,10.35,2,0,1
3.92,17,498,5.44,3,0,1
22.98,17,440,2.16,1,0,0
8.54,18,1231,53.89,0,0,1
22.0,18,919,61.64,0,0,0
71.7,18,250,2.86,6,1,0
44.83,18,1201,5.71,6,0,0
41.32,18,377,79.5,0,0,0
45.83,18,207,26.25,2,0,0
68.29,19,835,87.89,4,0,0
18.0,19,1330,3.58,2,0,0
118.81,19,938,98.66,4,1,0
113.17,19,1166,17.47,5,0,0
83.39,19,428,23.71,4,1,1
100.7,19,888,17.95,3,0,1
75.65,20,1283,0.23,2,0,0
512.13,20,950,5.61,1,0,0
49.61,20,431,16.67,5,0,0
38.95,20,1718,12.33,2,0,0
23.83,20,121,52.69,0,0,0
17.54,20,1639,8.35,1,0,0
13.89,21,1304,82.1,1,0,0
20.54,21,201,2.6,3,0,0
50.51,21,459,16.96,1,0,0
78.86,21,663,64.27,0,0,0
57.76,21,1723,5.79,2,0,0
23.52,21,930,97.96,0,0,0
146.97,22,464,29.96,1,0,0
123.14,22,1655,78.86,4,1,0
45.8,22,212,22.09,0,0,0
26.62,22,1469,31.79,4,0,0
99.81,22,1495,33.87,1,0,0
67.14,22,695,30.07,1,0,0
11.1,23,77,21.36,1,0,0
50.66,23,1595,54.85,2,0,1
72.84,23,1741,79.03,1,0,0
20.29,23,680,31.64,0,0,0
67.28,23,334,76.93,4,0,0
11.02,23,488,29.46,1,1,1
237.41,0,245,80.1,2,0,1
215.45,0,1097,15.63,3,0,0
41.36,0,933,16.96,1,0,1
81.43,0,640,26.98,4,0,1
3.85,0,1171,1.97,1,0,0
15.3,0,1120,93.18,5,1,0
39.52,1,20,42.93,0,0,0
16.79,1,737,27.07,4,0,0
119.8,1,1554,1.05,1,0,0
491.29,1,1432,40.9,3,0,0
14.97,1,1538,0.44,4,0,0
21.73,1,1717,4.61,4,0,0
70.74,2,110,33.05,2,0,0
321.25,2,486,5.34,2,1,0
14.23,2,826,11.69,3,0,0
71.8,2,918,56.83,2,0,0
404.81,2,1415,379.52,0,1,0
8.87,2,1303,39.76,4,0,0
13.34,3,1271,65.63,3,0,0
34.26,3,285,13.16,1,0,1
30.8,3,1219,15.48,4,1,0
133.47,3,1432,75.97,3,0,0
71.22,3,1353,43.81,4,0,0
7.75,3,1049,105.7,3,0,0
96.25,4,158,18.21,0,0,0
28.93,4,269,21.17,1,0,0
221.83,4,1337,49.97,2,0,0
27.38,4,1562,22.29,1,0,0
27.11,4,1485,4.19,2,0,0
99.01,4,768,96.93,1,0,0
126.37,5,1057,61.71,3,0,0
89.38,5,317,2.44,4,0,0
8.55,5,1065,39.18,2,0,0
98.68,5,351,31.99,1,0,0
17.5,5,1431,88.36,4,0,0
70.73,5,1413,19.12,4,0,0
11.4,6,92,5.23,3,0,0
89.21,6,1684,43.26,3,0,0
22.48,6,1433,29.12,2,1,0
13.32,6,680,17.08,7,0,0
119.73,6,812,293.34,0,0,0
71.22,6,141,39.18,2,0,0
27.79,7,1685,17.73,1,0,1
269.43,7,181,10.52,0,1,0
33.63,7,1660,95.99,1,0,0
56.56,7,1178,2.65,5,0,0
73.39,7,1653,77.99,1,0,0
27.62,7,667,5.19,2,0,0
91.68,8,1612,3.31,2,0,0
30.36,8,767,22.01,2,0,0
34.72,8,630,39.62,0,0,1
244.42,8,606,116.49,2,0,0
17.38,8,1713,8.73,2,0,0
3.84,8,837,0.31,2,1,0
321.19,9,861,1.61,4,0,0
901.68,9,1158,16.95,5,1,0
34.96,9,1000,16.76,2,1,0
6.48,9,974,23.51,1,0,0
38.8,9,682,5.35,0,1,0
39.85,9,295,72.2,1,0,0
44.3,10,1790,21.88,2,0,0
16.04,10,884,3.32,1,0,0
103.29,10,1750,74.59,4,0,0
97.22,10,829,17.07,0,1,0
10.55,10,1078,35.53,1,0,0
117.82,10,982,100.32,5,1,0
522.15,11,1738,28.45,4,0,0
65.97,11,199,0.34,2,0,0
37.67,11,931,0.28,3,0,0
46.7,11,276,243.85,0,0,0
107.42,11,1562,21.77,1,0,0
8.14,11,954,16.54,0,0,0
65.42,12,1661,1.82,0,0,1
35.53,12,495,24.34,1,0,1
416.8,12,293,44.02,3,0,0
45.08,12,1132,154.02,1,1,0
341.95,12,262,0.7,4,0,0
16.21,12,670,36.5,2,0,0
104.17,13,564,23.97,2,0,0
77.58,13,397,8.88,3,0,0
20.99,13,235,13.49,2,0,0
66.36,13,1181,58.09,2,0,0
207.22,13,1364,40.53,3,0,0
38.24,13,709,9.4,2,0,0
8.49,14,505,24.56,1,0,0
53.55,14,283,6.75,2,1,0
20.23,14,1218,45.96,0,0,0
37.47,14,1455,6.24,1,0,0
49.91,14,986,39.11,2,0,0
8.36,14,777,21.22,3,0,0
9.23,15,1167,30.17,3,0,0
92.78,15,1647,62.79,1,0,0
30.72,15,1781,46.33,1,0,0
3.25,15,348,24.55,4,0,0
129.45,15,858,0.42,2,1,0
73.67,15,1577,43.34,2,0,0
24.9,16,1139,66.58,2,0,0
12.83,16,1468,86.3,2,0,0
136.92,16,1792,31.28,0,0,1
80.18,16,187,2.11,1,0,0
750.59,16,1102,19.79,0,0,0
86.68,16,957,7.58,2,0,0
83.64,17,512,6.48,0,0,0
45.44,17,1176,67.35,2,0,0
134.08,17,186,0.6,4,0,0
108.59,17,891,11.16,0,1,0
216.35,17,746,5.12,1,0,0
30.77,17,702,56.32,1,0,0
33.82,18,1105,120.47,3,0,0
32.23,18,1698,13.77,2,0,0
130.31,18,1705,18.37,1,1,0
283.78,18,1261,7.53,1,0,0
32.96,18,595,56.96,0,0,1
34.22,18,1738,66.02,2,1,0
77.13,19,1797,36.52,2,1,0
41.67,19,1523,10.39,1,0,0
155.6,19,1571,7.92,4,0,0
4.59,19,1470,38.77,2,0,1
21.99,19,1368,83.79,3,0,0
23.09,19,1306,294.06,7,0,0
4.25,20,1149,67.34,1,0,0
18.92,20,1162,46.86,4,0,0
19.95,20,701,15.99,0,0,0
43.76,20,1596,26.17,3,1,0
185.72,20,1142,58.61,4,0,0
41.7,20,1104,208.44,0,0,0
17.57,21,1335,34.1,3,0,0
51.28,21,135,22.77,3,1,0
173.14,21,1654,28.59,3,0,0
18.66,21,1048,21.7,0,0,0
20.05,21,1699,21.87,0,1,1
100.93,21,185,12.01,5,0,0
42.79,22,420,20.89,4,0,0
111.3,22,1708,34.21,3,0,0
53.78,22,1247,32.53,2,0,0
118.14,22,1164,20.23,2,0,0
17.49,22,727,39.33,1,0,0
53.88,22,1000,13.25,2,0,0
43.3,23,983,5.91,2,0,0
14.33,23,356,11.65,2,0,1
9.78,23,1019,25.64,1,0,0
116.09,23,928,33.49,1,1,0
37.11,23,563,15.69,1,0,0
17.73,23,616,66.99,3,1,0
49.12,0,1382,29.02,1,1,0
188.83,0,1215,71.15,1,0,0
4.44,0,845,69.88,1,0,0
10.52,0,1087,77.29,2,1,1
19.78,0,434,38.72,0,0,1
272.41,0,898,66.6,2,0,0
74.5,1,1011,179.06,4,0,0
126.98,1,454,51.79,4,1,1
15.58,1,305,2.98,0,0,0
15.93,1,946,8.66,2,0,0
89.35,1,1693,83.73,1,0,0
58.21,1,831,10.0,1,0,0
99.84,2,1622,6.27,2,0,0
44.41,2,1532,30.53,0,0,1
74.14,2,1340,61.44,2,0,1
64.97,2,1609,19.43,1,0,0
128.45,2,740,25.86,0,0,0
132.65,2,1366,14.07,3,0,0
9.19,3,260,47.86,1,0,1
4.61,3,575,23.16,3,0,0
164.34,3,1019,16.69,1,0,1
201.64,3,68,3.02,2,0,0
17.77,3,1377,50.0,2,1,0
7.06,3,1665,4.01,2,0,0
60.88,4,189,2.32,4,1,1
152.01,4,1785,113.75,3,0,0
394.4,4,158,18.45,2,1,1
96.34,4,228,8.33,4,0,0
36.27,4,1372,76.36,2,0,0
20.44,4,1234,5.16,2,0,0
55.29,5,1684,39.89,1,0,0
39.28,5,765,32.32,2,0,0
17.88,5,1030,92.16,1,0,0
519.9,5,267,11.25,1,0,0
389.04,5,1245,8.99,1,0,1
190.5,5,1796,3.94,2,0,1
19.83,6,1074,3.88,1,0,0
139.84,6,1679,16.03,1,0,0
110.34,6,708,60.84,1,0,0
88.84,6,1768,88.71,2,0,0
215.86,6,966,1.9,0,0,0
109.83,6,259,46.69,1,0,0
123.23,7,652,19.72,0,0,1
110.01,7,885,1.89,1,0,0
79.43,7,120,27.05,3,1,0
7.68,7,1612,1.08,2,0,0
59.86,7,430,49.71,3,0,0
29.61,7,1215,2.76,3,0,0
13.36,8,1655,21.77,0,0,0
347.23,8,782,28.19,4,0,0
365.73,8,1096,27.92,0,0,1
243.51,8,930,13.2,5,0,0
72.29,8,1375,63.32,3,1,0
241.21,8,69,130.43,3,0,0
55.33,9,647,1.14,1,0,0
68.24,9,1100,2.42,2,0,1
16.4,9,164,1.94,0,0,0
84.49,9,1547,0.95,1,0,1
58.35,9,1137,36.5,4,1,0
13.03,9,5,33.36,5,0,0
51.61,10,21,15.6,1,0,0
50.01,10,287,43.02,1,1,0
394.38,10,1195,97.58,1,0,0
146.0,10,932,13.23,2,0,0
55.29,10,868,5.49,5,0,0
71.78,10,1009,0.37,1,0,0
57.32,11,890,87.34,3,0,0
43.68,11,618,47.76,0,0,0
16.6,11,13,28.55,5,1,0
46.24,11,50,34.82,0,0,0
24.03,11,1240,2.13,3,0,1
13.8,11,1338,43.83,1,0,0
95.81,12,431,22.77,2,0,0
83.96,12,437,13.07,6,0,1
7.65,12,734,17.07,1,0,0
47.71,12,1160,8.91,0,0,0
163.25,12,1068,153.55,2,0,0
175.06,12,1006,41.82,1,0,0
168.75,13,66,28.36,2,0,1
56.99,13,775,2.26,2,0,0
21.55,13,1354,2.49,3,0,0
16.58,13,1062,89.13,0,0,0
79.76,13,1452,63.32,1,0,0
82.86,13,1251,6.34,1,0,0
224.99,14,1619,12.54,2,0,0
183.09,14,1030,43.01,3,0,0
47.21,14,1024,40.17,1,0,0
13.89,14,1003,17.52,1,0,0
38.44,14,476,30.17,2,0,0
69.34,14,784,44.15,4,0,0
43.72,15,303,71.84,4,0,0
28.91,15,774,6.5,2,0,0
72.11,15,269,16.29,0,0,0
31.36,15,883,43.33,3,0,0
27.36,15,1717,4.6,4,0,0
76.91,15,813,279.58,2,0,0
35.09,16,1329,122.1,3,0,0
71.42,16,790,35.8,1,0,1
73.74,16,1630,13.35,1,0,0
15.59,16,378,40.88,2,0,1
32.16,16,1501,172.31,2,0,1
265.48,16,1304,3.19,1,0,1
15.21,17,1599,31.7,1,0,0
5.32,17,239,31.84,0,0,1
7.04,17,1610,8.84,3,0,0
56.37,17,1635,43.41,3,1,0
56.49,17,532,8.06,2,1,0
47.97,17,1124,37.65,0,0,0
207.6,18,1055,4.0,2,0,0
2.89,18,88,104.03,0,0,0
84.4,18,945,102.37,2,0,0
304.17,18,1186,144.73,1,0,0
15.79,18,369,6.76,1,0,0
35.95,18,650,105.45,2,0,0
23.85,19,1053,58.47,5,0,0
20.41,19,1673,5.12,4,0,0
38.13,19,109,12.57,3,0,0
262.5,19,1684,46.05,3,0,0
412.04,19,1469,0.8,2,0,0
37.73,19,1522,2.16,0,0,1
443.89,20,85,1.6,0,0,1
56.78,20,1022,112.98,2,0,0
375.8,20,663,2.22,1,0,0
49.27,20,1654,9.86,1,0,0
63.06,20,1333,3.14,4,0,1
81.62,20,1169,88.32,0,0,1
1802.16,21,50,44.12,1,0,0
139.27,21,1575,20.24,1,0,0
25.08,21,881,68.14,1,0,0
158.52,21,288,35.33,1,1,0
36.67,21,1573,57.28,0,0,1
31.86,21,1627,26.23,1,0,0
148.33,22,893,41.77,3,0,0
56.5,22,1190,49.37,2,0,0
74.18,22,1098,11.39,2,0,0
55.44,22,545,32.43,1,1,0
79.06,22,1347,17.37,3,0,1
87.14,22,1796,10.62,2,1,0
6.48,23,1681,16.54,0,0,0
113.66,23,1236,24.32,4,0,0
18.54,23,648,135.52,3,0,0
11.17,23,1635,80.18,1,0,0
51.2,23,1669,34.69,2,0,1
59.88,23,10,136.72,2,0,0
25.46,0,609,6.2,3,0,0
136.2,0,994,0.9,3,0,0
12.47,0,1040,9.01,3,0,0
34.9,0,1282,46.74,3,0,1
28.69,0,924,74.33,1,0,0
51.87,0,24,43.71,2,0,0
74.2,1,298,0.11,3,0,0
18.02,1,1372,119.81,3,0,0
121.11,1,1248,14.0,2,0,0
58.52,1,1172,82.89,2,0,0
6.81,1,793,13.37,1,1,0
6.33,1,494,112.53,0,0,0
53.86,2,554,6.52,1,0,0
42.82,2,1240,18.29,2,0,0
48.73,2,907,7.94,5,0,0
52.94,2,235,3.86,4,0,1
69.97,2,719,8.44,0,1,0
154.84,2,1483,21.56,2,0,0
16.08,3,1078,93.36,3,0,1
15.04,3,1559,105.99,1,0,0
16.4,3,915,114.87,2,0,0
75.02,3,873,1.58,2,0,0
214.74,3,1708,6.29,3,0,0
33.97,3,913,107.48,2,0,1
3.48,4,243,79.52,4,0,0
8.38,4,723,57.2,3,1,0
21.84,4,1165,131.35,3,0,1
29.56,4,621,83.8,0,0,0
34.84,4,738,58.47,2,0,1
56.97,4,1571,59.46,2,0,0
38.75,5,783,6.67,1,0,0
173.17,5,548,0.52,1,0,0
25.96,5,194,82.24,0,0,0
21.15,5,725,6.15,2,1,0
92.46,5,1379,29.72,3,0,0
10.08,5,539,8.27,3,0,0
83.82,6,847,35.99,3,1,0
61.12,6,1182,6.74,1,0,1
46.42,6,1670,141.12,2,0,0
313.28,6,1465,40.84,1,0,0
27.54,6,515,34.76,1,0,0
526.54,6,295,3.1,6,0,0
42.61,7,1207,70.42,3,0,0
13.4,7,458,13.31,1,1,0
58.96,7,706,17.16,0,0,0
16.71,7,187,119.26,2,0,0
23.88,7,1393,3.88,1,0,0
84.5,7,288,103.29,3,0,0
100.6,8,685,69.4,2,0,0
27.54,8,732,72.12,2,0,0
161.77,8,76,94.71,0,0,0
195.05,8,1396,35.17,2,0,0
265.05,8,1113,54.34,2,0,0
97.74,8,974,124.66,2,1,0
244.64,9,320,1.42,3,1,0
6.9,9,95,119.98,2,0,0
38.49,9,100,25.88,4,1,1
21.04,9,1125,7.69,2,1,1
62.25,9,1346,22.91,1,0,0
29.12,9,1431,8.15,1,0,0
45.48,10,1440,1.43,3,0,0
432.85,10,708,13.58,0,0,0
45.3,10,2,12.66,2,0,0
86.07,10,441,4.22,2,0,0
42.29,10,1416,15.44,4,0,0
59.34,10,1375,106.47,1,0,0
54.96,11,913,44.89,3,0,0
89.4,11,43,99.56,2,0,0
196.73,11,1398,21.7,2,0,0
334.33,11,1468,11.42,0,0,0
76.75,11,408,157.8,2,0,0
104.43,11,1447,27.4,3,0,0
15.4,12,1151,25.9,1,0,0
49.57,12,1598,16.96,2,0,1
153.59,12,1127,68.83,1,0,1
141.54,12,161,1.53,3,0,0
68.91,12,1164,6.7,0,0,1
144.75,12,193,8.5,4,1,0
93.68,13,465,13.95,4,0,0
204.45,13,1570,85.05,1,1,0
75.06,13,1742,32.66,1,0,0
36.92,13,855,70.61,3,0,0
79.0,13,524,87.76,0,0,0
2.17,13,706,11.37,2,0,0
83.19,14,435,20.67,3,0,1
0.99,14,1031,45.58,1,0,0
8.2,14,758,46.73,3,0,0
89.74,14,105,1.01,0,0,0
92.32,14,1098,17.42,0,0,0
15.2,14,1158,11.01,3,0,0
24.95,15,1200,4.51,1,1,1
246.56,15,1701,35.97,2,0,0
32.06,15,1267,10.14,3,0,0
643.69,15,1216,37.8,1,0,0
54.48,15,380,31.59,5,0,0
85.53,15,836,16.42,2,1,0
323.29,16,782,13.23,5,0,1
63.06,16,1729,3.95,3,1,0
18.13,16,853,1.77,1,0,0
48.39,16,1239,20.99,3,0,0
52.5,16,973,17.74,0,0,0
12.17,16,102,20.77,1,1,1
41.21,17,1684,29.37,1,0,0
24.13,17,1206,29.39,1,0,1
150.93,17,414,70.71,4,0,1
56.72,17,107,75.6,2,1,1
40.0,17,1686,42.08,3,0,0
48.58,17,553,5.58,2,0,0
69.79,18,30,22.49,1,0,0
107.61,18,1108,13.84,1,0,0
18.18,18,29,9.59,2,1,0
17.36,18,388,79.08,2,0,0
184.04,18,1608,14.18,1,0,0
34.69,18,68,3.67,2,0,0
11.49,19,1353,3.06,1,0,1
88.96,19,1112,26.58,2,0,0
90.9,19,550,182.31,0,0,0
10.14,19,514,2.84,0,0,0
70.28,19,854,67.44,2,0,1
122.63,19,959,62.96,2,0,0
82.42,20,1602,12.66,1,0,0
109.42,20,470,14.32,1,0,0
11.65,20,1062,86.22,4,0,1
78.58,20,1235,37.4,0,0,0
39.14,20,22,201.98,2,0,0
32.1,20,1612,58.5,1,0,0
142.25,21,1785,122.52,0,0,0
277.88,21,155,41.95,1,0,0
393.0,21,471,35.17,4,0,0
231.9,21,1415,52.52,1,0,0
48.39,21,1456,23.02,4,0,0
80.48,21,280,46.57,4,0,0
126.91,22,1651,6.42,1,0,0
62.38,22,592,52.38,4,0,0
63.04,22,528,18.58,0,0,0
135.12,22,643,13.73,2,1,0
51.15,22,1208,11.44,3,0,0
24.48,22,371,32.01,1,0,0
34.61,23,977,122.87,5,0,0
109.65,23,135,13.28,3,0,1
54.78,23,264,27.05,2,0,0
79.38,23,1383,47.09,2,0,0
114.1,23,690,17.22,0,0,0
36.15,23,1428,0.77,3,0,1
125.45,0,1327,14.08,2,0,0
82.82,0,1794,31.17,0,0,0
14.04,0,247,20.68,1,0,0
266.81,0,1682,3.72,2,0,0
31.47,0,1605,33.44,1,0,0
8.84,0,782,95.34,2,0,0
17.3,1,243,63.59,0,0,0
17.76,1,240,5.96,2,0,0
57.82,1,919,2.06,3,0,0
40.4,1,19,3.39,2,0,0
37.69,1,172,123.99,1,0,0
107.95,1,956,0.54,4,0,1
79.35,2,1013,2.53,2,0,0
77.3,2,1549,18.76,5,0,0
85.7,2,1753,13.48,2,0,0
107.53,2,482,4.14,0,1,0
5.37,2,594,54.08,2,0,0
36.57,2,358,40.53,2,0,1
4.96,3,404,35.19,5,0,0
56.81,3,790,6.64,1,0,0
54.32,3,1787,11.25,0,0,1
172.45,3,1608,8.99,2,0,0
201.62,3,1643,2.66,1,0,0
68.24,3,813,20.09,5,1,1
31.49,4,1183,18.69,4,0,1
93.1,4,1300,0.48,1,1,0
30.55,4,437,83.65,0,0,0
54.51,4,832,101.41,4,0,1
161.54,4,990,2.54,1,0,1
29.56,4,671,123.67,1,0,0
132.46,5,851,215.8,2,0,0
115.02,5,793,51.82,0,1,0
19.1,5,110,7.2,4,0,0
159.38,5,1383,101.06,0,0,0
117.73,5,1620,0.04,4,0,0
61.08,5,1357,32.74,2,0,0
23.6,6,1680,88.76,2,1,0
21.22,6,777,53.84,0,0,1
30.22,6,100,2.46,3,0,0
99.17,6,481,124.18,3,0,0
19.08,6,1537,73.15,3,0,0
88.35,6,250,16.42,3,0,0
13.93,7,984,17.05,0,0,1
43.62,7,2,8.71,2,0,1
61.6,7,582,46.8,2,0,0
804.04,7,203,23.79,4,0,0
12.0,7,204,14.39,4,0,0
275.67,7,296,34.24,1,0,0
64.38,8,968,11.18,4,1,0
85.82,8,1241,29.64,1,1,0
62.19,8,518,16.43,3,0,0
89.05,8,1472,3.08,1,0,1
46.11,8,705,5.89,2,0,0
270.28,8,1326,1.2,3,0,0
33.05,9,953,4.57,1,0,0
189.7,9,1301,6.55,3,0,1
26.87,9,1761,75.7,1,0,0
51.1,9,1789,1.29,2,0,1
16.79,9,1056,9.86,3,0,0
90.06,9,1732,45.01,0,0,0
267.64,10,1262,47.85,3,0,0
50.14,10,483,74.1,0,0,0
43.97,10,1683,49.04,2,0,0
16.02,10,261,23.97,1,0,0
42.43,10,842,0.01,1,0,0
9.47,10,275,0.52,2,0,0
20.0,11,1411,3.79,2,1,1
70.07,11,1612,142.35,1,1,0
232.97,11,1473,18.72,2,0,1
1200.07,11,184,100.24,2,0,0
28.64,11,487,62.42,0,0,0
264.76,11,612,96.97,2,0,0
71.39,12,208,23.9,2,0,0
46.23,12,954,33.28,0,0,0
87.87,12,61,24.03,1,0,0
58.45,12,1104,1.76,4,0,0
61.65,12,1034,21.3,4,0,1
34.84,12,1072,80.83,3,0,0
11.73,13,1643,129.99,2,0,0
9.99,13,1415,34.45,3,0,0
112.01,13,467,43.54,0,0,0
40.27,13,1029,45.82,3,0,0
28.34,13,1444,14.29,1,0,0
55.11,13,1531,37.01,5,0,0
130.9,14,1157,4.45,1,0,1
66.58,14,152,3.64,2,0,0
26.53,14,782,122.27,2,0,1
210.38,14,1546,70.18,1,0,0
310.16,14,132,12.75,6,0,0
94.07,14,1062,3.53,1,0,1
159.34,15,973,5.83,1,1,0
214.04,15,401,38.73,0,0,0
189.26,15,619,32.7,1,1,0
107.29,15,1759,96.42,3,0,0
105.44,15,1072,3.25,3,0,0
96.7,15,1691,7.48,0,0,0
16.33,16,848,81.92,2,1,0
118.01,16,1522,34.08,4,0,0
12.29,16,1115,0.92,3,1,0
22.78,16,1640,11.5,2,0,0
229.05,16,588,22.39,3,0,0
137.59,16,687,4.04,2,0,1
280.38,17,72,8.63,1,0,0
40.49,17,410,106.3,5,1,0
15.37,17,249,21.48,2,0,1
41.91,17,329,39.14,2,1,0
61.08,17,555,38.67,6,0,0
59.55,17,1572,12.57,2,0,0
190.0,18,681,53.19,4,0,0
36.69,18,1487,54.4,1,0,1
80.42,18,1466,22.03,2,0,0
18.4,18,1765,60.37,2,0,0
89.6,18,915,4.96,1,0,0
54.79,18,1526,8.95,3,0,0
23.93,19,754,7.63,1,0,0
42.12,19,1138,37.29,1,0,0
44.59,19,1459,10.95,4,0,0
40.56,19,256,6.55,3,0,0
383.17,19,103,14.38,4,0,0
48.99,19,296,40.62,1,0,0
41.75,20,1297,2.06,2,1,0
5.43,20,852,3.62,4,0,0
20.42,20,504,28.92,2,0,0
40.88,20,1382,3.63,0,0,1
25.68,20,27,31.18,0,0,1
249.6,20,311,69.79,2,0,0
45.54,21,845,28.27,1,0,1
225.27,21,1647,104.19,0,1,0
58.43,21,1348,6.45,2,0,0
56.88,21,1230,7.89,1,1,0
49.52,21,1279,12.36,5,1,1
54.83,21,562,43.15,5,0,0
361.65,22,806,35.11,4,0,1
4.26,22,1594,32.31,2,0,0
6.04,22,1313,15.94,1,1,0
30.04,22,1077,10.56,1,0,0
55.48,22,149,1.05,0,0,0
116.64,22,1319,17.89,3,0,1
91.87,23,658,26.1,3,0,0
35.78,23,693,10.19,2,0,0
167.49,23,1213,45.5,3,0,0
169.56,23,708,20.03,1,1,0
66.85,23,1031,5.54,1,0,0
157.42,23,22,36.01,4,0,0
73.69,0,333,4.45,2,0,0
29.44,0,968,33.57,1,0,1
117.64,0,1723,29.51,4,0,0
61.66,0,1369,57.58,4,1,0
54.68,0,751,47.32,1,0,0
275.96,0,1743,181.93,2,0,0
3.68,1,495,170.64,0,0,1
11.48,1,1606,7.43,1,0,0
14.79,1,726,64.15,1,0,0
36.61,1,156,5.02,3,0,0
41.26,1,4,20.41,2,0,0
10.4,1,1764,23.13,0,1,0
18.47,2,1155,0.59,2,0,0
21.18,2,269,56.36,2,0,1
814.98,2,1785,6.27,1,0,0
396.2,2,74,4.77,2,0,0
34.71,2,602,47.04,2,0,0
36.6,2,1348,45.02,1,1,0
15.42,3,95,27.75,2,0,0
6.69,3,1630,74.65,0,0,0
48.01,3,1220,12.72,0,0,0
18.22,3,1709,10.25,0,0,0
49.73,3,1507,13.14,2,0,0
9.39,3,1484,72.24,2,0,0
23.61,4,409,11.15,3,0,1
64.3,4,368,46.21,2,1,0
81.68,4,435,81.52,1,0,0
86.42,4,277,1.94,0,0,0
12.77,4,1195,20.87,2,0,0
139.79,4,106,55.15,2,1,0
22.64,5,771,12.25,0,0,0
109.52,5,1047,7.04,0,0,0
53.96,5,970,65.32,3,0,1
12.01,5,876,84.56,0,0,0
38.56,5,401,6.72,2,0,0
81.61,5,196,17.71,2,0,0
107.15,6,1778,130.91,3,0,1
46.75,6,836,41.49,2,0,0
294.41,6,1070,46.89,3,0,0
165.38,6,1021,132.64,2,0,0
41.17,6,664,39.32,3,0,0
124.6,6,1301,14.4,4,0,0
458.14,7,677,0.32,2,0,0
471.79,7,745,31.55,2,0,0
14.14,7,1446,52.32,1,0,0
19.7,7,573,12.72,2,1,0
279.61,7,1259,18.85,1,0,0
17.05,7,1198,0.44,4,0,0
12.75,8,55,45.51,0,1,0
31.98,8,1231,165.68,3,0,0
86.68,8,1442,1.88,0,0,1
48.78,8,486,56.3,2,0,0
26.69,8,1645,4.99,2,1,0
26.01,8,35,49.78,2,0,0
24.94,9,323,21.83,2,0,0
20.75,9,1702,148.12,1,0,0
671.69,9,1539,49.83,2,0,1
75.74,9,1359,141.44,1,0,0
144.81,9,1087,49.87,2,0,0
31.88,9,361,63.91,1,1,0
44.5,10,880,1.6,3,1,0
24.91,10,1018,89.75,1,1,0
2.95,10,161,160.71,3,0,0
11.99,10,1070,103.51,2,0,0
7.45,10,160,12.09,0,0,1
4.6,10,226,60.49,4,0,0
14.66,11,306,139.79,4,0,0
234.5,11,344,58.39,2,0,0
51.99,11,147,40.28,3,0,0
225.79,11,1722,59.04,1,0,0
85.81,11,1444,6.54,3,0,0
129.13,11,914,28.01,1,0,0
20.27,12,663,67.56,2,1,0
97.16,12,344,35.37,2,0,0
121.7,12,1708,28.48,2,0,0
28.95,12,1435,37.89,2,0,0
101.04,12,1353,24.32,0,0,0
101.78,12,847,94.46,6,0,0
29.83,13,49,0.75,4,0,0
15.88,13,1149,28.13,1,0,0
14.84,13,877,7.33,1,0,0
60.05,13,535,18.25,4,0,0
78.23,13,567,6.81,2,0,1
22.83,13,104,57.25,2,0,0
56.22,14,1569,24.0,3,0,0
102.27,14,296,95.21,2,0,0
107.77,14,1463,107.37,0,0,0
300.99,14,1751,72.04,0,0,0
222.44,14,82,69.57,5,0,0
18.15,14,1122,38.38,2,0,0
347.91,15,120,28.46,3,1,0
30.45,15,1495,62.67,0,0,0
172.32,15,912,12.91,2,0,0
58.84,15,38,45.19,2,0,1
34.7,15,1390,2.06,1,0,0
7.47,15,1377,39.86,3,0,0
45.21,16,1664,12.22,1,0,0
9.82,16,872,51.72,1,0,0
158.23,16,1679,49.69,5,0,0
289.59,16,1197,37.19,2,0,0
22.72,16,946,27.27,3,0,0
76.11,16,644,9.84,2,0,0
24.58,17,527,36.67,3,0,0
27.35,17,1117,0.78,4,0,0
127.99,17,1331,20.27,3,1,0
52.33,17,64,24.22,3,0,0
370.04,17,741,4.22,1,0,0
32.12,17,82,13.78,4,0,0
163.9,18,713,72.31,2,0,0
60.77,18,1437,96.63,2,0,0
131.02,18,1243,23.46,2,0,0
33.39,18,224,172.68,0,0,0
51.7,18,1290,14.77,2,1,0
48.08,18,25,45.03,0,1,1
21.77,19,22,5.53,2,0,0
113.1,19,1642,165.66,0,0,0
111.64,19,58,32.39,0,0,0
104.89,19,477,25.3,2,0,0
296.09,19,237,35.26,1,1,0
268.88,19,1048,112.36,4,0,0
36.15,20,940,84.17,2,0,0
82.3,20,1510,16.92,0,0,1
27.5,20,1776,12.11,6,0,0
56.02,20,1342,2.26,6,0,0
28.23,20,840,84.43,0,0,0
324.43,20,83,9.99,1,0,0
81.46,21,1660,13.58,0,0,0
42.96,21,1009,16.34,2,0,0
202.95,21,391,4.78,0,0,1
5.01,21,975,18.75,5,0,0
5.96,21,705,58.11,3,0,0
131.03,21,630,41.34,4,0,0
58.35,22,815,25.24,3,0,0
71.92,22,1356,41.21,2,0,0
12.69,22,294,68.25,1,0,0
53.22,22,1735,4.9,3,0,0
494.65,22,112,21.85,0,0,0
135.18,22,264,20.7,0,0,0
65.8,23,1217,44.36,2,0,0
33.68,23,261,1.85,0,0,0
35.37,23,1399,66.43,0,0,0
5.25,23,1322,13.42,3,0,0
72.49,23,773,12.81,2,0,0
138.38,23,817,17.56,1,0,0
9.65,0,1799,23.42,3,0,0
26.38,0,1431,81.23,2,0,0
15.28,0,1137,5.82,2,0,0
18.88,0,253,6.68,3,0,1
57.91,0,1061,96.93,4,0,0
5.51,0,71,99.28,2,0,1
107.31,1,453,69.16,0,1,0
125.12,1,1256,4.7,1,0,0
41.42,1,733,20.02,1,0,0
3.57,1,1790,11.12,2,0,0
18.25,1,1690,1.59,2,0,0
211.92,1,170,17.74,1,0,0
2.57,2,1590,204.7,4,0,0
37.25,2,1555,32.91,4,0,0
14.91,2,191,16.84,0,0,0
132.29,2,693,6.32,5,0,0
25.98,2,1707,0.7,1,0,0
85.14,2,30,7.33,0,0,0
101.7,3,105,4.42,2,1,1
411.52,3,918,42.33,2,0,0
43.67,3,1715,11.86,2,0,0
82.57,3,501,47.91,2,1,0
10.66,3,1391,117.37,0,1,0
202.24,3,1248,29.36,2,0,0
23.65,4,262,10.75,3,0,1
29.46,4,518,13.5,2,0,0
53.28,4,1123,51.19,2,1,0
9.78,4,867,2.68,5,0,1
70.22,4,427,5.48,1,0,1
158.26,4,361,34.92,0,0,0
75.36,5,1002,42.02,3,0,0
9.51,5,1490,82.09,3,0,1
47.65,5,743,78.0,1,0,1
123.5,5,1665,6.16,4,0,0
6.92,5,1200,19.59,2,0,0
16.74,5,726,1.97,0,0,0
143.19,6,1272,8.97,0,0,0
73.49,6,807,23.63,6,0,0
85.9,6,1362,23.3,0,1,0
422.19,6,1768,16.27,1,1,0
91.41,6,1418,24.45,0,1,0
112.58,6,255,25.32,4,0,0
1076.88,7,128,23.48,5,0,0
43.16,7,1455,97.64,5,0,0
22.7,7,1525,9.23,0,1,0
87.41,7,1021,24.56,2,0,0
88.49,7,440,28.0,0,0,0
30.59,7,1585,30.24,2,0,0
17.54,8,807,2.75,2,0,1
692.86,8,526,114.25,1,0,0
78.22,8,659,79.1,3,0,0
24.4,8,533,21.0,3,0,0
149.53,8,508,10.83,2,0,0
48.42,8,586,38.37,4,0,0
41.34,9,1213,72.45,2,0,0
101.34,9,29,161.49,4,0,0
13.18,9,653,1.72,0,0,0
80.47,9,305,5.96,1,0,0
447.76,9,1166,75.81,2,0,0
91.18,9,1790,69.27,0,0,1
36.1,10,1418,4.55,2,1,0
31.26,10,448,135.73,1,0,1
34.77,10,923,169.65,2,0,0
41.29,10,35,95.02,2,0,0
36.03,10,743,33.22,2,0,1
149.6,10,501,31.2,3,0,0
8.11,11,903,2.14,0,0,0
140.92,11,735,88.42,0,0,1
35.96,11,1228,75.37,1,0,0
82.65,11,986,15.52,3,0,0
15.8,11,1690,105.83,2,0,0
235.45,11,123,9.94,2,0,0
214.91,12,1700,8.65,3,0,0
156.89,12,1422,64.64,4,0,0
10.32,12,1283,45.99,3,0,1
135.92,12,1485,17.46,2,0,0
85.23,12,90,86.97,0,1,1
9.34,12,383,69.18,3,0,0
53.16,13,1,11.06,1,0,0
81.53,13,1437,71.59,1,0,1
100.65,13,638,39.42,4,1,0
66.35,13,650,23.13,5,0,1
75.22,13,1099,64.91,3,1,0
276.16,13,761,0.79,3,1,1
210.32,14,1147,8.37,1,0,1
2.33,14,1685,31.67,3,0,0
38.51,14,597,32.22,0,0,0
45.55,14,1605,32.65,1,0,0
7.95,14,958,16.81,3,1,1
60.56,14,675,27.78,1,0,0
215.65,15,1654,89.76,0,0,0
16.52,15,878,11.14,2,0,0
79.05,15,229,17.17,3,0,0
19.94,15,515,19.64,2,0,0
26.07,15,1521,41.05,4,0,0
277.31,15,927,17.63,1,0,0
30.06,16,1008,3.7,1,0,0
90.78,16,1227,6.12,1,0,1
6.97,16,350,14.95,2,0,0
423.5,16,166,20.97,1,0,0
105.94,16,792,177.9,2,0,1
44.67,16,1655,191.68,2,0,1
102.83,17,228,105.03,2,1,0
11.58,17,1293,94.01,3,0,0
200.49,17,1762,28.48,1,0,0
38.23,17,174,11.79,6,0,0
43.62,17,239,61.05,4,0,0
31.79,17,1564,121.11,1,1,0
28.83,18,195,36.6,2,0,0
117.23,18,1338,34.94,2,0,0
72.35,18,1435,15.12,1,0,0
111.82,18,563,22.0,1,0,0
54.07,18,524,43.65,3,0,0
96.02,18,938,6.99,2,0,0
34.44,19,911,97.52,2,0,0
634.42,19,1548,7.18,5,0,0
9.73,19,1066,74.06,2,0,0
218.55,19,1742,5.85,2,0,0
245.84,19,431,19.77,2,0,0
21.38,19,505,99.25,1,0,0
634.1,20,433,129.98,1,0,0
163.21,20,1171,106.18,1,0,0
158.9,20,60,14.33,3,1,0
56.31,20,1548,28.7,0,0,0
42.99,20,1389,73.33,4,0,0
43.36,20,1778,171.67,1,0,0
83.9,21,1725,4.29,1,0,0
255.01,21,127,0.32,3,0,0
66.65,21,1345,38.85,2,0,0
20.03,21,906,3.1,3,0,0
135.22,21,1323,58.32,1,0,1
150.4,21,1572,78.07,1,1,0
112.18,22,1049,28.66,2,0,1
123.97,22,5,22.77,2,0,0
40.53,22,1556,128.79,0,0,0
19.65,22,787,72.25,3,0,0
21.01,22,825,21.47,3,0,1
9.03,22,1051,59.75,0,0,0
70.86,23,1640,85.71,2,0,0
49.81,23,947,25.66,2,0,1
33.65,23,373,42.31,2,0,0
2.11,23,1318,83.97,0,1,0
13.85,23,1139,59.57,0,0,0
187.34,23,117,14.5,2,0,0
26.28,0,958,15.65,3,0,0
81.18,0,1413,57.2,2,1,0
11.83,0,1591,31.73,2,0,0
265.76,0,509,70.49,4,1,0
46.6,0,940,53.46,2,0,0
75.12,0,1483,63.72,3,0,0
705.11,1,1050,41.89,0,0,0
289.48,1,755,85.99,3,0,0
38.97,1,331,36.52,3,0,1
28.43,1,77,2.44,1,0,0
38.16,1,1242,19.62,2,0,0
95.67,1,1735,102.55,4,0,0
48.63,2,1081,8.71,0,0,0
35.35,2,1404,70.58,1,1,0
274.21,2,1218,25.43,4,0,1
48.15,2,626,10.38,1,0,0
685.09,2,941,6.98,1,0,1
60.33,2,486,83.2,1,0,0
389.11,3,401,79.86,2,1,0
80.89,3,1060,33.53,1,0,0
157.47,3,1162,38.69,0,0,0
24.6,3,1777,47.19,3,0,0
21.35,3,425,71.29,0,0,1
90.53,3,522,25.13,3,0,0
161.97,4,299,49.91,2,0,0
57.07,4,1706,6.0,3,0,0
13.26,4,1406,32.42,2,0,0
12.23,4,594,15.44,2,0,0
11.36,4,1744,11.67,1,0,0
7.81,4,1267,59.19,2,0,0
61.59,5,857,13.08,3,0,0
188.21,5,687,29.31,2,1,0
53.8,5,1024,62.54,1,0,0
4.54,5,153,20.36,2,0,0
44.26,5,309,10.01,0,1,0
45.65,5,1685,4.64,2,0,0
547.63,6,371,81.0,3,0,0
10.99,6,295,59.85,4,0,1
35.53,6,1547,36.43,2,0,0
356.54,6,1700,4.36,5,0,0
89.57,6,1472,8.44,2,0,1
101.46,6,185,4.36,0,0,0
61.93,7,1510,2.1,2,0,0
78.49,7,480,72.25,4,0,0
128.43,7,19,9.88,3,0,0
22.41,7,1657,4.8,1,0,0
143.43,7,481,78.38,1,0,0
12.06,7,1185,13.98,3,0,0
78.35,8,132,103.79,3,0,0
66.46,8,341,53.11,1,0,0
27.72,8,1585,14.93,1,0,0
53.25,8,1065,1.97,0,0,0
27.53,8,1797,9.83,4,0,0
16.8,8,324,17.32,4,0,0
37.0,9,1603,11.8,2,0,0
16.21,9,1573,4.37,2,0,0
77.87,9,1663,14.21,1,0,0
15.41,9,89,12.62,2,0,0
119.48,9,188,14.03,3,1,0
14.89,9,953,39.34,4,0,0
29.29,10,208,111.51,1,0,0
27.47,10,114,22.49,2,1,0
234.55,10,1460,3.41,3,0,0
78.52,10,1251,64.79,2,0,1
43.25,10,1519,38.51,2,1,0
94.5,10,1684,7.64,3,0,0
5.38,11,256,42.48,2,0,0
52.07,11,1495,48.67,2,0,1
491.4,11,78,6.02,2,0,0
63.15,11,669,16.23,1,0,0
58.83,11,535,27.68,4,1,1
99.78,11,426,18.59,3,0,0
146.23,12,1293,4.92,2,0,0
6.07,12,217,85.5,2,0,0
8.58,12,1456,7.0,0,0,1
68.81,12,1572,3.44,1,0,0
24.87,12,1198,33.05,4,0,1
231.19,12,145,139.66,1,0,0
38.6,13,1073,54.76,1,0,0
6.5,13,1131,23.36,3,0,0
13.53,13,671,23.21,1,0,0
2.65,13,661,39.2,2,0,0
42.2,13,844,79.74,2,0,0
44.38,13,1792,129.85,2,0,0
34.23,14,6,5.2,0,0,0
178.89,14,915,7.07,2,0,0
204.05,14,570,23.98,3,0,0
45.27,14,987,33.79,1,1,0
5.22,14,7,58.59,3,0,1
107.66,14,1652,27.57,2,0,0
100.57,15,822,42.87,3,0,1
76.73,15,1745,81.25,3,0,0
160.71,15,277,72.64,2,1,0
15.16,15,1050,60.91,1,0,1
497.52,15,1223,3.53,2,0,0
19.0,15,1433,79.61,7,0,0
124.48,16,16,23.88,3,1,0
8.53,16,1142,3.6,4,1,1
19.62,16,266,6.39,2,0,0
289.46,16,769,15.61,3,0,0
40.98,16,96,18.3,3,0,0
137.54,16,103,37.56,2,0,1
70.86,17,1379,206.97,1,0,0
48.64,17,1291,10.29,1,0,0
244.75,17,1611,52.62,1,0,0
42.08,17,1260,56.95,0,0,0
7.7,17,1072,92.56,1,0,0
22.57,17,210,19.96,2,1,0
100.11,18,1377,41.01,2,0,0
84.36,18,414,10.44,2,0,0
9.74,18,191,15.24,0,0,0
24.61,18,1317,11.39,2,0,0
28.79,18,1058,53.59,1,0,0
36.52,18,269,93.85,3,1,0
12.02,19,988,33.45,5,0,0
27.35,19,1243,7.34,2,0,0
24.5,19,897,61.49,0,0,0
127.57,19,1292,58.97,4,1,0
132.96,19,908,4.11,2,0,0
46.51,19,636,111.2,3,0,0
35.47,20,402,23.83,2,0,1
63.68,20,464,1.33,1,0,0
22.24,20,1456,59.85,1,0,0
15.46,20,671,8.3,2,1,0
19.41,20,1289,113.2,0,0,0
27.16,20,646,7.63,2,0,0
15.18,21,945,35.32,1,0,0
65.25,21,1092,62.56,1,0,1
121.84,21,859,3.07,2,0,0
9.53,21,1338,110.6,1,0,1
56.13,21,1663,72.0,2,0,0
42.87,21,1551,2.53,1,0,0
79.49,22,1658,117.29,3,1,0
53.83,22,53,13.16,2,0,0
11.03,22,1366,73.6,1,1,0
13.62,22,1307,107.07,1,0,0
56.39,22,742,36.55,3,0,0
169.3,22,565,2.43,1,0,1
4.78,23,95,88.84,1,0,0
79.86,23,1509,164.22,5,0,1
202.06,23,1512,21.87,1,0,0
46.14,23,136,18.83,1,0,1
100.01,23,1047,7.97,2,0,0
25.19,23,992,63.45,1,0,0
47.88,0,310,37.43,2,0,0
9.18,0,987,5.34,7,0,1
4.14,0,1461,11.46,1,0,0
154.01,0,587,14.51,1,0,0
18.48,0,1306,0.12,2,0,1
33.08,0,1746,31.39,2,0,0
11.88,1,818,4.17,2,0,0
11.58,1,192,42.6,3,0,0
45.1,1,535,16.4,1,0,0
24.47,1,245,10.63,1,0,0
82.75,1,634,26.04,4,1,0
89.82,1,1159,2.38,1,0,0
77.71,2,364,9.87,2,0,0
70.98,2,925,5.82,2,0,0
309.68,2,1796,83.29,1,0,0
16.87,2,476,75.51,4,0,0
51.4,2,1583,17.08,2,1,1
189.8,2,547,2.72,3,1,0
219.42,3,1105,51.59,1,0,0
11.43,3,282,24.07,1,1,0
38.72,3,482,14.49,0,0,0
243.21,3,1561,8.11,3,0,0
95.48,3,1061,12.46,0,0,0
67.68,3,1025,111.61,2,0,1
42.97,4,919,38.71,1,0,0
35.8,4,440,29.22,8,1,0
74.97,4,1672,33.7,4,0,0
41.36,4,708,3.15,1,0,0
52.1,4,20,77.39,2,0,0
59.53,4,1632,22.08,1,0,0
25.9,5,83,64.88,2,0,0
98.04,5,1596,19.03,1,1,1
1347.05,5,478,25.81,2,0,0
7.73,5,124,26.05,2,0,0
77.98,5,396,1.05,1,1,0
23.66,5,1177,16.2,1,0,0
103.04,6,982,3.17,3,0,0
57.47,6,275,143.47,4,0,0
126.22,6,540,23.44,1,0,0
198.95,6,379,57.25,1,0,0
67.47,6,1175,49.61,1,1,0
189.66,6,1555,28.53,3,0,0
4.14,7,459,63.5,1,0,0
314.03,7,1611,69.24,1,0,0
82.48,7,734,40.18,1,0,0
178.69,7,148,5.98,1,0,0
14.27,7,580,20.71,3,0,0
21.89,7,1573,13.56,0,0,1
64.11,8,1455,132.6,3,0,1
53.58,8,1311,5.73,2,0,0
74.54,8,717,41.11,3,0,0
180.0,8,1396,67.65,2,0,0
7.83,8,1278,14.57,1,0,0
159.37,8,1425,1.38,2,0,0
55.1,9,1003,14.41,3,0,0
43.63,9,913,21.79,2,0,1
10.82,9,1740,9.4,2,0,0
94.95,9,1704,23.04,3,0,0
3.84,9,965,45.38,0,0,0
111.41,9,360,64.74,3,1,0
10.58,10,736,2.03,1,0,0
57.9,10,908,44.16,1,0,0
47.89,10,1218,28.18,2,0,0
197.65,10,573,35.52,5,0,0
44.86,10,81,17.93,1,0,1
25.44,10,1480,132.89,1,0,0
31.27,11,1708,3.0,4,0,0
221.44,11,148,10.69,1,0,0
98.49,11,573,16.0,2,0,0
35.72,11,780,31.65,4,0,0
42.09,11,1368,128.43,4,0,0
9.74,11,1392,9.47,2,0,0
83.71,12,617,24.68,1,0,0
7.88,12,562,53.09,1,0,0
124.83,12,729,3.47,3,0,0
62.9,12,432,29.46,6,0,0
754.19,12,785,72.54,1,0,0
16.28,12,472,66.89,2,1,0
48.77,13,108,22.4,2,0,0
394.7,13,1284,75.14,1,0,0
202.46,13,1416,6.96,1,0,0
25.39,13,516,0.59,3,0,0
69.85,13,721,19.13,1,0,0
54.72,13,724,3.82,3,0,0
74.45,14,39,22.88,3,0,0
25.32,14,982,13.59,2,0,0
49.49,14,825,132.55,4,0,0
9.41,14,1693,6.82,2,0,1
63.35,14,669,20.06,3,0,0
89.57,14,1429,45.05,2,0,0
42.51,15,703,17.11,1,0,0
9.24,15,333,90.69,4,0,0
161.97,15,627,95.01,3,1,0
81.53,15,1589,23.51,3,0,0
24.57,15,461,6.21,1,0,0
40.1,15,1520,98.95,0,0,0
10.48,16,1197,21.61,2,0,0
17.67,16,1341,40.67,3,0,0
30.22,16,1354,10.55,1,0,0
210.87,16,930,117.42,3,0,0
27.02,16,1083,32.89,3,0,0
110.41,16,125,259.48,1,0,0
30.2,17,1258,4.8,2,1,0
71.72,17,1280,16.98,1,0,0
46.73,17,186,68.45,1,0,0
142.65,17,933,4.23,3,0,0
30.32,17,916,0.94,2,0,0
9.68,17,557,40.64,2,0,1
11.94,18,119,3.86,3,1,0
30.41,18,17,64.8,1,1,0
13.82,18,375,99.42,2,0,1
85.73,18,415,29.51,3,0,0
32.71,18,381,5.02,0,0,0
744.02,18,1090,25.39,6,0,0
8.07,19,758,40.6,2,0,0
68.31,19,202,124.14,1,0,1
15.79,19,151,5.91,5,0,0
31.73,19,1179,0.11,2,0,0
63.79,19,1682,7.36,0,0,0
4.23,19,1475,20.87,3,0,0
70.85,20,1363,1.98,1,0,0
442.84,20,572,13.07,3,0,0
33.16,20,1267,15.21,3,0,0
72.66,20,147,5.02,2,1,0
168.58,20,308,20.26,0,0,0
45.59,20,251,13.14,3,0,0
28.82,21,330,8.29,1,0,0
4.47,21,644,21.61,4,0,0
110.51,21,78,48.82,2,0,0
48.21,21,1464,40.46,2,0,1
17.92,21,1287,36.51,8,0,0
62.76,21,1141,109.5,2,1,0
28.73,22,315,3.26,1,0,0
30.53,22,1562,18.93,1,0,0
106.37,22,11,5.21,3,0,0
12.53,22,1789,87.46,0,0,0
172.78,22,1308,65.41,1,0,0
11.73,22,364,81.68,2,0,0
26.34,23,354,23.73,4,0,1
452.71,23,1250,18.6,0,0,0
188.69,23,1454,17.37,2,0,1
60.79,23,839,36.56,0,0,0
19.4,23,108,38.47,7,0,0
30.5,23,888,51.63,0,0,0
59.18,0,862,14.73,1,0,0
56.9,0,586,76.0,2,0,0
49.4,0,1625,85.06,2,0,0
52.78,0,616,10.81,4,0,0
43.13,0,438,29.09,2,0,0
11.18,0,1217,44.75,1,0,0
30.93,1,1112,29.88,4,0,1
149.32,1,1117,188.17,0,0,0
12.12,1,907,78.84,2,0,1
44.32,1,573,15.39,1,0,0
22.16,1,463,12.37,3,0,0
61.71,1,213,10.45,1,0,0
35.61,2,334,11.44,1,0,0
277.31,2,1040,2.65,4,0,1
95.32,2,731,60.73,2,0,0
12.9,2,1330,1.75,4,0,1
114.25,2,1447,8.22,3,0,0
23.29,2,1005,80.86,3,0,0
28.94,3,188,20.32,0,0,0
77.11,3,6,64.84,0,1,1
31.79,3,411,34.68,2,0,0
145.79,3,508,7.79,3,0,0
23.29,3,132,17.34,6,0,0
27.64,3,1401,23.62,2,0,0
26.52,4,660,57.11,2,0,0
29.31,4,1336,8.15,2,0,0
182.93,4,375,106.03,1,0,1
109.04,4,18,12.92,3,0,0
358.15,4,246,45.9,2,0,0
661.43,4,846,37.0,1,1,0
17.57,5,863,85.82,1,0,1
59.0,5,787,13.94,2,0,0
14.97,5,1727,34.05,2,0,0
23.21,5,1174,57.92,1,0,0
27.3,5,1317,32.15,2,0,0
17.07,5,224,40.0,0,0,0
17.17,6,838,32.19,1,0,0
46.59,6,1118,115.0,4,1,1
14.32,6,1052,130.35,0,1,0
137.87,6,1704,12.58,6,0,0
19.9,6,856,27.73,1,0,0
1200.54,6,669,28.94,1,0,0
33.23,7,1699,53.54,2,0,1
59.1,7,607,20.59,2,0,1
13.13,7,1026,33.23,2,0,0
356.63,7,50,16.23,1,0,0
187.06,7,298,40.34,1,0,0
75.69,7,103,27.1,1,0,0
12.41,8,752,39.43,2,0,1
68.84,8,1676,4.34,2,0,0
15.9,8,128,33.77,3,0,1
272.76,8,1755,18.22,1,0,1
132.97,8,1564,85.13,3,0,0
60.64,8,10,7.94,2,0,1
3.74,9,27,72.97,1,0,0
18.51,9,1621,3.66,7,0,0
116.34,9,1053,2.25,5,0,0
207.3,9,313,52.64,3,1,0
184.95,9,1716,8.2,0,0,0
9.48,9,1010,0.06,1,0,0
76.07,10,1143,17.19,2,0,1
166.85,10,1220,25.51,0,1,0
8.81,10,362,10.03,1,0,0
54.13,10,646,29.91,3,0,0
73.79,10,231,28.49,5,0,0
39.22,10,952,56.21,1,0,0
7.12,11,1777,74.06,3,0,0
38.16,11,1129,56.2,0,0,0
38.09,11,1245,51.49,2,0,0
46.39,11,349,43.59,1,0,0
29.38,11,975,30.59,1,0,0
33.54,11,1789,1.27,4,0,1
52.26,12,158,51.29,1,0,0
88.83,12,366,12.24,2,1,0
39.06,12,1295,4.2,2,0,1
34.79,12,18,1.44,5,0,0
60.44,12,371,5.76,4,0,0
6.6,12,1699,7.71,3,0,0
92.27,13,34,2.52,3,0,0
54.56,13,772,53.63,1,0,1
57.03,13,593,30.02,2,0,1
157.09,13,717,6.29,4,0,1
6.37,13,464,28.72,2,1,0
6.23,13,496,0.95,3,0,1
73.79,14,1369,68.69,0,0,0
54.17,14,46,26.94,2,0,0
65.84,14,233,28.3,1,0,0
32.84,14,476,9.13,3,0,0
113.38,14,1487,28.51,2,1,0
152.31,14,707,24.71,0,0,0
92.98,15,62,71.18,1,0,0
40.98,15,936,12.32,4,0,0
5.37,15,1129,82.03,0,1,1
127.25,15,823,124.99,2,0,1
209.33,15,159,23.72,0,0,1
110.94,15,1582,135.61,2,0,0
20.75,16,1544,85.4,1,0,0
114.57,16,1640,30.96,3,0,0
140.69,16,1735,41.49,1,0,0
303.29,16,570,27.07,2,0,0
20.83,16,758,50.57,3,0,0
42.56,16,1727,1.68,1,0,1
124.21,17,809,26.52,2,0,0
58.16,17,1556,1.52,1,0,0
15.97,17,1165,149.23,2,0,0
86.15,17,1669,92.55,1,0,0
103.19,17,18,7.64,2,0,1
60.15,17,1271,9.17,2,0,0
69.52,18,1441,20.68,1,0,0
41.08,18,356,42.81,4,0,0
277.58,18,1323,38.89,1,0,0
20.27,18,351,12.79,2,0,0
28.62,18,1628,18.35,4,1,0
55.26,18,1635,6.08,1,0,0
143.57,19,6,8.37,1,0,0
10.52,19,912,10.31,2,0,0
12.92,19,688,104.02,1,0,0
5.8,19,1602,86.54,3,1,0
56.6,19,576,46.57,1,1,1
15.96,19,1296,45.03,0,0,0
35.77,20,210,19.73,1,0,1
113.01,20,382,2.62,1,0,0
26.96,20,1773,29.72,0,0,0
70.42,20,692,3.46,4,1,0
39.28,20,1378,0.07,2,0,0
114.36,20,1742,9.35,3,0,0
92.08,21,1737,30.06,3,1,0
25.5,21,35,63.23,0,0,0
45.35,21,418,20.81,0,0,0
172.11,21,1286,52.86,2,0,0
84.16,21,1668,3.58,7,0,0
11.74,21,1761,16.79,3,0,0
112.3,22,1296,50.08,3,0,1
16.56,22,187,11.62,4,0,0
258.21,22,1336,67.99,1,0,1
168.43,22,489,1.46,2,0,1
75.1,22,1455,160.88,3,0,0
64.91,22,984,99.27,0,0,0
43.38,23,330,65.81,3,0,0
115.17,23,1518,14.71,2,0,0
36.31,23,1779,1.63,1,1,0
70.75,23,911,10.53,2,0,0
142.47,23,1462,43.69,2,0,0
29.43,23,107,29.23,1,0,0
27.72,0,488,4.36,0,1,0
14.68,0,228,4.16,1,0,0
16.93,0,511,71.22,1,0,0
7.31,0,676,18.38,4,0,0
121.85,0,776,17.67,2,0,0
399.34,0,580,24.3,0,0,0
261.87,1,980,123.67,1,0,0
9.13,1,395,80.74,1,0,1
121.19,1,626,142.93,2,0,0
260.95,1,1512,95.0,0,0,0
33.03,1,1012,26.99,3,0,0
61.04,1,48,32.74,1,0,0
6.0,2,590,35.92,0,0,0
73.22,2,1492,29.66,3,0,0
16.95,2,324,39.37,3,0,1
68.01,2,1659,42.1,3,1,0
9.8,2,532,63.13,2,0,0
99.2,2,1134,25.7,2,0,0
168.5,3,855,53.72,3,0,1
23.07,3,1125,26.86,1,0,0
15.63,3,1435,130.24,3,0,0
5.1,3,268,44.82,3,0,0
40.73,3,633,40.65,3,1,1
28.8,3,1022,22.21,2,0,1
9.91,4,469,6.84,0,0,0
89.87,4,675,4.56,3,1,0
33.28,4,1594,7.41,1,0,0
16.72,4,412,83.63,1,1,0
29.67,4,341,7.43,2,0,0
177.4,4,1049,81.57,1,0,0
105.98,5,179,22.07,2,0,0
47.32,5,2,66.03,1,0,0
107.88,5,1565,35.93,0,1,0
15.23,5,497,38.5,4,0,1
56.58,5,216,55.36,4,0,0
64.2,5,1180,16.33,6,0,0
32.56,6,865,3.06,2,1,0
88.15,6,819,42.17,2,0,0
23.14,6,789,18.74,2,0,0
95.66,6,262,33.72,1,0,0
100.19,6,1545,46.96,4,1,0
2.21,6,2,10.09,2,0,0
202.22,7,869,21.61,1,0,0
1.91,7,486,16.94,2,0,0
27.73,7,1155,3.22,1,0,0
168.66,7,988,23.62,3,0,0
38.51,7,692,46.07,1,0,0
10.88,7,962,0.32,0,0,0
16.39,8,408,20.65,1,1,0
168.95,8,235,16.55,1,0,0
6.6,8,1629,34.49,2,0,0
189.03,8,1104,5.74,3,0,0
51.39,8,1176,10.06,1,1,0
14.71,8,1798,43.8,2,0,0
28.75,9,1627,22.64,3,0,0
17.83,9,1052,29.09,5,0,0
141.58,9,1426,38.16,3,0,0
122.2,9,949,3.86,2,0,0
8.24,9,428,40.57,1,0,0
35.02,9,1120,45.77,0,0,1
21.13,10,1643,25.66,4,1,0
226.53,10,1583,34.32,4,0,0
12.37,10,909,90.8,2,0,0
318.83,10,1702,83.97,1,0,0
52.63,10,355,42.03,3,0,0
15.21,10,73,58.37,3,1,0
25.92,11,725,83.58,0,0,0
22.61,11,368,67.19,2,0,0
13.44,11,1723,45.77,0,0,0
60.6,11,208,57.44,2,0,0
14.14,11,962,48.89,3,0,0
4.96,11,1390,32.56,1,0,0
35.96,12,199,29.14,2,0,0
7.51,12,82,75.13,1,0,0
23.87,12,996,61.4,2,0,0
20.09,12,1624,12.51,1,0,1
20.94,12,29,69.0,3,1,0
493.27,12,36,165.75,2,0,0
58.09,13,1665,31.14,3,0,0
71.52,13,1084,29.54,2,0,1
7.74,13,1262,22.22,1,0,0
26.59,13,496,53.28,1,0,0
69.19,13,562,9.26,1,1,1
17.69,13,847,4.86,3,0,1
148.25,14,385,21.55,1,0,0
14.54,14,795,123.19,3,1,0
39.85,14,1717,35.49,3,0,0
28.66,14,1348,57.88,4,0,0
65.42,14,1564,50.63,5,1,0
26.99,14,893,14.98,1,0,0
40.53,15,1417,46.8,1,0,0
42.11,15,758,8.37,0,0,0
24.34,15,1111,2.66,2,0,0
93.09,15,1314,8.86,1,0,0
70.97,15,1484,38.57,4,1,0
49.53,15,1666,18.98,4,0,0
34.0,16,189,25.64,4,0,0
131.13,16,1429,23.97,6,0,0
42.12,16,1277,23.62,2,1,0
38.96,16,1326,54.69,2,1,1
61.26,16,26,37.62,2,0,0
352.92,16,877,139.28,0,0,1
12.5,17,1729,25.05,0,0,0
127.34,17,1620,39.98,1,0,0
6.8,17,415,68.37,6,0,0
69.34,17,875,1.28,0,1,0
308.77,17,1555,2.53,4,0,0
93.46,17,1674,39.75,1,0,0
65.87,18,596,4.32,4,1,0
29.47,18,1445,15.94,0,0,0
56.49,18,1502,99.83,2,0,0
41.38,18,270,102.47,2,0,0
23.0,18,57,2.88,0,0,0
39.69,18,84,23.58,4,0,0
67.91,19,261,31.39,2,0,0
23.48,19,1333,81.51,0,0,0
22.49,19,701,74.0,3,0,0
12.23,19,1234,27.88,3,0,1
83.91,19,161,25.67,5,0,0
99.47,19,1083,19.28,2,1,0
70.44,20,1341,44.82,2,0,0
157.86,20,1757,20.32,3,0,0
60.14,20,574,4.9,1,0,0
84.03,20,981,25.94,1,0,0
76.27,20,869,15.93,1,0,0
49.37,20,626,98.47,1,0,0
30.45,21,1151,17.73,5,0,1
623.64,21,1016,6.03,3,0,0
33.21,21,1499,128.18,2,0,0
26.25,21,51,94.42,1,0,1
88.01,21,399,17.81,4,1,1
72.03,21,1042,13.4,1,1,1
11.64,22,1032,19.95,3,1,0
187.72,22,1624,61.88,2,0,0
49.22,22,1214,61.38,1,0,0
16.09,22,7,0.53,2,0,0
201.88,22,880,49.4,2,0,0
108.66,22,1521,3.44,1,1,0
13.59,23,1571,21.03,1,1,0
385.64,23,1443,10.11,4,0,0
112.69,23,859,8.22,0,0,0
53.99,23,190,32.59,2,0,0
313.95,23,383,61.34,1,0,0
65.05,23,1524,23.49,0,0,1
52.94,0,613,55.55,3,0,0
26.41,0,1374,30.73,5,0,0
103.55,0,65,36.06,1,0,0
92.23,0,883,13.78,0,0,1
55.49,0,1710,103.26,0,0,0
22.9,0,441,101.24,8,0,0
62.99,1,54,28.52,4,0,0
50.56,1,518,26.03,2,0,0
12.59,1,113,0.57,2,0,0
10.82,1,1102,16.52,2,0,0
101.66,1,345,86.22,1,0,1
3.12,1,443,76.83,1,0,0
68.44,2,1057,21.53,2,0,0
32.27,2,585,2.04,2,0,0
230.23,2,1170,98.63,1,0,0
31.73,2,1675,11.43,0,0,0
112.78,2,1676,8.05,3,0,0
35.28,2,1312,132.73,2,0,0
61.88,3,1743,26.85,3,0,0
122.8,3,1324,66.89,1,0,0
32.82,3,122,68.02,3,0,0
163.4,3,1720,93.03,1,1,0
18.3,3,1020,8.04,2,0,0
75.49,3,10,19.21,4,0,0
150.64,4,1116,2.22,3,0,0
112.85,4,440,39.2,0,1,0
449.48,4,961,146.62,1,1,1
23.58,4,1184,37.16,1,0,0
11.98,4,49,39.29,0,0,0
18.29,4,788,61.36,1,0,0
112.9,5,99,29.5,0,0,0
94.42,5,203,23.08,4,0,0
61.1,5,380,31.84,3,0,0
15.88,5,1406,12.81,1,1,0
126.92,5,743,13.37,3,0,0
14.19,5,84,22.05,0,0,0
195.36,6,1344,25.68,0,0,0
1265.45,6,978,56.37,2,0,0
81.7,6,254,27.58,2,0,0
103.69,6,1012,94.65,4,0,1
31.75,6,447,41.67,2,1,0
7.45,6,1144,68.68,0,0,0
28.13,7,1705,11.28,1,0,0
16.41,7,568,38.33,1,0,0
11.11,7,1341,139.1,3,1,0
363.07,7,42,1.27,0,0,0
73.71,7,732,30.62,1,0,0
82.9,7,1600,21.67,3,0,0
38.86,8,134,2.93,0,0,0
45.14,8,1672,4.05,0,0,1
157.75,8,168,34.56,1,0,0
52.69,8,867,50.21,2,0,0
97.88,8,325,95.21,3,0,0
44.01,8,37,66.09,2,0,0
37.47,9,628,131.21,2,0,0
11.62,9,1045,1.31,2,1,0
6.2,9,1300,140.44,3,0,0
40.95,9,568,38.35,1,0,0
58.1,9,886,36.04,2,0,0
13.27,9,328,17.33,1,1,0
52.57,10,1313,46.78,2,0,0
57.92,10,304,120.67,1,0,0
5.1,10,1549,41.75,3,0,0
19.95,10,322,11.99,1,0,0
85.46,10,1195,42.28,3,0,0
83.58,10,595,29.3,6,1,0
15.35,11,1793,15.31,2,1,0
64.99,11,505,31.94,1,0,0
168.11,11,1707,22.18,4,0,0
128.35,11,1505,12.21,2,0,0
49.17,11,842,1.94,1,0,0
32.63,11,891,6.38,0,0,0
27.32,12,636,78.92,2,1,0
91.34,12,769,22.92,1,0,0
67.67,12,838,13.98,2,0,0
109.11,12,262,31.48,1,0,0
63.12,12,581,45.15,1,0,0
134.38,12,1576,39.86,0,0,0
60.59,13,1762,13.3,3,0,0
129.43,13,98,197.85,1,0,0
142.3,13,1318,13.24,2,0,0
22.53,13,431,14.93,2,0,0
7.47,13,1176,21.43,2,0,0
298.22,13,1118,92.76,5,0,0
72.41,14,1581,33.56,4,1,0
8.28,14,1264,8.34,2,0,0
24.9,14,1482,19.41,1,1,0
127.62,14,1442,9.88,3,0,0
40.14,14,1165,21.7,0,0,0
31.09,14,738,19.51,5,0,0
254.93,15,606,2.61,0,0,1
17.25,15,624,14.62,1,0,0
22.69,15,645,45.3,1,0,0
68.89,15,519,78.26,2,0,0
83.89,15,559,17.86,3,0,0
94.25,15,1022,22.58,0,0,0
148.76,16,486,69.93,3,0,0
67.93,16,627,48.48,1,0,0
93.53,16,1276,106.39,3,1,0
41.05,16,590,22.79,0,0,0
58.5,16,191,5.11,1,1,0
61.45,16,30,6.15,0,0,0
69.17,17,1377,20.27,1,0,0
127.71,17,1706,61.89,0,0,1
100.55,17,1228,67.67,1,0,0
57.32,17,109,13.02,2,0,0
22.42,17,1014,9.54,2,0,0
58.82,17,487,77.54,3,0,0
52.94,18,577,47.62,6,0,0
67.53,18,1658,4.5,1,0,0
618.43,18,1483,22.2,3,0,1
30.69,18,1323,37.67,3,0,1
86.88,18,901,81.55,3,0,0
176.85,18,1040,5.07,1,0,0
60.81,19,1648,79.95,4,0,0
714.53,19,1189,7.57,0,0,0
36.02,19,1042,14.65,1,0,0
77.98,19,174,59.79,2,0,0
22.68,19,1793,147.07,4,0,0
37.09,19,1455,1.91,2,0,1
71.8,20,656,118.67,2,0,0
138.51,20,450,13.27,3,0,0
77.56,20,1742,40.49,3,0,1
218.12,20,1721,19.56,2,0,0
49.18,20,756,37.87,2,0,0
37.89,20,416,43.82,4,0,0
1068.9,21,1436,55.89,2,0,0
84.24,21,1125,0.44,1,0,0
24.74,21,1620,39.58,1,0,0
25.44,21,981,17.82,2,0,0
19.36,21,993,26.29,2,0,1
152.97,21,257,114.9,4,0,0
36.57,22,1085,55.65,2,0,0
62.81,22,653,22.05,3,0,0
50.91,22,369,35.85,2,0,0
122.08,22,1406,73.26,1,0,0
21.51,22,622,93.46,1,0,0
16.72,22,382,17.94,3,1,0
69.88,23,1729,4.06,2,0,0
105.75,23,1733,46.11,1,0,0
78.71,23,890,20.62,1,0,0
22.41,23,531,5.3,1,0,0
115.03,23,291,40.22,3,0,0
24.09,23,1128,7.91,0,0,0
30.76,0,1099,7.04,3,0,0
19.33,0,1113,63.91,0,0,0
228.44,0,1381,31.87,4,0,0
109.59,0,847,28.33,1,0,0
106.22,0,1229,11.3,0,0,0
215.28,0,1179,47.65,1,0,0
1204.61,1,1432,30.59,1,1,0
8.33,1,1338,31.1,3,0,1
24.23,1,64,9.68,1,0,0
27.72,1,1114,136.38,1,0,0
21.42,1,1755,47.58,3,0,0
16.69,1,1007,9.8,1,1,1
39.27,2,953,22.37,5,0,0
14.32,2,1091,87.95,4,0,0
78.93,2,1007,92.74,1,1,0
57.79,2,723,28.05,1,0,0
92.68,2,1789,143.04,2,0,0
95.44,2,127,36.38,2,0,0
105.99,3,1465,21.09,0,0,0
36.21,3,287,9.15,3,0,1
562.99,3,371,25.06,2,0,0
70.66,3,1092,115.05,2,0,0
7.04,3,1148,94.47,2,1,0
18.13,3,1668,92.0,1,0,0
8.05,4,529,9.6,1,0,0
55.65,4,46,45.73,2,0,1
47.75,4,459,84.83,1,0,0
32.61,4,979,98.11,0,0,0
498.71,4,643,30.87,1,0,0
99.87,4,453,43.13,1,0,0
121.35,5,1645,1.34,1,0,0
19.61,5,1011,75.02,2,0,0
18.19,5,1209,61.26,3,0,0
56.85,5,1349,72.06,3,0,0
66.04,5,736,4.75,0,1,0
7.09,5,1323,143.24,0,0,1
44.78,6,1734,13.6,0,0,0
55.45,6,1304,23.2,3,0,0
43.09,6,534,36.84,0,0,0
22.32,6,1402,47.58,4,0,0
30.16,6,425,40.44,2,0,0
44.95,6,130,15.05,2,0,0
60.33,7,799,79.7,2,1,0
106.19,7,917,11.27,0,0,0
179.28,7,845,7.21,1,0,0
39.5,7,471,28.56,3,1,0
33.06,7,491,6.23,1,0,0
88.36,7,1658,138.22,1,0,0
106.9,8,524,48.45,2,1,0
33.86,8,1409,14.66,3,0,1
130.25,8,463,15.89,1,0,0
160.38,8,193,73.53,1,0,0
226.07,8,113,15.23,3,1,0
386.12,8,437,31.25,2,1,0
21.05,9,1514,82.62,2,0,0
55.44,9,819,28.53,1,1,0
55.28,9,1251,29.54,1,0,0
49.01,9,1733,14.87,1,1,0
26.73,9,86,35.89,2,1,0
10.65,9,197,36.17,2,0,0
60.46,10,1656,157.78,5,0,0
23.45,10,1022,60.16,4,0,0
60.01,10,1112,51.38,1,0,0
22.8,10,614,3.2,3,0,1
16.29,10,1488,48.43,1,0,0
70.65,10,1163,9.17,0,0,0
64.46,11,463,40.54,3,0,0
103.26,11,1167,2.3,1,0,0
604.53,11,6,5.23,1,0,0
74.07,11,433,87.93,0,0,0
93.09,11,367,26.47,1,0,0
16.69,11,1414,30.57,3,0,1
13.26,12,1323,79.62,1,0,0
311.41,12,164,68.65,6,0,1
19.77,12,1631,43.07,3,0,0
17.32,12,1472,20.99,1,0,0
52.3,12,782,39.56,1,0,0
49.44,12,381,64.69,4,0,0
20.23,13,756,112.4,0,0,0
39.04,13,1061,53.22,0,0,0
211.1,13,1134,3.52,2,0,1
22.5,13,625,95.96,3,1,0
11.79,13,182,0.2,0,0,0
153.98,13,1097,70.26,7,0,1
93.83,14,1269,31.8,3,0,0
27.59,14,481,53.76,3,0,0
9.58,14,1151,5.98,3,0,0
24.07,14,1024,29.68,1,1,0
51.41,14,902,27.25,2,0,0
196.81,14,14,21.93,1,0,0
17.46,15,553,24.04,1,0,0
49.75,15,674,62.76,3,0,0
114.74,15,1500,54.85,3,0,0
3.98,15,1487,13.77,1,0,0
170.23,15,1572,20.78,1,0,0
14.87,15,833,31.72,3,0,0
78.66,16,588,18.48,2,0,1
71.62,16,898,187.56,2,0,0
180.02,16,1425,12.18,0,0,0
100.08,16,1118,20.56,0,0,0
3.99,16,1082,71.46,2,0,0
23.03,16,781,174.06,0,0,0
63.56,17,1253,22.25,2,0,0
44.06,17,1560,27.32,1,0,0
92.33,17,1202,75.01,0,0,0
130.1,17,725,0.01,3,0,0
106.62,17,1511,8.11,1,1,1
43.13,17,1696,74.52,3,0,1
7.16,18,1433,11.6,0,0,0
33.08,18,1578,30.14,3,0,0
86.32,18,477,159.6,0,0,0
16.45,18,757,8.77,3,0,0
109.33,18,448,14.74,1,0,0
148.3,18,658,139.64,1,1,0
62.77,19,1320,97.88,2,0,0
1.88,19,1217,22.69,2,0,0
13.38,19,5,24.21,3,0,0
434.77,19,1359,7.27,2,0,0
29.93,19,345,58.82,1,0,0
6.16,19,334,2.98,3,0,0
212.46,20,978,124.95,2,0,0
55.41,20,433,21.0,3,0,0
184.09,20,1733,2.97,0,1,0
74.04,20,263,51.39,3,0,0
90.42,20,272,65.45,2,0,0
81.39,20,1369,21.97,3,0,0
117.59,21,515,42.78,0,0,0
668.59,21,1285,32.18,3,0,1
158.87,21,1226,81.39,2,0,0
9.6,21,340,26.64,2,0,1
89.24,21,1043,120.72,2,0,0
191.64,21,966,62.45,3,0,1
204.99,22,170,35.62,1,1,1
34.15,22,1375,12.78,2,0,0
196.65,22,1543,9.71,1,1,0
151.49,22,1704,76.4,2,0,0
924.98,22,158,10.85,1,0,0
23.93,22,321,26.58,2,0,0
31.25,23,1485,14.44,1,0,0
38.99,23,547,22.07,1,0,0
31.84,23,1125,1.02,2,0,0
20.51,23,627,9.67,1,0,0
2.61,23,391,43.67,4,0,0
33.85,23,1124,54.68,4,0,0
81.97,0,369,90.07,1,1,0
31.74,0,245,11.28,1,0,0
458.94,0,954,3.81,2,0,0
55.41,0,348,8.14,1,0,0
225.91,0,346,28.3,2,0,0
72.79,0,1404,8.16,3,0,0
135.51,1,951,25.61,2,1,0
74.23,1,975,65.64,0,0,0
246.08,1,258,78.05,2,0,0
58.06,1,288,42.59,0,0,0
94.23,1,703,30.24,0,0,0
81.69,1,699,27.13,0,0,0
39.76,2,812,34.74,2,0,0
85.24,2,242,25.33,2,0,0
637.67,2,1617,0.63,1,1,0
40.55,2,652,24.87,1,0,0
86.61,2,1469,12.58,4,0,1
217.8,2,720,0.59,5,0,0
191.38,3,849,10.46,2,0,0
55.31,3,201,37.69,1,0,0
3.97,3,1218,0.15,0,0,0
96.39,3,107,3.88,0,0,1
4.75,3,1346,14.84,1,1,0
275.04,3,1586,33.38,2,0,0
65.79,4,650,31.85,2,0,0
163.96,4,1597,28.83,4,1,0
20.24,4,1257,39.65,3,0,0
9.9,4,4,0.59,1,0,0
72.74,4,365,4.33,1,0,0
52.62,4,1154,94.84,1,1,0
31.79,5,1262,12.74,1,0,0
59.93,5,168,54.47,1,0,0
1146.17,5,1232,2.42,3,0,0
136.73,5,1458,20.54,1,0,1
173.2,5,165,24.94,2,0,1
138.15,5,1583,40.21,2,0,0
277.94,6,959,79.02,0,0,0
44.3,6,1109,20.86,0,0,0
5.7,6,91,6.71,1,0,0
44.37,6,1103,25.19,1,0,1
133.34,6,818,2.16,2,1,0
18.79,6,668,64.43,2,0,0
44.97,7,1404,24.38,2,0,1
25.51,7,449,4.2,2,1,0
284.93,7,107,11.51,1,0,0
124.51,7,898,42.78,3,1,0
111.8,7,1338,38.33,1,0,0
108.18,7,240,5.79,2,0,1
52.41,8,1772,2.18,1,0,0
67.85,8,1210,66.82,2,0,0
14.82,8,1681,0.2,3,0,0
4.93,8,846,17.77,2,0,1
64.4,8,221,16.2,1,0,0
77.98,8,319,16.27,3,0,0
206.48,9,901,12.57,2,0,0
307.5,9,1058,37.49,2,0,0
307.05,9,1321,72.5,2,1,1
18.21,9,1431,35.83,6,0,1
37.06,9,1372,22.57,1,0,1
92.61,9,1059,52.69,2,1,0
884.56,10,32,11.8,4,0,0
278.14,10,953,16.76,3,0,0
187.04,10,1474,25.39,3,0,0
35.64,10,1525,78.4,1,0,0
20.67,10,1502,2.25,1,1,0
130.03,10,19,6.69,2,0,1
16.27,11,783,27.7,1,0,1
42.0,11,1110,2.73,3,0,1
48.12,11,445,38.23,1,0,0
314.88,11,737,2.37,2,1,0
36.96,11,175,16.18,2,0,0
3.73,11,348,53.33,1,0,0
95.1,12,10,38.3,1,0,0
25.31,12,1763,43.23,3,0,0
57.22,12,1547,64.01,1,0,0
49.63,12,726,56.79,1,0,0
40.4,12,7,70.85,1,0,0
130.24,12,603,44.61,3,0,0
10.11,13,781,6.45,1,0,0
30.92,13,304,9.56,3,0,0
115.87,13,1191,49.91,1,0,0
27.79,13,1795,93.05,3,0,0
9.3,13,1519,21.59,2,0,1
113.91,13,1540,32.47,4,0,0
187.8,14,1495,72.51,4,0,0
51.96,14,125,49.73,3,0,1
6.32,14,992,61.41,2,0,0
118.7,14,1018,6.96,3,0,0
8.79,14,181,4.96,3,1,0
76.68,14,265,96.77,3,0,0
20.57,15,1017,14.92,2,0,0
15.24,15,1288,9.81,3,0,0
33.58,15,376,2.62,0,0,0
44.63,15,871,3.32,1,0,0
26.88,15,135,35.89,0,0,0
104.33,15,198,137.22,0,0,0
33.43,16,1044,18.23,0,0,0
160.49,16,1002,76.36,2,0,0
74.39,16,1350,74.01,4,1,0
25.35,16,1639,20.14,2,0,0
21.06,16,341,22.33,2,0,0
8.92,16,614,24.19,1,0,0
75.17,17,1540,98.52,4,1,1
36.96,17,91,11.85,1,0,0
4.02,17,1490,3.91,0,1,0
30.29,17,1701,10.52,3,0,0
20.26,17,179,38.63,1,1,0
308.97,17,255,40.38,1,0,0
8.39,18,1231,63.96,1,0,0
11.18,18,855,35.15,1,0,0
185.11,18,1777,0.58,1,0,0
242.85,18,980,125.94,2,0,0
24.06,18,1179,168.92,1,0,0
27.24,18,426,27.78,5,0,0
107.54,19,584,16.43,2,0,1
4.22,19,319,5.02,4,0,0
7.05,19,264,2.03,4,0,0
40.09,19,203,4.67,2,1,0
300.33,19,1606,103.28,4,0,0
33.81,19,125,125.52,3,0,0
61.01,20,929,9.59,4,0,0
190.03,20,914,12.56,1,0,0
554.23,20,100,42.39,0,1,0
28.95,20,1515,28.85,2,0,0
53.6,20,901,159.82,1,0,0
405.15,20,228,31.64,3,0,0
10.23,21,231,15.67,1,0,0
169.07,21,1261,115.4,4,0,1
17.81,21,1115,4.14,2,0,1
61.11,21,742,5.15,2,0,0
41.81,21,729,13.98,2,0,0
19.03,21,63,32.75,4,0,0
18.52,22,57,154.97,1,0,0
74.0,22,964,43.73,1,0,0
163.22,22,654,9.99,1,0,0
47.34,22,453,60.84,3,0,0
58.98,22,682,12.79,1,0,0
102.34,22,1089,24.86,1,0,0
18.75,23,527,80.21,3,0,0
123.18,23,628,0.03,0,0,1
134.46,23,509,63.79,1,0,0
957.18,23,1199,36.6,0,0,0
36.1,23,98,34.89,1,0,0
32.99,23,1653,52.6,3,0,1
127.21,0,998,14.58,1,0,0
134.43,0,440,3.11,0,0,0
30.31,0,1367,1.15,1,0,1
35.04,0,1691,90.62,2,0,0
99.01,0,104,51.62,2,0,0
21.97,0,367,14.86,3,0,0
34.76,1,259,22.47,1,0,0
60.25,1,127,73.37,3,0,1
163.29,1,1329,12.71,1,0,0
28.08,1,346,19.17,3,0,0
7.19,1,690,46.82,3,0,0
6.63,1,1466,17.25,1,0,0
13.66,2,1101,19.51,2,0,0
12.88,2,1219,111.48,2,0,1
46.06,2,175,15.93,0,1,0
14.76,2,1747,24.16,2,0,0
25.2,2,148,35.39,1,0,1
23.3,2,1277,5.86,4,0,0
33.63,3,1151,56.48,5,0,0
233.87,3,742,3.32,5,0,0
113.09,3,1508,40.83,5,0,0
55.58,3,1606,3.31,2,0,1
32.88,3,126,120.1,1,0,0
33.9,3,1724,149.32,2,0,1
78.3,4,434,74.32,1,0,1
103.81,4,1424,12.36,1,0,0
20.12,4,1477,53.0,2,0,1
56.83,4,1001,59.06,3,0,0
5.84,4,1553,26.63,3,0,0
68.92,4,1486,23.79,0,0,0
126.26,5,940,7.41,0,1,0
40.12,5,322,69.47,3,0,0
402.7,5,782,29.16,2,1,0
20.71,5,1620,42.1,3,0,0
69.35,5,364,8.3,2,0,0
52.49,5,1799,2.94,2,0,1
48.89,6,327,0.0,1,1,0
48.15,6,1197,72.42,2,0,0
61.42,6,1153,82.02,2,0,0
138.76,6,352,56.38,3,0,0
248.52,6,850,58.73,1,0,0
54.46,6,259,64.94,4,0,0
133.87,7,656,53.59,5,0,1
25.23,7,1726,38.94,3,1,0
126.79,7,97,69.5,5,0,1
23.61,7,1568,38.67,3,0,0
181.22,7,1219,45.5,3,0,0
621.23,7,1347,1.28,1,0,0
47.74,8,507,6.93,2,1,0
4.89,8,1708,4.62,4,0,0
29.88,8,456,53.32,5,0,0
211.68,8,906,78.82,2,0,0
100.32,8,66,1.76,3,0,0
71.79,8,1597,0.72,1,0,1
165.59,9,1268,121.92,0,0,1
93.03,9,293,100.53,2,0,0
208.41,9,1191,13.9,1,0,1
150.11,9,329,17.37,2,0,0
291.16,9,799,27.49,3,0,0
81.02,9,922,35.92,1,1,0
147.79,10,1676,118.66,0,0,0
38.95,10,598,6.14,4,0,0
28.17,10,23,17.45,2,0,0
356.9,10,778,63.92,1,0,0
69.26,10,1667,76.93,4,0,0
132.34,10,1436,3.41,0,0,0
62.56,11,106,28.95,3,0,0
28.64,11,96,23.01,4,0,0
55.26,11,1362,25.68,2,0,0
264.96,11,1297,28.71,1,0,0
100.56,11,1002,2.23,3,1,1
8.31,11,158,17.25,1,0,1
43.09,12,504,0.78,3,0,0
387.81,12,1525,25.51,2,0,0
43.16,12,251,31.23,3,0,0
7.53,12,363,54.71,4,0,0
438.06,12,813,31.31,3,0,0
115.66,12,1322,77.55,0,0,0
50.55,13,1490,15.88,1,0,0
36.29,13,1065,7.41,1,1,0
179.57,13,886,9.92,2,0,0
30.08,13,694,31.1,1,0,0
193.08,13,78,9.95,4,0,0
99.13,13,481,78.43,1,0,0
71.46,14,386,131.79,1,0,0
64.08,14,103,13.17,3,0,1
45.04,14,1341,138.15,1,0,0
172.47,14,636,30.88,5,0,0
21.08,14,917,10.86,2,1,0
9.17,14,360,9.83,2,0,0
107.33,15,1064,28.64,0,0,0
109.33,15,244,19.93,2,0,0
92.6,15,1219,151.88,6,0,0
85.5,15,1329,34.44,4,0,0
38.37,15,560,26.08,2,0,0
129.83,15,382,15.31,5,0,1
51.93,16,1404,80.2,2,0,0
31.95,16,401,99.74,2,0,0
38.74,16,320,48.14,4,0,0
504.06,16,612,76.61,1,0,0
8.1,16,1739,24.63,1,1,0
94.61,16,832,44.29,2,0,0
8.61,17,472,60.96,1,0,0
48.47,17,924,21.3,1,0,1
33.89,17,627,174.49,5,1,0
5.51,17,1196,27.55,5,0,0
83.76,17,789,11.35,2,0,0
35.94,17,1059,31.91,1,0,0
5.42,18,785,39.04,3,0,0
137.49,18,867,98.21,4,0,0
264.68,18,804,33.45,1,0,0
281.22,18,709,7.07,2,0,0
81.03,18,1734,8.63,0,0,0
57.44,18,478,53.21,3,0,0
235.33,19,1449,16.18,1,0,1
347.45,19,1277,18.59,4,0,0
189.98,19,950,34.94,3,0,0
19.38,19,571,16.99,1,1,0
68.13,19,870,3.5,2,1,0
88.54,19,1529,0.82,3,0,0
7.46,20,327,4.94,4,0,0
91.5,20,1055,46.02,2,1,0
665.34,20,1376,63.68,4,0,0
110.38,20,1141,45.78,0,0,0
276.1,20,259,18.64,0,0,0
66.77,20,915,8.89,3,0,0
50.37,21,329,18.53,2,0,0
83.05,21,1671,23.76,6,1,0
22.26,21,633,15.17,2,0,1
18.91,21,758,82.48,4,0,0
219.85,21,1543,51.94,0,0,0
247.05,21,768,25.31,0,0,0
18.35,22,349,1.86,1,0,0
158.35,22,1607,22.66,2,0,0
49.62,22,1166,93.71,2,0,0
79.34,22,1088,46.05,5,0,0
90.58,22,136,27.46,1,0,0
163.01,22,808,86.1,5,0,0
59.8,23,826,30.14,1,0,0
257.54,23,471,17.02,3,0,0
76.73,23,1016,4.92,4,1,0
108.48,23,441,1.81,1,0,1
21.83,23,847,14.59,2,0,0
586.71,23,1442,11.28,1,1,0
91.54,0,1323,3.55,3,0,0
119.62,0,503,31.51,1,0,0
9.31,0,373,88.58,3,1,0
22.09,0,10,54.57,1,0,0
213.08,0,621,4.48,2,0,1
74.86,0,35,1.72,3,0,1
6.65,1,230,37.83,2,0,0
171.08,1,1761,52.22,6,0,0
30.02,1,1540,61.44,4,0,0
257.87,1,1007,25.45,2,0,0
49.57,1,1394,7.11,1,0,0
68.39,1,880,42.79,3,0,0
199.71,2,1082,37.7,4,0,0
20.34,2,1652,84.17,4,0,1
18.32,2,141,21.97,1,0,1
43.99,2,633,10.11,2,0,0
135.62,2,214,2.63,1,0,0
12.63,2,1430,10.67,2,0,0
8.72,3,1480,55.56,0,0,0
135.11,3,1299,25.56,1,0,0
28.13,3,1096,26.8,1,0,0
35.47,3,858,35.66,1,0,0
7.08,3,42,15.07,4,0,0
25.87,3,1394,33.34,3,0,1
54.15,4,1609,35.38,2,0,0
151.93,4,1738,139.13,5,0,0
23.37,4,615,42.81,1,0,0
338.02,4,361,29.57,1,0,0
25.71,4,1177,28.45,2,0,0
25.75,4,31,8.07,2,0,1
296.22,5,108,41.32,2,0,1
68.9,5,1478,13.37,1,0,0
29.75,5,1722,15.49,3,0,0
46.03,5,726,43.95,2,0,0
241.87,5,914,35.08,0,0,0
273.92,5,979,10.82,3,1,0
22.23,6,249,47.18,3,0,0
52.11,6,400,56.11,1,0,0
60.29,6,537,9.02,0,0,0
18.45,6,1515,10.51,3,0,0
51.35,6,788,44.6,1,1,0
54.92,6,1298,16.53,2,0,0
191.37,7,350,4.52,0,0,0
206.06,7,1716,107.65,1,0,0
38.01,7,1590,12.33,3,0,0
43.15,7,855,99.79,2,0,0
113.38,7,406,22.49,1,0,0
28.68,7,1757,27.78,2,0,0
104.32,8,1454,12.0,0,0,0
49.57,8,919,112.9,4,0,0
18.8,8,481,18.84,5,0,1
19.06,8,1118,9.09,2,0,0
268.21,8,666,4.2,4,0,0
45.97,8,1213,60.7,1,0,0
331.75,9,1498,43.4,0,0,0
31.03,9,881,6.3,4,0,0
75.21,9,86,78.73,2,0,0
758.96,9,1013,19.98,5,0,0
17.06,9,1545,21.51,0,0,0
6.77,9,401,44.71,4,0,0
224.81,10,1726,137.56,1,0,0
21.99,10,652,27.86,1,0,0
53.37,10,1231,49.12,2,0,0
28.66,10,1263,100.46,4,0,1
73.33,10,327,75.96,1,0,0
19.19,10,70,48.23,2,1,0
44.79,11,1707,41.74,2,0,0
89.55,11,1260,65.75,3,0,0
18.01,11,1136,17.56,2,0,0
25.28,11,546,35.74,5,0,0
37.26,11,194,74.55,1,0,0
11.34,11,489,8.62,1,0,0
34.3,12,985,19.57,1,0,0
62.22,12,1248,26.1,3,0,0
35.18,12,574,8.99,1,0,0
40.51,12,386,33.36,4,0,0
53.42,12,449,1.02,1,0,0
26.54,12,1731,187.85,3,0,0
116.77,13,1134,26.22,2,0,0
264.96,13,1783,7.14,2,0,1
32.76,13,11,30.89,1,0,1
93.1,13,824,51.23,4,0,0
41.95,13,823,114.67,1,0,0
81.62,13,722,16.18,2,0,0
305.62,14,704,32.25,2,0,0
95.54,14,142,4.81,2,0,0
7.76,14,57,10.87,4,0,0
89.96,14,1400,13.07,4,0,1
211.91,14,792,0.09,3,0,0
42.79,14,292,30.17,3,0,0
163.24,15,625,7.2,2,0,0
25.56,15,1679,24.39,0,0,0
10.65,15,841,80.78,4,0,1
63.77,15,1783,16.07,1,0,0
7.91,15,290,0.27,0,0,0
41.94,15,220,29.15,2,0,0
224.87,16,1014,60.61,3,1,1
6.68,16,1229,101.88,2,0,0
13.36,16,1766,5.41,1,0,0
17.54,16,838,87.94,0,0,0
50.92,16,360,89.7,2,0,0
36.51,16,974,50.48,0,0,0
254.44,17,552,31.95,3,0,0
155.99,17,323,41.01,3,0,0
94.14,17,159,5.64,2,0,0
64.08,17,1302,122.5,2,1,0
84.15,17,1156,85.86,1,0,0
21.15,17,299,25.94,0,0,0
140.18,18,1005,10.68,2,0,0
16.07,18,1593,233.51,0,0,0
136.85,18,1472,30.12,6,0,0
201.29,18,817,43.29,0,0,0
68.85,18,103,148.53,1,0,0
44.98,18,1142,6.71,1,0,0
84.8,19,929,28.93,3,0,0
2.35,19,1659,46.83,0,0,1
76.13,19,995,21.02,1,0,0
48.2,19,1328,32.69,0,1,0
51.64,19,951,70.44,3,0,0
118.77,19,973,2.55,5,0,0
50.29,20,571,7.53,0,0,0
15.58,20,724,27.66,3,0,0
46.73,20,532,66.47,4,0,0
58.81,20,831,13.14,3,0,0
61.96,20,1712,19.9,3,0,0
65.24,20,615,53.69,0,0,0
171.28,21,833,12.26,3,1,0
16.53,21,1703,87.17,3,0,0
66.24,21,272,52.56,1,0,1
225.64,21,455,30.08,0,1,0
8.1,21,887,26.01,1,0,0
66.53,21,736,19.62,1,0,0
28.68,22,614,21.11,3,0,0
36.31,22,1400,68.97,2,0,0
20.18,22,897,0.84,1,1,0
45.31,22,655,42.52,3,0,0
413.8,22,862,115.98,0,0,0
13.59,22,1595,102.82,1,0,0
15.08,23,1771,32.86,4,0,0
13.04,23,437,6.94,1,0,0
365.1,23,72,10.07,1,0,0
32.83,23,56,27.11,1,0,0
53.08,23,801,11.26,1,0,1
35.06,23,1131,5.82,0,0,0
19.32,0,92,4.39,2,0,1
42.15,0,914,27.0,0,0,0
815.72,0,719,81.04,2,0,0
252.47,0,1679,30.46,0,0,0
21.37,0,1086,38.52,0,0,0
111.31,0,761,1.62,3,0,0
21.87,1,1055,19.63,1,0,0
7.74,1,244,14.56,4,1,0
167.58,1,855,47.9,1,0,0
195.61,1,593,3.62,0,0,1
172.54,1,325,48.0,1,0,1
32.56,1,707,8.43,1,0,1
45.45,2,1150,2.79,3,1,0
124.55,2,1049,23.16,0,0,0
83.99,2,1735,28.03,2,0,0
35.41,2,494,49.15,1,0,0
9.2,2,1259,1.53,4,0,1
61.88,2,990,43.54,0,0,0
178.91,3,1572,23.01,4,0,0
14.62,3,1634,154.14,1,0,1
110.24,3,1273,59.45,0,0,0
78.63,3,762,74.75,1,0,1
124.61,3,960,128.66,5,0,1
142.48,3,1172,57.4,2,0,0
25.43,4,1450,12.51,3,0,0
9.22,4,412,87.71,4,0,0
30.36,4,1571,86.86,4,0,0
145.19,4,1442,31.29,2,0,1
30.08,4,158,3.09,2,0,0
25.45,4,485,11.4,1,0,0
7.36,5,424,7.88,1,0,0
375.37,5,1043,14.17,4,0,0
135.41,5,375,45.1,2,0,0
127.34,5,540,7.19,0,0,0
158.3,5,340,0.39,6,0,0
102.96,5,121,105.39,4,0,0
41.73,6,826,5.93,2,0,0
45.6,6,575,14.48,4,0,0
34.11,6,908,9.87,1,0,0
990.5,6,381,30.13,3,0,0
100.64,6,515,13.42,3,0,0
32.78,6,1606,24.49,1,0,0
91.11,7,1449,3.34,5,0,0
17.96,7,479,32.68,1,1,0
285.7,7,291,8.61,1,0,0
26.39,7,1753,18.0,1,0,0
94.75,7,1225,24.11,2,0,0
176.37,7,886,18.92,1,0,0
83.37,8,1258,29.46,5,0,1
60.58,8,397,73.43,2,0,0
55.25,8,770,14.39,3,0,1
51.31,8,704,35.44,1,0,0
28.95,8,1297,28.98,1,0,0
33.3,8,330,44.23,2,0,1
277.98,9,880,7.0,0,0,1
48.45,9,1500,27.03,0,0,0
23.0,9,353,5.97,2,0,1
30.94,9,215,38.86,4,0,1
183.17,9,1478,6.9,1,1,0
114.8,9,1572,8.89,1,0,0
101.13,10,775,18.3,1,0,0
41.13,10,82,30.12,0,1,0
102.59,10,973,16.36,2,0,0
26.9,10,539,47.85,1,0,0
41.03,10,1057,6.63,1,0,0
158.66,10,251,36.93,3,1,0
142.84,11,1449,53.72,2,0,0
18.54,11,1233,46.32,1,0,0
21.3,11,1161,23.54,1,1,0
61.53,11,922,54.88,0,0,0
364.58,11,396,20.64,3,1,0
6.64,11,1690,3.34,0,0,0
74.16,12,478,16.56,2,0,0
12.02,12,659,21.91,1,0,0
27.17,12,1667,0.57,4,0,0
36.57,12,73,24.37,0,1,0
34.38,12,225,2.52,0,0,0
30.35,12,1370,66.62,2,0,0
55.03,13,662,1.44,1,0,0
30.3,13,1043,21.64,1,0,0
10.93,13,1044,39.24,1,1,0
128.75,13,1489,76.63,1,1,0
124.98,13,1116,16.55,3,0,0
138.03,13,767,22.63,1,0,1
10.03,14,988,10.36,0,0,0
75.85,14,1328,42.56,3,0,0
114.84,14,682,10.58,3,0,0
17.56,14,307,40.29,4,0,0
55.15,14,875,38.06,3,1,0
48.04,14,1799,93.26,1,0,0
414.21,15,201,26.24,1,0,0
453.48,15,312,13.04,2,0,0
8.75,15,1791,13.55,2,1,0
848.37,15,1493,145.93,1,0,0
19.95,15,210,13.9,2,0,0
160.57,15,382,41.66,2,0,1
158.78,16,1243,55.28,4,0,0
18.26,16,1408,87.24,2,0,0
93.93,16,1321,25.14,0,0,0
48.51,16,1550,161.92,1,0,0
100.46,16,912,11.72,1,0,0
70.37,16,1577,22.42,1,0,0
203.56,17,1072,54.62,4,1,0
59.32,17,856,103.25,2,0,1
45.39,17,1145,8.29,1,0,0
182.3,17,771,71.98,2,0,1
103.38,17,1091,15.27,6,1,0
122.12,17,1500,25.74,2,0,0
26.28,18,1724,36.18,2,1,1
17.29,18,1043,119.01,4,0,0
29.24,18,10,116.05,3,0,0
27.58,18,1118,38.43,5,0,0
129.65,18,453,42.09,7,0,0
159.75,18,424,224.69,2,0,0
46.03,19,1586,52.24,1,0,0
263.49,19,803,48.98,3,0,0
246.0,19,1422,29.78,1,0,1
71.36,19,665,11.37,1,0,1
22.11,19,1092,13.85,1,0,0
308.87,19,1197,41.77,1,0,0
51.05,20,1607,24.88,0,0,0
62.73,20,353,42.52,3,0,0
37.58,20,1010,73.72,1,1,1
20.52,20,730,7.3,0,0,0
10.85,20,834,7.42,1,1,0
109.53,20,1527,97.58,2,0,0
23.06,21,244,18.78,1,0,1
1580.48,21,983,73.69,2,0,0
16.53,21,698,32.63,3,0,0
13.69,21,1612,41.02,0,0,1
95.69,21,389,52.77,4,0,0
293.61,21,418,30.74,3,1,0
58.62,22,163,10.73,2,0,0
102.46,22,791,43.75,2,1,0
7.19,22,19,163.41,2,0,0
25.91,22,900,40.04,3,0,1
16.76,22,402,3.45,6,0,0
6.79,22,721,12.86,2,0,0
62.1,23,1089,76.7,0,0,0
4.63,23,1232,63.85,3,0,0
12.75,23,110,9.37,3,0,0
30.24,23,267,53.29,1,0,0
21.88,23,571,13.69,0,1,0
84.44,23,934,78.37,5,0,0
76.41,0,1590,18.39,3,0,0
145.94,0,249,32.65,1,0,0
124.91,0,122,32.65,1,0,0
191.5,0,1132,56.11,3,0,0
54.48,0,1761,77.29,2,0,1
76.23,0,1494,37.06,1,0,0
95.84,1,1017,13.06,4,0,0
63.8,1,35,40.19,1,1,0
35.27,1,1037,117.72,2,0,0
37.88,1,822,182.54,3,0,0
22.21,1,804,42.17,2,0,0
86.81,1,886,1.67,1,0,0
49.23,2,1010,5.72,3,0,0
26.32,2,1296,11.75,1,0,0
26.35,2,345,45.74,3,0,0
14.42,2,134,21.44,1,0,0
160.25,2,92,74.34,3,0,1
59.53,2,730,83.8,0,0,0
21.13,3,914,66.46,2,0,0
132.87,3,1413,6.19,2,1,1
29.47,3,780,32.79,2,0,0
11.62,3,957,57.05,5,0,1
167.9,3,1758,12.59,3,0,0
30.24,3,1349,24.69,3,0,0
34.82,4,1243,13.71,4,0,1
57.13,4,655,3.98,3,0,0
191.88,4,273,31.97,3,0,0
55.81,4,1656,18.06,0,0,0
14.6,4,996,23.41,3,0,1
99.31,4,139,3.18,3,0,1
32.02,5,868,15.64,2,0,0
435.6,5,164,42.83,4,0,0
54.53,5,1766,80.62,2,0,0
4.67,5,951,53.67,2,0,0
80.89,5,1412,44.06,3,0,0
463.62,5,847,14.13,1,0,0
309.05,6,35,5.11,3,0,0
409.14,6,1149,17.98,3,0,0
17.78,6,1175,8.03,1,0,0
148.91,6,412,45.39,5,0,0
24.68,6,1289,114.57,3,1,0
69.88,6,406,63.79,2,0,0
13.46,7,1244,25.8,3,0,0
26.87,7,1348,17.04,0,0,0
25.95,7,247,34.07,2,1,0
146.7,7,525,11.81,1,0,0
131.73,7,293,113.02,5,0,0
74.03,7,1309,136.69,5,0,0
12.36,8,423,40.32,3,0,0
38.75,8,1153,44.06,1,0,0
24.03,8,751,79.46,1,0,0
142.12,8,149,34.4,2,0,0
199.54,8,1588,8.24,3,0,0
174.52,8,1280,64.21,2,0,0
23.79,9,470,15.96,4,0,0
2.68,9,1583,29.88,3,0,0
7.82,9,1275,47.06,2,0,0
260.81,9,1469,2.39,0,0,0
35.11,9,320,71.05,3,0,0
23.91,9,15,159.55,3,0,0
332.6,10,111,9.23,0,0,0
219.57,10,971,49.99,5,0,0
56.09,10,1416,96.3,2,0,1
39.54,10,1644,6.38,1,0,0
47.21,10,1729,1.47,2,0,0
70.1,10,1077,7.76,0,0,0
317.36,11,1136,81.71,3,0,0
86.9,11,522,82.46,6,0,0
121.34,11,2,143.39,3,0,0
197.59,11,350,17.75,5,0,0
15.08,11,100,27.08,1,0,0
125.25,11,1232,24.2,3,0,0
39.49,12,905,12.95,3,0,0
3.43,12,1388,108.8,0,1,0
5.25,12,266,68.52,4,0,1
17.82,12,1642,53.3,2,0,0
97.94,12,1295,28.01,3,0,0
61.88,12,1630,21.11,1,0,0
66.87,13,1167,8.84,0,0,1
466.86,13,610,24.77,1,0,0
13.52,13,1127,201.76,0,0,0
52.98,13,1086,11.94,2,0,0
76.32,13,325,5.5,2,0,0
24.29,13,182,3.14,0,1,0
56.33,14,1170,17.56,1,1,0
9.39,14,170,182.59,4,1,0
257.47,14,180,8.72,1,0,0
25.8,14,128,1.7,2,0,0
510.07,14,1119,60.29,2,0,0
52.68,14,1668,8.5,1,0,0
169.16,15,894,49.08,1,0,0
51.49,15,274,17.13,4,0,0
52.78,15,922,9.91,4,0,0
28.72,15,868,49.19,0,0,0
62.24,15,1068,10.36,4,0,0
77.46,15,779,17.4,2,0,1
23.04,16,957,94.34,0,0,0
47.58,16,584,74.39,3,0,0
27.91,16,1631,0.99,3,0,0
685.14,16,967,1.36,1,0,0
49.47,16,559,8.35,1,0,0
298.79,16,5,108.32,2,0,0
44.03,17,1221,57.83,2,0,0
72.62,17,684,13.51,2,0,0
12.76,17,448,22.79,1,0,0
33.39,17,862,51.05,1,0,0
68.83,17,873,48.89,1,0,0
312.5,17,1445,5.47,1,0,0
69.7,18,976,27.22,3,0,0
250.16,18,1261,21.63,3,0,0
110.48,18,1164,41.05,4,0,1
327.06,18,1529,18.43,0,0,1
51.16,18,11,27.09,3,0,0
756.91,18,677,99.64,3,0,0
32.01,19,1287,24.87,1,0,0
23.5,19,253,63.15,4,0,0
14.42,19,795,54.97,0,0,0
709.19,19,721,2.1,3,0,0
134.48,19,1450,62.41,1,0,0
37.81,19,1733,58.02,2,0,0
215.71,20,191,47.48,1,0,0
116.33,20,385,100.64,1,1,0
474.73,20,1393,83.7,2,0,0
9.95,20,314,63.34,2,0,0
40.78,20,894,66.91,3,1,0
32.83,20,1699,4.21,1,1,0
6.23,21,1755,153.37,4,0,0
175.28,21,1709,26.74,1,0,0
40.55,21,241,168.96,0,0,0
123.17,21,268,214.83,4,0,0
731.98,21,316,1.91,6,0,0
37.02,21,1385,3.01,2,0,0
34.35,22,322,46.46,2,0,0
62.21,22,773,51.22,3,0,0
161.74,22,1473,79.78,1,0,0
29.27,22,885,87.1,0,0,0
27.27,22,1693,45.96,2,1,0
174.67,22,897,14.32,1,0,0
82.81,23,683,2.22,2,1,1
5.76,23,1743,9.02,1,0,0
14.18,23,984,63.62,5,0,0
284.68,23,332,102.45,1,0,0
84.95,23,1142,29.32,0,0,0
23.61,23,1391,13.84,2,0,0
45.27,0,1509,1.52,0,0,0
55.4,0,10,21.42,2,1,1
122.65,0,195,69.6,2,0,0
12.25,0,1131,1.67,4,0,0
21.65,0,1335,42.35,0,0,0
73.72,0,1174,5.55,2,0,0
48.92,1,689,22.38,2,0,0
102.42,1,1356,14.53,0,0,1
14.12,1,1042,8.24,2,0,0
80.87,1,1666,17.0,1,0,0
181.41,1,661,30.78,2,0,0
93.27,1,1356,3.26,2,1,0
63.63,2,258,8.96,1,1,0
49.13,2,1317,11.25,2,0,0
21.79,2,1316,1.47,0,0,0
50.44,2,456,12.23,1,0,1
218.26,2,110,14.34,2,1,1
47.9,2,1787,16.05,4,1,0
20.52,3,137,0.08,4,0,0
31.77,3,843,32.54,2,0,0
68.1,3,2,36.65,2,0,0
36.2,3,751,39.43,2,1,0
93.11,3,1477,15.0,4,0,0
97.04,3,903,32.9,2,0,0
145.17,4,431,29.37,2,0,0
261.36,4,709,6.41,1,0,0
163.28,4,166,17.02,3,0,0
19.54,4,1068,26.3,2,0,0
20.21,4,7,19.97,2,0,0
50.23,4,629,23.79,0,0,0
33.24,5,109,23.28,2,0,0
15.61,5,431,17.68,2,0,0
33.59,5,121,57.46,1,0,0
32.4,5,1670,40.07,1,0,0
26.07,5,1389,2.7,3,0,0
38.58,5,1670,18.94,1,0,1
199.6,6,1229,25.06,3,0,0
67.98,6,893,131.82,3,0,0
827.98,6,313,31.11,0,1,0
65.86,6,1731,25.1,0,0,0
39.68,6,1651,75.14,0,0,0
54.85,6,748,29.1,1,0,0
72.4,7,406,75.38,2,0,0
88.13,7,697,37.72,0,0,0
536.13,7,709,23.75,0,0,0
21.55,7,1650,149.49,2,0,0
140.46,7,120,44.75,0,1,0
68.62,7,1139,43.66,3,1,0
9.7,8,1383,2.7,0,0,0
127.46,8,1372,3.48,2,0,0
220.17,8,347,176.86,2,0,0
21.27,8,742,21.49,3,1,1
54.06,8,615,5.34,3,0,0
8.18,8,732,7.99,1,1,0
13.67,9,156,3.6,2,0,0
172.92,9,149,99.21,3,0,0
32.69,9,43,22.2,1,0,0
16.12,9,1740,5.45,2,0,1
70.27,9,750,12.02,3,0,0
30.73,9,410,17.92,4,1,0
32.53,10,1435,49.58,2,0,0
123.13,10,889,40.73,1,0,0
15.21,10,656,80.07,2,0,1
20.17,10,206,5.24,5,0,0
64.68,10,694,66.3,3,0,0
158.59,10,1164,29.22,2,0,0
213.15,11,1122,14.34,2,0,0
26.27,11,703,10.23,7,0,0
153.1,11,1103,1.69,1,0,0
23.04,11,1381,22.11,4,0,0
407.01,11,1674,10.49,2,0,0
15.69,11,951,21.43,1,0,0
235.41,12,410,1.35,3,1,0
26.52,12,233,38.89,0,0,0
499.98,12,283,9.6,0,0,0
104.63,12,19,7.73,0,1,0
17.86,12,1004,22.21,1,1,0
30.74,12,382,145.6,2,0,0
128.93,13,406,4.05,1,0,0
173.8,13,1303,28.78,1,0,0
50.51,13,575,10.66,2,0,0
57.35,13,1491,0.65,0,0,0
125.74,13,246,21.36,0,0,0
63.12,13,614,16.8,0,0,0
13.16,14,92,19.33,1,0,0
22.33,14,964,244.44,1,1,0
70.71,14,224,12.96,1,0,0
207.89,14,432,5.96,2,0,0
322.98,14,1323,26.64,2,0,0
128.7,14,1584,2.65,0,0,0
74.89,15,981,107.06,2,0,1
124.42,15,1737,83.82,3,0,0
26.22,15,1362,23.23,1,0,0
46.13,15,1355,32.49,3,0,1
22.05,15,1783,18.07,3,0,0
13.82,15,159,26.0,4,0,0
78.8,16,417,35.54,2,0,0
66.96,16,786,64.35,2,0,0
116.33,16,1113,24.63,1,0,0
99.56,16,1782,8.76,2,0,0
71.3,16,178,4.15,1,0,0
100.71,16,412,12.67,3,0,0
52.09,17,536,103.16,3,0,0
85.99,17,1206,54.27,4,0,0
24.56,17,1713,133.38,2,0,0
82.0,17,1689,52.29,2,0,0
113.89,17,1345,132.65,3,0,0
26.14,17,1391,40.5,2,0,0
57.8,18,747,33.09,3,0,0
27.5,18,1095,340.49,1,1,1
30.6,18,307,40.42,5,0,0
15.84,18,912,68.29,2,0,0
219.72,18,526,5.02,3,0,0
176.31,18,1671,29.92,1,0,0
98.61,19,661,10.95,0,0,0
477.91,19,710,15.8,2,0,1
44.34,19,725,23.32,1,0,0
1532.93,19,1622,23.25,1,0,0
42.51,19,1678,59.3,1,0,0
72.29,19,775,78.43,2,0,0
35.25,20,1792,18.83,3,0,1
82.23,20,1361,9.31,3,1,0
136.89,20,1523,84.09,1,0,0
48.17,20,1648,30.99,2,0,0
385.44,20,598,164.48,2,0,1
71.03,20,991,78.14,1,0,0
73.52,21,513,19.22,2,0,0
20.09,21,557,101.25,1,0,1
86.52,21,835,81.64,4,1,0
47.11,21,91,9.72,2,0,0
27.96,21,387,2.97,1,0,0
23.24,21,1456,26.91,0,0,0
1031.68,22,298,75.19,3,0,1
40.86,22,1119,23.74,1,0,0
10.99,22,1378,22.99,2,0,0
25.33,22,473,9.64,2,0,0
51.59,22,824,1.16,2,0,0
99.62,22,1579,13.92,3,0,0
100.51,23,1503,149.76,2,0,0
114.92,23,1656,9.97,1,1,0
26.86,23,1131,13.58,0,1,0
79.4,23,1596,58.75,2,0,0
20.83,23,717,35.92,0,0,0
27.62,23,1082,12.36,3,0,0
19.9,0,1201,57.99,2,0,0
14.77,0,1757,47.14,1,0,0
176.03,0,662,11.38,1,0,0
116.45,0,1574,68.64,3,0,1
159.87,0,916,16.72,2,0,0
57.01,0,187,59.34,2,1,0
128.32,1,1179,7.18,3,1,0
7.87,1,1765,19.31,2,0,0
141.09,1,816,146.82,5,0,0
66.34,1,987,64.33,2,0,0
108.83,1,1669,13.48,2,1,0
82.93,1,1656,12.94,2,0,0
18.43,2,720,59.15,2,0,0
10.51,2,1368,28.45,4,0,0
24.95,2,1135,0.82,1,0,0
101.64,2,1165,13.07,4,0,0
116.64,2,1296,13.08,1,0,1
12.12,2,588,11.54,3,0,0
18.56,3,548,102.2,1,0,0
24.64,3,48,65.33,0,1,0
36.85,3,1541,3.09,3,0,0
12.2,3,498,40.29,1,0,0
11.42,3,1213,97.57,1,0,0
22.11,3,1234,14.08,3,0,1
60.03,4,1266,38.44,3,1,1
14.9,4,1553,212.7,3,0,0
48.07,4,1562,77.7,2,0,0
174.93,4,4,3.28,1,0,0
13.04,4,1512,14.39,1,0,0
43.51,4,374,134.97,1,1,0
168.55,5,1161,70.4,3,0,0
34.46,5,1211,4.2,1,0,0
29.05,5,96,9.51,1,0,0
196.34,5,510,46.25,3,0,1
38.99,5,1638,13.21,0,0,0
184.0,5,255,95.29,4,0,0
87.52,6,417,20.41,1,1,0
37.44,6,147,108.03,4,1,0
92.54,6,300,7.56,2,0,0
77.67,6,1148,78.76,4,0,0
167.83,6,1514,39.64,0,0,0
29.87,6,1070,21.56,1,0,0
57.13,7,512,15.08,2,0,0
51.03,7,1545,91.91,4,0,0
118.46,7,661,99.35,2,0,0
17.68,7,566,43.98,3,0,0
167.11,7,909,49.28,4,0,0
91.19,7,246,80.5,4,0,0
12.82,8,641,32.87,3,0,0
206.25,8,1438,16.55,1,0,0
637.47,8,1094,25.74,1,1,0
164.35,8,1778,6.68,0,0,0
262.35,8,1396,108.71,1,0,0
59.97,8,648,54.16,1,0,0
8.78,9,1380,22.36,1,0,0
7.18,9,1557,41.11,3,1,0
72.28,9,1135,8.28,2,0,0
28.47,9,1372,3.44,0,0,0
19.96,9,906,31.94,0,0,1
50.96,9,1640,29.81,2,0,0
107.46,10,427,3.69,5,0,0
11.04,10,763,5.76,1,0,0
33.32,10,457,11.03,3,0,0
287.4,10,182,71.15,3,0,0
16.73,10,1108,7.89,1,1,0
142.13,10,213,27.13,2,0,0
32.03,11,407,59.26,3,1,1
99.52,11,1373,58.26,2,0,0
182.56,11,433,18.08,1,0,0
123.4,11,1553,18.62,1,0,0
148.42,11,88,4.07,0,0,0
15.38,11,822,374.41,0,0,0
185.87,12,120,34.0,1,0,0
21.37,12,107,69.81,2,0,0
72.64,12,1423,4.92,3,0,1
72.54,12,120,180.26,4,0,0
93.1,12,1606,2.34,1,0,1
79.1,12,1077,6.55,2,0,0
21.58,13,868,15.88,0,0,0
12.37,13,1653,0.69,0,0,0
142.53,13,697,4.85,0,0,0
66.98,13,719,24.53,2,1,1
193.31,13,737,11.49,1,0,0
51.98,13,1171,39.23,2,0,0
11.64,14,1525,68.17,2,0,1
158.02,14,975,3.53,1,0,0
36.33,14,505,17.76,0,1,0
79.54,14,1601,41.65,3,0,0
26.78,14,1078,40.63,2,0,0
333.2,14,1498,69.94,1,0,0
20.82,15,778,3.61,0,0,0
37.67,15,358,60.26,0,0,0
61.45,15,1700,44.67,4,0,0
16.42,15,1219,67.14,1,1,0
78.54,15,554,38.77,1,0,0
321.53,15,1525,21.26,1,0,0
31.83,16,16,7.35,3,0,1
84.32,16,1674,86.48,1,0,0
2.65,16,1041,10.88,1,1,0
52.31,16,1061,28.04,0,0,0
38.69,16,24,23.31,0,0,0
22.19,16,316,108.31,4,0,1
179.4,17,1297,130.88,0,0,0
38.13,17,1004,5.44,2,0,0
44.92,17,229,7.64,4,0,0
36.06,17,1198,47.24,1,1,0
6.63,17,1343,18.38,1,0,0
15.72,17,490,6.83,1,0,0
157.15,18,1240,16.39,2,1,0
5.36,18,1751,13.05,4,1,0
23.5,18,868,45.9,3,0,0
35.17,18,412,49.95,4,0,0
371.66,18,1731,89.01,0,0,0
127.16,18,1640,19.51,1,1,1
29.58,19,822,29.93,3,0,0
229.28,19,765,52.27,1,0,0
24.18,19,1501,38.55,4,0,0
165.67,19,0,15.3,2,0,0
12.25,19,562,70.53,4,1,1
177.79,19,977,30.8,2,0,0
34.93,20,1177,43.14,3,1,0
17.61,20,1130,5.5,3,0,0
43.0,20,666,80.06,3,0,0
74.08,20,1564,1.51,4,0,0
31.68,20,1169,32.93,2,0,0
100.42,20,973,34.2,3,0,0
28.75,21,1689,30.89,0,0,0
108.03,21,169,66.97,0,0,0
88.81,21,1277,55.2,2,0,0
51.06,21,1668,30.74,3,0,0
33.6,21,1191,13.56,5,0,0
64.5,21,1017,5.29,2,0,0
100.01,22,655,3.07,1,0,0
527.41,22,488,29.1,3,0,1
153.45,22,982,3.0,2,0,0
159.75,22,1617,80.48,2,0,0
1631.68,22,831,23.0,1,0,0
96.31,22,217,57.51,3,0,0
93.05,23,870,147.63,3,0,0
118.44,23,175,41.55,4,0,0
18.0,23,1684,19.38,4,0,0
33.51,23,963,12.03,1,0,0
31.29,23,384,51.38,2,0,1
111.32,23,1124,55.17,2,0,0
45.08,0,967,9.75,2,0,1
63.56,0,919,3.66,3,0,0
180.58,0,1065,47.21,0,0,0
141.1,0,1672,14.22,4,0,0
45.7,0,1540,25.52,1,0,0
26.13,0,473,47.16,2,0,0
190.34,1,431,49.87,2,0,0
127.9,1,1782,78.58,0,0,0
9.33,1,1160,151.95,2,0,0
38.69,1,34,41.6,1,0,0
65.5,1,953,15.86,1,0,0
128.6,1,213,184.65,3,0,1
148.58,2,53,7.36,4,0,0
74.61,2,334,0.64,3,0,0
103.94,2,458,41.4,3,0,0
58.59,2,143,28.6,1,0,0
26.02,2,1503,44.67,1,0,0
40.96,2,788,35.79,2,0,0
55.75,3,993,2.05,2,0,0
52.55,3,1557,20.87,4,0,0
6.86,3,1506,86.88,1,0,0
35.26,3,1477,13.41,2,0,0
58.08,3,353,90.6,1,0,0
40.06,3,1340,34.6,0,0,0
41.62,4,1792,17.39,1,0,0
93.39,4,13,23.53,5,0,0
16.66,4,1562,12.59,3,0,0
9.11,4,1558,42.14,2,0,0
37.23,4,1514,17.71,8,0,1
126.54,4,713,76.4,2,0,0
349.43,5,358,6.13,3,0,0
129.07,5,1316,46.86,3,0,0
10.86,5,1121,24.29,2,1,1
42.28,5,1308,22.71,1,1,0
72.41,5,460,61.75,5,0,0
66.38,5,319,6.12,4,0,0
98.81,6,1622,47.17,2,0,0
19.91,6,927,68.1,1,0,0
58.64,6,1532,36.11,0,0,0
86.69,6,1667,9.25,3,0,0
135.4,6,826,40.2,2,1,0
22.5,6,473,57.71,4,0,0
37.35,7,1612,4.34,3,0,0
2.79,7,1287,8.89,1,0,0
27.56,7,1198,44.23,2,0,0
30.67,7,1724,41.06,1,1,0
17.79,7,443,46.5,0,0,0
65.51,7,649,1.59,5,0,0
51.34,8,70,8.72,1,0,0
4.55,8,697,97.38,1,0,0
69.2,8,803,13.93,0,0,0
19.67,8,814,19.35,2,0,0
93.15,8,271,40.07,1,0,0
13.33,8,1456,50.5,1,0,0
56.43,9,880,70.05,0,0,0
39.99,9,790,49.79,1,0,0
76.2,9,1555,38.97,3,0,0
62.63,9,875,19.24,5,0,1
41.24,9,1605,100.18,2,0,0
10.08,9,400,12.54,0,0,0
10.75,10,1531,123.6,1,0,1
28.72,10,1779,18.15,0,0,0
54.1,10,1350,69.71,2,0,0
27.96,10,1606,97.45,5,1,1
108.61,10,1332,9.58,0,0,0
40.16,10,1080,4.17,2,0,0
18.89,11,1374,73.14,4,0,0
40.21,11,1729,31.28,0,0,1
70.0,11,1089,34.85,1,0,1
78.05,11,1236,21.46,4,0,0
431.05,11,142,13.98,1,0,1
26.16,11,1726,9.24,4,0,0
50.36,12,1399,15.86,2,0,0
87.25,12,290,84.86,0,1,0
53.21,12,521,20.16,0,0,0
31.48,12,405,61.32,4,0,0
9.93,12,575,72.67,0,0,0
31.13,12,1593,5.21,1,0,0
16.76,13,835,59.82,1,0,1
8.17,13,755,0.18,2,0,0
22.75,13,1402,13.55,2,1,0
17.26,13,668,18.88,2,0,1
103.77,13,1594,29.05,0,0,1
105.76,13,1357,35.47,5,0,0
20.2,14,462,6.47,0,0,0
41.01,14,1134,1.09,2,0,0
7.07,14,868,12.81,3,0,0
31.7,14,619,19.61,4,0,0
84.68,14,1631,18.96,4,0,0
135.29,14,716,119.35,2,0,0
24.92,15,210,37.57,2,0,0
173.65,15,735,3.47,2,0,0
10.31,15,930,18.51,2,1,0
13.84,15,227,23.43,0,0,0
119.18,15,1336,62.39,3,0,0
343.17,15,413,33.56,0,0,0
93.95,16,166,5.4,2,0,0
52.23,16,967,81.71,5,0,1
4.88,16,289,25.0,1,0,0
5.9,16,1407,27.77,0,0,1
62.95,16,123,102.39,2,0,0
36.82,16,754,2.84,0,0,0
16.18,17,93,19.43,5,0,1
58.68,17,690,8.53,3,0,0
61.97,17,1679,2.26,3,0,0
154.29,17,1170,25.61,0,0,0
63.45,17,963,137.69,1,0,0
210.87,17,283,30.04,2,0,0
55.08,18,563,116.24,2,0,0
48.09,18,685,18.97,0,0,0
176.05,18,1041,43.42,3,1,0
18.61,18,374,17.29,1,0,0
1207.0,18,1799,100.62,1,0,0
82.5,18,1172,59.68,2,0,0
83.01,19,561,39.66,4,0,0
97.28,19,202,46.48,1,0,0
430.46,19,1071,4.7,4,1,0
130.55,19,806,13.23,3,0,1
9.34,19,1213,3.86,4,0,0
255.65,19,1073,21.03,1,0,0
37.53,20,1152,25.55,4,0,0
61.43,20,1500,100.05,3,0,0
13.37,20,945,20.12,2,1,0
97.4,20,1304,19.04,0,0,0
26.67,20,646,5.89,7,0,0
60.96,20,1697,15.52,1,0,0
39.94,21,734,29.13,3,0,0
453.74,21,1223,26.58,0,0,0
483.23,21,1797,28.07,1,0,0
57.46,21,628,6.19,1,0,0
58.58,21,182,12.73,7,0,0
36.21,21,417,75.65,3,0,1
184.31,22,438,15.12,0,0,0
38.02,22,101,1.03,3,0,0
34.35,22,979,86.1,1,0,0
160.2,22,499,13.09,1,0,0
30.2,22,174,34.84,2,0,0
52.38,22,246,29.86,2,0,0
9.59,23,492,89.64,0,0,0
118.46,23,664,183.11,1,0,0
461.72,23,1754,22.11,2,0,0
120.7,23,1264,54.85,3,0,0
272.59,23,1286,41.38,2,0,0
21.53,23,1245,51.59,2,0,0
70.81,0,1445,15.15,2,0,0
19.35,0,572,221.44,0,0,1
42.5,0,178,9.08,3,0,0
127.67,0,915,44.97,1,0,0
61.07,0,2,11.78,2,1,0
11.54,0,390,14.38,3,0,0
12.85,1,1355,42.81,4,1,0
11.95,1,905,1.95,1,0,0
93.75,1,1243,125.07,5,1,1
528.63,1,918,78.83,2,1,1
244.38,1,976,58.4,1,0,0
6.78,1,542,1.83,5,0,0
260.65,2,393,28.03,3,0,0
152.94,2,467,10.72,5,1,1
9.98,2,1436,25.76,2,0,0
39.11,2,1763,15.36,3,0,0
182.19,2,147,79.06,4,0,0
100.03,2,966,79.63,2,0,0
12.94,3,846,47.87,0,0,1
106.89,3,1011,17.71,0,0,0
5.2,3,419,44.7,2,1,0
42.73,3,14,37.05,4,0,0
190.9,3,366,12.7,3,0,0
55.71,3,327,10.58,5,0,0
31.54,4,94,36.81,2,1,0
145.22,4,641,12.37,1,0,0
159.53,4,1231,30.98,0,0,0
230.68,4,1738,129.69,4,0,0
142.85,4,1183,45.48,1,0,0
179.38,4,315,25.58,4,1,0
122.27,5,651,106.15,4,0,0
73.12,5,545,66.38,3,0,0
60.25,5,381,2.55,2,0,0
42.06,5,1782,0.47,0,0,0
14.39,5,1180,140.34,1,1,0
19.09,5,865,24.22,2,0,0
40.04,6,786,67.77,2,0,0
71.21,6,573,3.64,2,0,0
266.37,6,750,10.35,2,0,0
52.14,6,1141,7.3,3,1,1
164.65,6,1670,25.46,2,1,0
178.98,6,893,6.62,5,1,0
42.33,7,332,11.84,2,0,0
105.02,7,1723,63.49,0,0,0
41.77,7,566,121.48,2,0,0
233.77,7,149,24.33,1,0,0
109.88,7,979,21.62,1,0,0
14.74,7,1422,37.19,0,0,0
65.21,8,463,50.24,3,0,0
334.6,8,502,15.09,2,0,0
44.73,8,520,14.65,2,0,0
89.34,8,1452,60.01,0,0,0
99.53,8,1723,24.47,2,0,1
17.46,8,1525,44.44,2,0,0
95.75,9,407,50.91,2,0,0
11.78,9,1528,4.7,1,0,0
27.43,9,557,77.42,2,0,0
178.27,9,1560,107.99,3,0,0
80.84,9,1784,18.97,3,0,0
39.06,9,1292,43.79,2,0,0
89.22,10,1719,51.4,3,0,0
51.11,10,256,59.14,0,0,0
55.36,10,1178,4.61,1,0,0
112.45,10,93,24.32,3,0,0
24.53,10,1174,87.62,4,0,0
57.08,10,613,51.86,2,0,0
38.73,11,1745,1.05,0,0,0
9.54,11,891,0.56,5,0,1
19.84,11,1372,31.57,4,0,0
306.44,11,544,27.8,1,0,0
83.36,11,134,7.01,2,0,0
12.73,11,1335,20.08,0,0,0
10.03,12,399,16.03,4,0,0
48.26,12,1300,21.64,1,0,1
304.08,12,836,9.94,1,0,0
44.46,12,1749,33.57,5,0,0
229.91,12,634,67.39,3,0,0
80.41,12,721,4.42,3,0,0
91.69,13,1332,15.29,2,0,1
12.56,13,1414,102.93,1,0,0
153.13,13,226,22.61,1,0,0
37.77,13,1334,15.44,1,0,0
141.09,13,884,74.4,3,1,0
22.3,13,1779,4.18,0,0,0
66.34,14,1135,27.9,1,0,0
80.42,14,1392,89.81,0,0,0
46.09,14,619,18.63,1,0,1
85.2,14,510,13.72,1,0,1
40.73,14,1413,15.43,3,0,0
26.74,14,27,15.07,1,1,0
319.27,15,1044,12.03,2,1,0
173.1,15,1742,124.81,5,0,0
23.64,15,1784,12.37,1,0,1
102.03,15,1288,26.69,1,0,0
24.12,15,895,58.05,3,0,0
14.83,15,1462,11.79,0,0,0
170.24,16,26,57.1,3,0,0
8.38,16,1427,93.68,2,0,1
151.34,16,341,24.15,0,0,0
41.35,16,1324,44.78,4,0,0
43.26,16,626,45.85,1,0,0
85.69,16,1352,28.19,3,0,1
103.47,17,1085,9.61,1,0,0
22.0,17,1673,150.21,2,0,0
120.24,17,1417,12.37,2,0,0
61.85,17,1645,34.61,1,0,1
13.71,17,272,48.88,3,0,0
45.29,17,682,22.41,2,0,0
249.49,18,787,37.77,2,0,0
345.24,18,55,34.55,2,0,0
120.19,18,40,16.83,4,0,0
14.74,18,69,13.81,1,0,0
93.66,18,1381,4.07,1,0,1
139.2,18,803,66.16,1,0,1
121.3,19,1353,151.66,1,0,0
129.47,19,1502,43.84,1,0,0
81.42,19,65,60.09,0,0,0
50.42,19,1525,39.33,1,0,1
27.96,19,406,25.74,1,0,0
6.77,19,727,27.38,0,0,0
79.33,20,1733,3.41,2,0,0
67.0,20,542,45.35,0,0,0
100.82,20,1691,13.43,3,0,0
12.54,20,911,75.16,1,0,0
111.0,20,24,33.67,2,0,0
523.22,20,1498,12.14,3,0,0
59.52,21,79,12.33,0,1,0
51.02,21,1145,3.4,2,0,0
76.7,21,825,40.11,1,0,0
510.59,21,251,18.38,2,0,0
17.71,21,926,1.8,4,0,1
68.27,21,652,2.39,0,0,0
22.65,22,177,37.02,3,0,1
29.91,22,999,24.05,0,0,0
51.7,22,78,14.08,1,0,0
240.34,22,968,7.63,3,0,1
395.87,22,406,26.36,1,0,0
89.39,22,1495,19.2,3,0,0
36.08,23,1710,14.34,2,0,0
847.26,23,1677,5.54,1,0,0
34.11,23,1687,88.6,1,1,0
29.13,23,180,107.54,2,0,0
7.75,23,917,23.39,2,0,0
253.59,23,403,29.9,5,0,0
158.39,0,174,26.96,2,0,1
780.23,0,705,37.61,0,0,0
11.84,0,772,1.69,1,0,1
271.51,0,533,91.02,6,0,0
58.98,0,205,46.66,2,0,0
132.52,0,734,22.96,2,0,0
8.91,1,279,23.2,2,0,0
274.48,1,73,11.78,2,0,0
129.69,1,812,19.76,6,0,0
52.31,1,118,58.75,0,0,1
111.01,1,1738,29.88,0,0,0
23.52,1,1509,8.66,2,0,0
28.86,2,1666,50.25,4,0,0
32.79,2,184,98.46,1,0,0
7.11,2,836,0.77,0,0,1
140.88,2,1483,1.71,3,0,0
202.5,2,1035,78.19,1,0,0
25.24,2,551,12.19,3,0,0
80.08,3,1496,29.14,0,0,0
40.77,3,556,34.77,1,0,0
78.34,3,1752,21.57,2,0,0
27.38,3,181,36.14,3,0,0
20.66,3,1270,15.37,1,0,0
173.69,3,23,88.32,0,0,0
50.89,4,1645,4.98,3,0,0
504.88,4,639,31.66,2,0,0
57.45,4,36,48.69,2,0,0
19.71,4,1503,30.11,0,0,1
210.53,4,1741,19.99,2,0,0
109.28,4,1655,24.16,0,0,0
121.46,5,874,7.91,6,0,0
202.28,5,110,21.1,2,0,0
26.63,5,409,27.83,1,1,0
47.47,5,55,95.84,3,0,0
45.21,5,79,36.08,2,0,0
13.2,5,285,35.42,2,0,1
40.86,6,1013,5.81,1,0,1
237.46,6,1379,112.22,0,0,0
70.89,6,1052,9.75,2,1,0
12.42,6,368,26.32,0,0,0
9.86,6,1083,8.24,1,1,0
340.79,6,415,26.86,2,0,0
49.43,7,829,29.21,3,0,0
26.79,7,1600,75.72,2,0,0
40.39,7,242,36.37,4,0,0
10.75,7,1574,1.6,3,0,1
261.23,7,487,1.33,5,1,0
35.43,7,1206,161.76,3,0,0
245.71,8,470,10.6,3,0,0
57.79,8,295,11.04,5,0,0
263.09,8,810,84.22,4,0,0
72.41,8,686,9.85,2,1,0
139.57,8,913,1.79,6,0,0
120.42,8,425,59.61,4,0,0
108.38,9,1760,84.69,0,0,0
80.06,9,1209,6.54,3,0,1
42.26,9,1513,18.33,1,0,0
448.98,9,1403,41.77,4,0,0
20.13,9,1303,14.79,1,0,0
54.86,9,255,51.33,2,1,0
55.5,10,1058,22.22,4,0,0
85.0,10,1616,11.91,2,0,0
34.04,10,172,35.9,1,0,0
77.19,10,833,241.45,3,0,0
45.34,10,331,35.71,1,0,0
9.58,10,1431,49.5,0,1,0
55.17,11,1676,2.86,2,0,1
16.27,11,92,11.52,4,0,0
8.1,11,1442,89.45,3,1,0
63.47,11,649,21.31,3,0,0
93.38,11,1735,8.28,4,0,0
97.45,11,26,18.75,1,0,0
101.89,12,344,1.8,1,0,0
6.52,12,1293,16.85,1,0,1
12.22,12,1401,69.32,2,0,0
478.6,12,143,116.4,1,0,0
17.25,12,288,42.18,4,0,0
106.9,12,608,137.54,2,0,1
25.65,13,62,50.62,3,1,0
59.6,13,1407,14.01,3,0,0
27.21,13,1205,2.01,1,0,0
101.26,13,1348,36.75,2,0,1
63.46,13,845,82.57,2,0,0
33.34,13,1152,46.46,4,1,0
17.2,14,1031,18.25,4,0,0
73.3,14,1249,43.42,6,0,0
14.38,14,811,19.88,3,0,0
87.38,14,1172,23.41,2,0,0
981.55,14,1161,77.27,2,0,0
241.09,14,1154,18.34,1,0,0
120.32,15,1570,17.06,0,0,0
49.69,15,629,51.63,1,0,0
6.47,15,1582,96.1,4,1,0
12.75,15,50,15.02,2,0,0
223.87,15,875,31.22,2,0,0
22.9,15,795,53.43,2,0,0
25.3,16,1562,18.83,3,0,1
45.5,16,81,26.88,0,0,0
16.98,16,390,21.67,2,0,0
14.16,16,843,30.98,2,0,0
51.65,16,1467,112.95,3,0,0
20.48,16,835,14.83,5,0,0
24.16,17,1150,70.35,5,0,0
23.12,17,321,44.56,3,0,0
96.99,17,1697,32.53,3,0,0
42.29,17,1411,115.41,4,1,0
44.86,17,77,67.3,2,0,0
105.28,17,1267,33.28,2,0,0
46.7,18,232,7.45,3,0,0
40.2,18,1007,15.27,3,0,0
91.61,18,1275,51.54,4,0,0
113.87,18,1666,33.11,1,0,0
46.44,18,126,74.59,4,0,0
59.66,18,516,141.18,4,0,0
23.1,19,1242,27.61,2,0,0
21.18,19,471,78.17,4,0,0
127.24,19,1282,3.17,1,0,0
89.07,19,330,17.7,2,0,0
90.09,19,294,67.83,2,0,0
74.36,19,979,5.06,2,0,0
57.44,20,1240,19.86,2,0,1
117.45,20,369,34.14,1,0,0
152.72,20,1573,172.81,1,0,0
148.76,20,1564,86.04,2,0,0
48.87,20,146,24.03,4,1,0
251.06,20,547,26.38,3,0,0
70.2,21,1001,2.2,2,0,0
109.47,21,883,4.32,3,0,0
74.46,21,458,154.29,1,0,1
71.64,21,953,9.12,3,0,0
24.3,21,1733,54.53,3,0,0
118.09,21,553,5.49,3,0,0
1248.66,22,394,8.09,1,1,0
36.15,22,1329,9.14,2,0,1
59.03,22,1027,7.89,3,0,0
33.42,22,1245,8.85,1,0,0
31.92,22,1163,21.6,5,0,0
298.54,22,1369,93.25,2,0,0
26.04,23,1312,14.25,0,0,0
32.41,23,1090,15.43,2,0,0
9.52,23,818,8.91,1,1,0
23.73,23,828,40.27,1,0,0
8.34,23,477,48.11,3,0,0
109.4,23,808,81.84,0,0,0
1187.57,0,1089,77.1,3,0,0
36.48,0,1289,91.98,1,0,0
8.73,0,1391,1.86,0,0,1
146.94,0,678,70.56,0,0,0
24.54,0,1319,1.5,0,1,0
227.99,0,787,4.82,5,0,1
40.04,1,645,39.09,0,0,0
27.25,1,294,8.68,0,0,0
44.89,1,478,13.51,0,0,0
125.66,1,1223,65.63,1,0,1
42.51,1,389,168.5,3,0,0
31.61,1,138,2.99,1,1,0
43.87,2,489,0.33,4,0,0
13.48,2,1782,6.22,4,0,0
84.5,2,269,11.13,2,0,0
7.65,2,258,88.05,4,0,1
33.5,2,725,53.25,2,0,0
125.88,2,689,9.17,0,1,1
76.2,3,1656,18.58,2,0,0
104.52,3,428,331.5,0,0,0
50.83,3,751,74.79,0,0,0
197.69,3,523,12.14,3,0,0
150.98,3,449,16.72,2,0,0
89.19,3,580,3.11,1,0,0
151.46,4,462,56.5,3,0,1
124.64,4,1293,13.49,2,1,0
33.67,4,1422,63.53,3,0,0
12.45,4,318,9.87,1,0,0
86.7,4,892,0.32,3,0,0
99.55,4,474,32.37,3,1,0
181.19,5,1561,22.69,2,0,0
19.49,5,182,64.93,5,0,0
20.14,5,736,16.35,4,0,0
90.55,5,596,33.11,1,0,0
50.49,5,654,40.4,1,0,0
6.86,5,1694,8.89,2,0,1
82.49,6,973,189.38,2,0,0
7.12,6,684,102.36,1,0,0
19.3,6,1454,9.9,2,0,0
241.5,6,1399,10.77,1,0,1
406.41,6,260,81.79,2,0,0
14.34,6,831,17.84,4,1,0
38.0,7,741,4.58,1,0,0
57.22,7,809,57.83,2,0,0
387.36,7,628,51.67,5,0,0
31.75,7,1483,23.81,0,0,1
32.31,7,1792,159.32,4,0,0
299.94,7,48,12.81,0,0,0
36.15,8,1541,49.98,1,0,0
120.83,8,1556,77.44,2,0,1
10.75,8,658,17.05,3,0,0
45.22,8,873,7.42,0,0,0
8.8,8,183,83.72,4,0,0
17.1,8,632,80.38,1,0,1
137.43,9,428,12.73,3,0,0
51.68,9,1632,54.47,2,0,0
38.44,9,192,0.22,1,0,0
23.96,9,611,17.67,0,0,0
42.83,9,865,21.99,2,0,0
76.04,9,1759,63.67,3,0,0
160.97,10,1471,4.22,1,0,0
3.04,10,1685,54.81,1,0,0
21.87,10,558,3.23,2,0,0
65.04,10,482,30.97,0,0,0
48.97,10,1028,8.89,1,0,0
85.09,10,613,4.18,1,0,1
73.28,11,28,30.38,2,0,0
39.04,11,1461,11.79,0,0,0
30.58,11,170,45.64,1,0,0
41.68,11,352,23.0,0,0,0
193.18,11,1697,18.85,1,0,0
24.41,11,1317,11.19,0,0,0
50.95,12,1156,28.06,2,0,0
66.8,12,232,4.78,0,0,1
303.8,12,451,0.01,4,0,0
39.24,12,370,0.33,4,0,1
156.76,12,1154,50.85,1,0,0
211.7,12,900,77.32,3,0,1
50.9,13,648,54.82,3,1,0
43.3,13,1342,8.39,4,0,0
38.02,13,1400,1.96,5,0,0
41.21,13,1330,6.96,3,0,0
139.72,13,190,18.01,3,1,0
70.39,13,1096,47.28,5,0,0
70.73,14,378,94.51,1,0,0
15.84,14,489,89.77,2,0,0
18.84,14,1760,31.81,1,0,0
576.97,14,747,7.31,0,0,0
44.9,14,1417,18.65,1,0,1
23.28,14,443,51.86,2,0,0
263.54,15,1750,5.37,0,0,1
74.44,15,498,51.35,2,0,0
103.13,15,327,60.76,3,0,0
46.91,15,581,60.74,2,0,0
38.45,15,312,19.71,1,0,0
45.31,15,1077,51.29,3,0,0
11.93,16,259,21.72,3,0,0
49.56,16,373,141.13,1,0,0
75.61,16,1263,56.29,4,0,0
418.01,16,76,16.48,4,0,0
60.02,16,792,71.84,1,0,0
4.19,16,1246,61.33,1,0,0
49.24,17,801,25.64,2,0,0
1111.49,17,39,47.16,1,0,0
141.6,17,284,13.79,0,0,0
22.38,17,1747,77.89,0,0,1
104.61,17,1389,43.38,2,0,0
24.14,17,630,9.47,2,0,0
12.31,18,1572,43.18,3,0,0
37.22,18,11,24.46,1,1,0
60.38,18,85,78.4,3,1,0
6.96,18,1592,23.73,2,0,0
15.42,18,1213,23.08,2,0,0
55.22,18,1079,86.27,5,0,0
34.85,19,620,7.07,3,0,0
84.29,19,1471,58.6,2,0,0
14.35,19,1094,103.58,2,0,0
119.76,19,783,25.52,4,0,0
14.85,19,684,48.69,2,0,0
332.62,19,637,4.48,4,0,0
8.27,20,1035,60.84,2,0,1
16.41,20,1179,22.6,3,0,0
86.41,20,1448,117.51,2,0,0
340.58,20,730,54.14,0,0,0
77.21,20,456,42.01,2,1,0
101.41,20,1001,113.7,0,0,1
55.66,21,1050,34.75,1,0,0
17.65,21,500,33.5,2,0,0
31.84,21,131,40.62,2,1,0
14.4,21,598,18.2,2,0,0
13.38,21,127,10.44,3,0,0
84.94,21,147,29.76,4,0,0
15.87,22,1738,21.64,2,0,1
77.6,22,1406,0.43,0,0,0
13.04,22,63,44.1,5,0,0
75.64,22,627,7.26,2,0,0
31.89,22,458,26.24,1,0,0
256.54,22,1754,69.78,4,0,0
77.95,23,787,70.25,1,1,0
212.59,23,467,15.06,0,0,0
23.78,23,1142,11.1,1,0,0
58.08,23,855,21.41,3,0,0
18.56,23,337,55.18,3,0,0
34.64,23,549,10.14,1,0,0
40.92,0,229,14.02,0,0,0
24.57,0,1249,11.15,2,0,0
14.34,0,1747,68.81,2,0,0
11.53,0,1455,3.94,4,0,0
4.16,0,675,7.1,2,0,0
17.08,0,876,37.81,2,0,0
108.88,1,109,69.51,2,0,0
9.41,1,660,93.76,6,0,0
12.12,1,57,7.43,4,0,0
391.5,1,1340,13.53,1,0,1
27.11,1,1636,128.56,3,0,0
77.72,1,344,6.14,1,0,0
110.67,2,1213,201.57,1,0,1
113.16,2,1079,11.44,3,0,1
10.23,2,752,77.16,1,0,0
42.34,2,1320,56.46,0,0,0
9.21,2,1223,92.68,1,0,0
805.09,2,484,18.97,3,0,0
9.45,3,1437,5.03,1,0,0
17.24,3,1180,105.52,2,0,0
17.38,3,562,1.06,0,0,0
10.52,3,1323,4.6,0,1,1
241.74,3,1153,11.81,1,0,1
784.22,3,211,57.34,2,0,0
32.35,4,299,19.74,3,0,0
12.78,4,583,25.51,1,0,0
4.66,4,79,14.19,3,1,0
41.74,4,731,22.28,4,0,0
38.55,4,830,12.47,2,0,0
26.67,4,1396,61.45,1,0,0
69.65,5,308,228.02,2,1,0
84.33,5,1021,27.74,3,0,0
77.9,5,1196,72.34,4,0,0
38.56,5,809,7.62,5,0,0
16.25,5,1633,36.72,1,0,0
113.57,5,573,2.28,2,0,0
55.35,6,734,1.41,3,0,0
145.07,6,7,81.45,5,0,0
130.2,6,739,60.53,4,0,0
11.43,6,36,52.17,2,0,0
11.27,6,1770,48.89,3,0,1
23.78,6,432,28.89,1,0,0
17.08,7,1461,27.72,4,0,0
125.31,7,210,4.91,3,0,0
80.35,7,493,5.39,0,0,1
182.93,7,215,22.88,3,0,0
84.45,7,663,96.59,3,0,0
68.68,7,1084,83.82,2,0,0
204.32,8,755,16.99,4,0,0
91.53,8,1089,83.99,2,0,0
58.85,8,1451,2.53,1,0,0
278.24,8,80,107.52,1,1,0
61.97,8,763,55.96,3,0,0
39.06,8,1069,3.98,3,0,1
21.72,9,942,54.46,1,0,0
118.31,9,262,42.91,0,1,0
212.89,9,371,10.37,3,0,0
51.64,9,679,21.8,2,0,1
230.14,9,1172,42.34,2,0,0
6.25,9,1781,3.52,3,0,0
51.37,10,663,9.19,2,0,1
52.24,10,939,44.78,0,0,0
24.54,10,551,117.04,1,0,1
751.63,10,61,18.53,1,0,0
50.76,10,717,7.84,1,0,0
34.87,10,625,2.78,1,0,0
56.18,11,270,70.63,2,0,0
6.03,11,1207,15.5,2,0,0
23.67,11,465,30.22,3,0,0
161.03,11,404,24.84,2,0,0
27.33,11,700,114.15,1,0,0
21.94,11,1736,16.12,6,0,1
230.55,12,1145,45.35,0,0,0
238.48,12,765,15.75,3,0,1
96.42,12,1477,8.8,1,0,0
33.09,12,37,37.82,4,1,0
41.95,12,606,78.57,2,1,0
22.54,12,973,2.29,5,0,1
18.28,13,879,17.64,1,0,0
17.31,13,1217,8.74,1,0,0
27.66,13,1263,22.66,2,0,0
17.49,13,820,58.47,3,1,0
9.78,13,1673,5.56,4,0,0
69.5,13,1670,46.32,1,0,0
70.67,14,855,6.97,2,0,1
354.56,14,1623,22.65,2,0,0
26.18,14,1153,41.51,4,0,1
75.62,14,250,55.18,4,1,0
77.01,14,215,44.03,2,0,0
41.3,14,143,60.33,1,1,0
123.81,15,381,13.38,3,0,0
128.09,15,562,37.24,1,0,1
78.27,15,124,9.32,5,0,0
41.21,15,1094,29.12,2,0,0
36.84,15,740,1.5,4,0,0
12.13,15,1082,14.7,1,1,0
22.5,16,905,25.65,1,0,1
27.54,16,488,60.74,1,0,0
15.86,16,1106,1.07,2,1,0
88.58,16,1711,28.4,2,0,0
203.63,16,570,4.97,1,0,0
20.11,16,553,22.42,0,1,1
74.57,17,928,116.25,3,0,0
17.5,17,1447,59.21,3,0,0
39.04,17,956,26.32,3,0,0
25.55,17,1497,65.85,0,0,0
105.86,17,133,59.17,0,0,0
25.88,17,177,15.66,4,0,1
166.14,18,731,11.02,2,1,0
41.67,18,418,116.16,3,0,1
26.72,18,41,4.89,2,0,0
13.75,18,387,8.6,1,1,0
72.13,18,487,14.11,3,0,0
146.17,18,1655,53.98,1,1,0
73.75,19,1408,25.19,1,0,0
640.8,19,631,131.62,2,1,0
263.16,19,1724,34.65,3,1,1
38.93,19,1505,146.72,3,0,0
38.48,19,451,57.64,0,0,0
91.53,19,860,32.51,2,0,0
21.72,20,1659,99.98,2,0,0
196.94,20,822,42.4,1,0,0
81.27,20,667,7.38,2,0,0
72.39,20,1626,43.45,3,0,0
116.24,20,1188,44.57,2,0,0
363.26,20,793,7.22,0,0,1
65.89,21,1565,22.08,5,0,1
48.21,21,1340,39.54,0,0,0
287.03,21,626,37.99,2,0,0
158.27,21,763,72.78,0,0,1
38.36,21,85,145.14,1,0,0
54.91,21,183,37.71,3,0,0
67.69,22,1717,39.41,2,0,0
81.29,22,95,75.17,3,0,1
12.28,22,1506,2.28,1,0,1
10.01,22,374,19.09,0,0,1
20.57,22,974,23.78,0,1,0
18.89,22,1300,211.14,1,0,0
26.89,23,1784,178.98,1,0,0
109.75,23,672,3.17,1,0,0
45.34,23,1665,11.52,2,0,0
67.76,23,817,35.29,1,0,0
14.2,23,1560,0.84,4,0,0
32.86,23,183,17.44,2,1,1
104.17,0,482,143.1,1,1,1
105.05,0,1121,41.14,2,1,0
24.61,0,1270,25.41,1,0,0
65.22,0,1446,39.81,2,0,0
613.23,0,644,57.35,2,0,0
53.55,0,1124,40.91,2,0,0
25.47,1,1117,14.99,1,0,0
45.1,1,1772,27.66,4,0,0
60.42,1,210,40.85,2,0,0
46.23,1,29,16.05,4,0,0
52.75,1,1034,1.76,2,0,0
11.16,1,28,49.34,1,0,0
18.94,2,352,14.14,2,0,1
46.33,2,900,4.84,2,1,0
45.52,2,482,4.25,2,0,0
29.29,2,479,68.67,3,0,0
44.94,2,623,50.27,2,0,0
58.39,2,1235,33.03,3,0,0
145.24,3,658,73.14,2,0,0
48.95,3,1427,62.63,2,0,0
84.69,3,286,37.68,0,0,0
30.09,3,184,8.51,2,0,0
102.44,3,299,174.04,0,0,0
82.54,3,1651,82.21,1,0,0
141.51,4,499,49.95,0,0,0
119.68,4,53,8.16,3,0,0
104.34,4,567,15.5,1,0,0
49.0,4,1239,1.42,1,0,0
71.48,4,651,117.97,3,1,0
175.89,4,692,74.65,1,0,0
26.65,5,155,4.16,5,0,0
27.35,5,1201,55.64,1,0,0
66.66,5,396,39.91,0,0,0
86.21,5,175,13.31,1,0,1
22.05,5,1286,37.81,1,0,0
50.29,5,1686,101.4,2,0,0
49.23,6,1098,36.06,2,0,0
4.77,6,1687,6.74,3,1,0
42.88,6,723,81.41,4,0,0
45.92,6,934,27.53,2,1,0
45.77,6,642,29.17,2,0,0
259.18,6,917,130.46,1,0,0
14.33,7,1607,110.35,5,1,0
22.04,7,1142,10.26,2,0,0
3.09,7,48,3.67,2,1,0
32.17,7,1044,31.1,2,0,0
35.33,7,679,11.92,3,1,0
31.16,7,978,218.4,4,0,1
184.65,8,1003,13.03,4,0,0
140.71,8,1060,25.49,5,0,0
59.48,8,1559,4.58,1,0,0
36.32,8,1545,106.19,3,0,0
168.82,8,1748,12.33,1,0,0
53.42,8,1099,24.28,4,1,0
22.2,9,513,31.78,2,0,0
8.27,9,352,21.65,3,1,0
33.6,9,1528,46.02,4,0,0
125.22,9,1645,6.54,5,0,0
667.94,9,67,71.24,2,0,0
58.43,9,388,42.21,1,0,0
23.53,10,1222,15.9,3,0,0
14.83,10,297,10.99,3,0,0
100.2,10,90,39.11,0,0,0
7.84,10,1794,156.79,5,0,0
100.02,10,173,26.38,1,1,0
134.22,10,384,9.08,1,0,0
88.23,11,1780,3.92,0,0,1
42.88,11,180,35.11,3,0,0
101.64,11,1439,10.87,3,0,0
65.89,11,1011,97.65,1,0,0
23.2,11,971,106.32,1,0,1
417.99,11,1488,3.24,3,0,0
37.08,12,38,27.14,2,0,0
128.17,12,109,53.35,2,0,0
3.82,12,351,12.43,2,0,0
222.32,12,882,24.97,1,0,0
274.69,12,1732,34.52,0,1,0
56.42,12,123,136.07,2,1,0
100.95,13,756,21.79,1,0,0
100.92,13,771,7.3,0,0,0
26.92,13,353,0.55,5,0,0
99.67,13,619,58.19,2,0,0
22.43,13,361,3.48,3,0,0
27.95,13,246,39.86,3,0,0
188.6,14,938,83.08,1,0,1
159.51,14,1675,16.49,1,0,0
25.1,14,727,50.42,3,0,0
24.36,14,1142,73.38,2,0,0
26.84,14,1206,42.92,0,1,0
122.23,14,1517,6.29,1,0,0
18.17,15,1484,30.0,6,0,0
80.83,15,1630,115.68,1,0,0
124.16,15,1466,106.15,2,0,0
49.55,15,1674,28.15,3,0,0
165.85,15,1738,86.55,2,0,1
39.07,15,1346,17.85,2,0,0
43.15,16,887,42.81,0,0,0
18.63,16,552,12.74,3,0,0
167.15,16,1028,17.5,0,0,0
23.5,16,1492,14.31,1,0,0
80.22,16,1356,34.42,1,0,0
50.48,16,936,17.77,1,0,0
17.15,17,137,24.19,1,0,0
27.94,17,488,43.82,1,1,1
249.92,17,1038,0.76,1,0,0
68.16,17,694,57.19,1,0,0
17.99,17,821,11.11,1,0,0
76.39,17,542,87.34,3,1,0
46.49,18,136,69.77,0,1,0
2439.26,18,839,4.51,1,0,0
74.71,18,800,9.73,1,0,1
35.92,18,1406,62.17,1,0,0
260.35,18,201,7.68,2,0,0
7.21,18,872,1.59,2,0,1
60.57,19,1536,20.75,3,0,0
489.74,19,482,3.88,5,0,0
48.05,19,569,9.49,0,1,0
8.11,19,157,13.06,2,0,0
35.32,19,1034,50.33,0,1,0
270.42,19,1540,20.56,0,0,0
82.57,20,866,9.59,2,0,0
21.7,20,751,36.41,4,0,0
25.69,20,1348,16.76,4,1,0
29.5,20,795,66.25,1,0,0
81.23,20,717,81.04,1,1,0
237.94,20,1374,9.75,2,0,0
173.76,21,511,3.44,1,0,0
90.16,21,1529,10.86,1,0,0
12.62,21,482,47.65,3,1,0
12.67,21,920,68.75,3,1,0
98.16,21,450,82.09,1,0,0
12.43,21,1138,80.87,2,0,0
42.6,22,781,21.74,2,0,0
76.29,22,430,23.5,1,0,0
15.62,22,1339,75.37,2,0,0
17.7,22,1683,13.77,3,0,0
49.23,22,50,102.93,1,0,0
95.01,22,1022,19.83,1,0,0
175.51,23,1293,8.02,2,0,0
106.46,23,1295,49.08,2,0,1
59.21,23,397,23.0,0,1,0
24.03,23,205,40.95,1,0,1
16.81,23,924,12.86,0,0,0
31.13,23,1146,5.04,3,0,0
85.71,0,521,51.05,1,0,0
79.07,0,664,26.34,1,0,0
5.42,0,957,30.41,2,0,0
23.01,0,810,13.95,1,0,0
205.4,0,870,12.29,0,0,0
59.57,0,1227,63.58,2,0,0
11.49,1,1771,77.17,0,1,0
728.8,1,1433,3.03,5,0,0
52.89,1,14,34.09,2,0,1
83.33,1,628,1.29,6,0,0
84.73,1,17,9.83,4,0,1
36.44,1,1571,44.62,1,0,0
24.52,2,1159,32.46,0,0,0
563.32,2,394,4.24,2,0,0
164.6,2,1510,16.2,2,0,1
134.85,2,1013,9.32,2,0,1
102.92,2,92,43.64,3,0,1
18.11,2,272,113.53,1,1,0
222.58,3,1456,37.7,2,0,0
21.6,3,520,51.21,2,0,1
74.56,3,944,2.1,0,0,1
9.0,3,1611,41.22,3,0,0
5.78,3,520,20.43,2,0,0
77.49,3,20,11.21,0,0,0
22.42,4,150,2.6,3,0,0
6.12,4,1648,5.47,1,0,0
98.96,4,1079,5.04,2,0,0
562.33,4,591,16.79,0,0,0
251.77,4,141,2.17,0,0,0
41.14,4,1252,104.14,1,0,0
55.13,5,71,38.31,1,0,1
144.96,5,165,43.46,4,0,0
187.61,5,1069,6.7,1,0,0
37.42,5,1154,20.76,4,0,0
56.69,5,1025,15.18,4,0,0
76.0,5,1637,10.61,3,0,0
100.41,6,484,20.15,2,0,0
47.16,6,999,78.68,4,0,0
47.84,6,550,72.93,1,0,0
249.09,6,651,189.46,1,0,0
206.54,6,271,2.38,2,0,0
92.31,6,1428,18.1,4,1,0
361.77,7,1266,9.65,2,0,0
35.69,7,1282,37.59,3,0,0
325.47,7,255,18.82,4,0,1
99.16,7,211,76.02,1,0,0
1994.46,7,1407,76.16,0,0,0
14.71,7,1198,33.51,2,0,0
25.58,8,53,7.47,2,0,0
86.55,8,1196,1.76,3,0,1
84.52,8,1764,4.92,4,0,1
466.45,8,1353,76.63,4,0,0
26.17,8,499,38.43,2,0,0
147.73,8,569,17.96,3,0,1
196.12,9,1353,31.84,2,0,0
118.52,9,722,17.87,1,0,1
18.97,9,1326,27.21,5,0,0
256.86,9,1728,11.99,5,0,0
211.08,9,729,18.89,4,0,0
105.59,9,1032,11.6,2,0,0
68.36,10,881,3.12,3,0,0
70.02,10,915,0.12,2,0,0
50.07,10,136,26.22,2,1,0
110.48,10,1776,44.99,2,0,0
56.5,10,973,4.76,5,1,0
21.47,10,413,31.03,2,0,0
17.23,11,1033,124.29,2,0,0
23.87,11,716,16.82,1,0,0
69.71,11,1479,14.18,0,0,0
53.0,11,1367,0.95,1,0,0
69.19,11,687,27.19,0,1,0
94.72,11,1283,15.55,1,0,0
27.38,12,59,2.63,4,0,0
273.75,12,1740,119.95,5,0,0
40.67,12,919,61.67,2,0,1
33.89,12,1177,20.29,2,0,0
92.82,12,1161,35.1,4,1,0
7.24,12,563,95.02,2,0,0
22.88,13,1241,4.1,4,0,0
160.64,13,715,9.18,2,0,0
8.08,13,1225,54.19,2,0,0
186.67,13,161,16.61,0,0,0
287.8,13,262,31.02,3,0,0
36.36,13,1662,27.52,1,0,0
75.26,14,1324,12.86,2,0,0
186.98,14,231,5.88,2,0,0
32.67,14,384,31.31,0,0,0
141.82,14,982,2.48,3,0,0
26.09,14,10,82.49,2,1,0
32.29,14,722,4.68,3,0,0
22.66,15,587,12.51,3,0,0
79.59,15,241,28.77,1,0,1
195.15,15,539,12.07,4,0,0
44.59,15,527,9.65,1,0,0
13.49,15,120,5.23,1,0,0
16.59,15,1140,2.4,2,0,0
84.27,16,490,3.0,2,1,0
415.1,16,56,51.56,2,0,0
84.19,16,39,15.68,0,1,0
35.67,16,1738,37.32,2,0,1
126.82,16,212,104.04,2,0,0
41.95,16,1636,78.95,1,0,1
36.01,17,299,5.79,1,0,0
19.02,17,152,116.68,1,0,0
257.06,17,981,37.81,2,0,0
3.34,17,1563,126.83,2,0,1
131.32,17,128,72.36,2,0,0
32.78,17,591,50.32,2,0,0
34.77,18,1354,163.52,5,1,0
351.27,18,121,75.29,4,0,0
24.89,18,305,8.93,1,0,0
25.84,18,551,112.22,1,0,0
47.3,18,1451,74.87,0,0,0
86.08,18,1455,3.95,0,0,0
33.58,19,1276,5.78,3,0,0
9.67,19,1198,68.78,1,0,0
21.07,19,47,6.29,2,0,0
223.51,19,429,35.47,4,0,1
59.28,19,1659,2.63,3,0,0
89.68,19,1294,0.72,0,0,0
40.95,20,433,54.17,2,0,0
26.43,20,1274,25.61,1,0,0
345.62,20,1303,21.87,3,0,0
44.39,20,1337,7.11,2,0,0
33.53,20,1764,23.85,1,0,0
182.32,20,973,7.63,0,0,0
24.67,21,107,103.91,1,0,0
28.38,21,1474,5.16,1,0,0
55.22,21,26,31.12,1,1,0
54.61,21,1154,40.03,3,1,0
72.64,21,1433,27.7,4,0,0
545.03,21,225,1.8,1,1,0
79.03,22,1435,50.85,0,0,0
3.99,22,1458,1.2,1,1,0
78.17,22,1176,97.51,0,0,0
56.92,22,582,20.69,0,0,0
57.27,22,363,38.13,5,0,1
71.56,22,1269,19.9,2,0,0
52.9,23,282,10.94,2,0,0
51.53,23,1215,55.72,5,0,0
107.16,23,305,19.05,1,0,0
30.08,23,604,25.56,2,0,0
19.25,23,911,96.21,3,0,0
1519.53,23,291,5.77,3,0,0
24.84,0,1430,154.79,5,0,0
60.96,0,1250,24.56,8,0,0
10.54,0,29,10.61,1,0,0
62.06,0,1528,58.86,2,0,0
19.56,0,1290,92.19,2,0,1
33.56,0,1508,8.36,0,0,0
172.36,1,1083,6.09,0,0,0
91.76,1,1127,130.79,5,0,0
102.03,1,690,14.74,2,0,0
7.78,1,409,50.43,2,0,0
411.82,1,423,59.73,1,0,0
14.72,1,569,0.06,0,0,0
293.36,2,523,57.32,0,0,1
167.96,2,1358,6.03,5,0,0
103.03,2,943,28.39,0,0,0
21.32,2,739,21.53,4,0,0
64.51,2,1305,45.66,5,0,0
32.52,2,1318,36.28,4,0,0
56.37,3,1682,162.97,4,1,0
41.48,3,557,29.93,4,0,0
5.8,3,437,80.31,2,0,0
187.53,3,11,16.29,0,0,0
49.94,3,287,29.89,2,0,0
32.03,3,1086,8.87,2,0,0
29.48,4,1456,2.11,1,0,0
80.99,4,1081,15.29,1,0,0
20.43,4,1785,31.43,1,0,0
4.57,4,1129,91.55,2,1,0
85.44,4,1588,21.9,3,1,1
96.64,4,482,2.97,0,0,1
43.83,5,583,2.92,5,0,0
15.45,5,1459,10.41,1,0,1
60.21,5,1189,18.17,0,0,0
10.9,5,877,22.53,1,0,0
17.64,5,1720,0.29,3,0,0
23.91,5,1372,28.35,1,0,0
138.15,6,531,109.37,2,0,0
36.64,6,1099,49.15,5,0,1
33.36,6,712,19.1,0,0,0
468.79,6,748,18.22,2,0,0
80.46,6,1449,14.41,2,0,0
79.27,6,1223,26.65,0,0,1
36.35,7,22,6.06,2,0,0
28.33,7,1034,14.2,3,0,0
4.93,7,1164,109.25,3,0,0
158.48,7,919,31.75,3,0,0
89.4,7,539,2.61,4,0,0
44.83,7,1167,0.41,4,0,1
46.95,8,1705,9.0,2,0,0
122.7,8,154,11.72,2,0,0
9.87,8,1085,3.27,2,0,0
28.53,8,1638,4.76,2,0,0
15.64,8,720,9.71,0,0,0
383.24,8,603,3.63,5,0,1
143.05,9,445,11.73,4,0,0
4.84,9,404,29.15,2,0,0
10.33,9,703,46.78,0,0,1
47.2,9,1389,11.85,1,0,0
32.47,9,327,31.9,3,0,0
12.72,9,416,34.26,2,0,0
463.7,10,1797,9.17,1,0,0
77.0,10,1792,68.03,1,0,0
92.05,10,408,39.01,3,0,0
25.5,10,756,10.31,4,0,0
120.84,10,726,53.98,1,0,0
35.93,10,533,56.91,6,0,0
39.98,11,275,5.21,2,0,0
106.92,11,111,2.12,1,0,1
9.1,11,1104,35.26,2,0,0
316.31,11,75,126.72,0,0,0
66.73,11,1117,54.31,1,1,0
223.42,11,171,72.78,1,0,0
16.73,12,277,92.43,1,0,0
19.78,12,9,2.93,1,0,0
15.21,12,716,19.01,3,0,0
71.9,12,588,16.52,0,0,0
58.71,12,598,33.06,1,0,0
32.76,12,558,19.36,2,0,1
17.9,13,1688,1.54,1,1,1
13.55,13,774,8.3,2,0,0
51.76,13,1456,4.56,2,0,0
32.72,13,419,61.95,0,0,0
25.68,13,869,17.26,2,0,0
299.41,13,112,18.81,3,0,0
49.87,14,465,26.87,1,0,0
220.75,14,128,40.25,2,0,0
30.37,14,37,60.25,2,0,0
71.47,14,327,18.52,2,0,1
51.37,14,286,80.57,3,0,0
8.44,14,569,13.15,0,0,0
262.74,15,1338,18.54,1,0,1
47.06,15,266,14.99,3,0,1
124.1,15,1099,1.19,0,0,0
23.87,15,657,55.76,4,0,0
45.54,15,724,27.95,1,1,0
21.04,15,1659,0.1,1,0,0
212.64,16,836,116.06,1,0,0
76.9,16,470,20.44,3,0,0
81.76,16,428,16.24,1,0,0
243.23,16,303,10.4,2,1,0
194.8,16,1443,41.96,1,1,0
126.71,16,1196,43.04,1,0,0
11.43,17,481,21.77,3,0,0
25.4,17,883,35.07,2,0,1
18.1,17,909,17.9,1,1,0
121.55,17,85,6.76,2,0,0
65.87,17,1635,29.35,0,0,0
11.83,17,1418,54.68,1,0,0
44.36,18,963,27.49,2,0,1
10.55,18,1287,12.62,5,0,0
51.5,18,196,17.82,1,1,1
8.84,18,1759,30.79,1,0,0
97.68,18,1152,203.8,3,0,0
82.74,18,1688,1.58,1,1,0
445.3,19,1555,14.35,3,0,0
138.75,19,1051,12.73,1,0,1
34.29,19,519,27.57,0,0,1
134.27,19,1234,19.74,1,0,0
11.73,19,922,26.73,2,0,0
18.94,19,737,34.37,1,0,0
78.76,20,1280,48.89,1,0,0
5.08,20,1599,70.56,2,0,0
52.41,20,308,133.05,2,0,0
17.77,20,995,19.89,3,0,1
61.03,20,1401,1.84,4,0,0
16.68,20,585,25.34,2,0,0
87.07,21,615,39.58,2,0,0
55.77,21,17,3.03,2,0,0
254.78,21,581,3.0,2,0,0
55.0,21,1055,75.94,2,0,0
23.44,21,1748,8.13,2,0,1
41.61,21,945,25.52,2,0,0
12.45,22,523,4.73,2,0,0
85.35,22,1461,31.93,2,0,0
104.46,22,337,20.41,0,0,0
825.6,22,336,108.72,1,0,0
27.55,22,938,34.52,0,0,0
40.67,22,1467,52.45,3,0,0
28.98,23,382,84.0,1,0,1
68.95,23,27,6.13,1,0,0
83.08,23,1302,20.8,1,0,0
51.48,23,1057,115.18,1,0,0
180.36,23,1234,47.75,2,0,1
27.7,23,714,34.19,1,0,0
161.55,0,213,32.72,0,0,1
98.73,0,596,74.66,4,0,0
53.88,0,845,11.21,1,0,0
38.61,0,779,38.51,2,0,0
787.87,0,1600,62.42,0,0,0
22.23,0,402,16.66,2,0,0
75.77,1,561,74.99,3,0,0
23.92,1,330,136.01,2,0,0
389.23,1,1027,28.04,1,0,0
144.82,1,1449,7.42,1,1,1
25.89,1,1589,35.43,4,1,0
95.95,1,409,15.34,2,0,0
72.49,2,773,37.37,1,0,1
30.93,2,1326,56.3,3,0,0
125.71,2,82,205.55,4,0,0
83.78,2,1280,4.22,0,0,1
69.22,2,241,74.03,3,0,0
52.14,2,60,36.49,2,0,0
87.72,3,203,81.97,1,0,0
70.27,3,1585,41.31,0,0,0
58.27,3,1225,46.55,1,1,0
26.97,3,1420,18.64,6,0,0
351.83,3,1242,59.08,0,0,0
17.19,3,1432,59.87,5,1,0
87.39,4,893,18.26,1,0,0
38.39,4,1456,49.45,2,0,0
378.23,4,101,43.67,1,0,0
20.21,4,1048,44.13,3,0,0
24.32,4,1359,26.7,1,0,0
18.79,4,1788,3.44,3,0,1
77.93,5,646,11.41,2,1,0
12.06,5,322,150.95,2,0,0
32.25,5,1296,27.19,1,1,0
5.12,5,130,119.14,0,0,0
71.13,5,1397,27.88,1,0,0
31.49,5,1267,38.06,1,0,0
10.62,6,1243,19.97,0,1,0
180.22,6,529,32.33,3,0,0
12.96,6,216,94.4,1,0,0
131.19,6,1094,45.64,3,0,0
25.25,6,653,49.08,3,0,1
317.9,6,705,60.28,1,0,0
124.52,7,337,6.86,2,0,1
18.01,7,600,1.12,1,0,0
19.91,7,1497,37.66,1,0,0
106.28,7,1607,86.3,1,0,1
40.91,7,628,12.91,4,0,0
45.32,7,255,172.52,0,0,0
221.29,8,60,15.17,5,0,0
23.96,8,340,3.37,1,0,1
60.37,8,17,8.84,2,0,0
156.04,8,1202,106.85,4,0,0
132.96,8,1156,9.71,1,0,0
45.81,8,1408,1.32,1,0,1
39.73,9,598,9.21,1,0,0
8.06,9,1497,10.85,3,0,0
17.08,9,305,41.33,0,0,0
77.49,9,416,20.52,4,0,0
46.91,9,1648,109.13,3,0,0
59.29,9,1587,89.22,0,0,0
171.26,10,1077,23.69,3,0,0
14.79,10,1097,70.01,2,0,0
42.11,10,1261,80.74,2,0,0
67.19,10,1481,27.15,1,1,1
25.16,10,416,2.27,0,0,1
263.65,10,123,23.71,0,0,0
148.33,11,333,1.5,1,0,1
75.12,11,642,130.67,1,0,0
392.94,11,424,23.86,0,1,0
10.5,11,944,39.2,3,0,1
54.14,11,248,75.72,3,0,0
81.69,11,1038,57.03,3,0,1
19.97,12,1278,0.27,4,0,0
76.0,12,178,34.18,5,0,0
16.16,12,516,19.59,1,0,1
116.7,12,969,148.69,0,0,0
174.8,12,119,57.71,2,0,0
73.67,12,1197,1.72,1,0,0
7.11,13,1356,29.8,2,0,0
18.85,13,650,17.58,1,0,0
101.61,13,16,35.85,0,0,0
55.89,13,901,4.35,1,0,0
2.82,13,1564,19.72,4,0,0
214.24,13,526,21.7,1,1,0
63.45,14,1528,78.8,2,1,1
22.18,14,1566,13.48,7,0,0
163.11,14,505,15.87,2,0,0
25.91,14,1078,52.34,3,0,0
25.6,14,75,110.12,3,0,0
80.98,14,992,22.51,4,0,0
387.28,15,1583,47.67,1,0,1
325.69,15,1699,12.52,2,1,0
81.1,15,359,17.66,3,0,1
90.8,15,1196,76.4,3,1,0
130.41,15,118,28.9,5,0,0
13.7,15,503,11.5,4,1,0
110.89,16,1503,19.73,1,0,0
24.35,16,1155,50.3,3,0,0
77.5,16,705,0.04,1,0,0
42.51,16,1730,20.21,2,0,0
94.76,16,1365,118.54,2,0,0
62.17,16,42,57.68,2,0,0
1.86,17,143,69.65,3,0,0
66.47,17,1127,1.05,4,0,0
110.65,17,1578,31.93,1,1,0
89.17,17,282,87.8,3,0,0
48.77,17,968,48.42,0,0,0
332.41,17,1469,4.37,2,1,1
76.9,18,1552,94.22,4,0,0
88.36,18,1153,37.27,5,0,1
172.25,18,1799,4.79,2,0,0
81.36,18,1686,124.82,3,0,0
20.33,18,1501,271.26,3,1,0
3.74,18,1205,7.43,1,0,0
32.3,19,1773,34.76,2,0,0
126.1,19,30,21.5,2,0,0
37.03,19,161,23.2,0,0,0
131.8,19,918,91.91,1,0,1
64.3,19,1207,30.22,3,1,1
225.17,19,1626,4.27,4,0,0
39.46,20,1221,44.57,1,0,0
91.32,20,418,20.75,3,1,0
95.25,20,1635,42.49,3,0,0
284.79,20,149,18.69,3,0,0
8.35,20,170,122.35,3,0,1
32.98,20,1295,28.22,1,0,0
138.85,21,1734,10.98,2,0,0
299.01,21,904,76.15,0,0,0
71.1,21,242,33.42,2,0,0
39.57,21,85,34.13,1,0,0
125.57,21,1763,63.54,5,0,0
141.96,21,503,16.57,3,0,0
36.76,22,1150,55.9,2,1,0
78.52,22,588,12.08,2,0,0
200.05,22,386,30.94,0,0,0
436.81,22,1202,4.41,2,0,0
123.58,22,1330,6.09,3,0,0
57.31,22,848,56.92,3,0,0
51.45,23,913,60.21,2,0,1
100.8,23,876,72.92,3,0,0
48.07,23,1064,2.03,1,0,0
67.26,23,1451,3.5,2,0,1
17.05,23,1279,37.26,3,0,1
227.41,23,501,49.71,3,0,0
15.58,0,444,1.78,5,0,0
33.94,0,1210,37.53,1,0,0
60.79,0,1161,164.89,1,0,0
487.89,0,661,130.44,4,0,1
34.3,0,1509,24.14,2,0,0
26.24,0,753,24.43,1,0,0
29.79,1,604,26.01,5,0,0
338.59,1,1000,18.79,3,0,0
2.48,1,346,1.53,1,0,0
18.12,1,1252,9.61,2,0,0
1101.49,1,1614,7.3,0,0,0
104.58,1,1701,113.39,2,0,0
16.17,2,804,25.28,2,0,0
52.14,2,484,44.08,0,0,0
58.8,2,862,51.49,2,0,1
138.48,2,186,6.9,1,0,0
413.0,2,1202,56.29,0,1,0
83.71,2,771,6.45,3,0,0
30.15,3,219,23.16,1,0,0
129.77,3,984,10.46,2,0,1
25.33,3,1293,19.77,2,0,0
17.52,3,410,43.54,1,0,0
7.88,3,728,62.48,1,1,0
9.76,3,1602,13.58,0,0,0
20.37,4,1277,3.69,1,0,0
14.95,4,1437,76.81,1,0,0
77.06,4,809,1.24,1,0,1
14.59,4,888,2.53,3,0,0
1.72,4,894,35.88,0,1,0
17.32,4,810,27.15,7,0,0
32.49,5,259,69.19,3,0,0
28.05,5,73,0.24,1,0,1
290.46,5,1498,16.63,0,0,0
27.8,5,966,34.88,2,0,0
143.89,5,958,12.87,1,1,0
53.47,5,1072,2.81,2,0,0
52.12,6,742,68.64,4,0,0
21.78,6,1604,192.38,2,0,0
51.18,6,845,37.96,6,0,0
23.53,6,901,38.13,1,0,0
65.83,6,956,35.19,2,0,0
42.1,6,283,20.39,1,0,0
19.32,7,312,72.8,1,0,0
162.57,7,324,147.26,2,0,0
87.32,7,457,28.76,1,0,0
33.35,7,287,16.79,1,0,0
64.07,7,403,16.17,2,1,0
49.79,7,1689,6.7,5,1,1
21.02,8,649,11.52,3,0,0
59.0,8,1428,10.13,3,0,1
27.57,8,707,54.6,3,0,0
19.31,8,1484,20.8,1,1,0
9.16,8,1355,1.31,2,0,0
36.8,8,1512,8.39,0,0,0
101.87,9,519,22.94,1,0,0
25.43,9,172,13.5,2,1,1
873.74,9,554,0.73,1,0,0
144.64,9,1263,65.98,2,0,1
229.24,9,1177,3.61,3,0,0
130.94,9,1267,97.43,1,0,1
419.12,10,1788,33.35,1,0,0
22.97,10,404,7.64,3,0,0
3.26,10,799,188.92,2,0,0
33.42,10,883,44.03,1,0,0
100.89,10,268,95.29,1,0,1
64.5,10,1192,102.96,1,0,0
73.92,11,88,10.66,3,0,0
233.46,11,1615,18.06,2,0,1
83.12,11,159,27.96,3,0,0
131.47,11,198,66.06,2,0,0
19.42,11,312,17.34,0,0,0
16.36,11,1605,46.71,4,0,0
322.31,12,1550,14.25,1,0,1
61.01,12,1660,2.08,1,1,0
27.51,12,1499,1.82,2,0,0
27.56,12,1662,17.89,2,0,0
26.73,12,848,21.97,5,0,0
25.03,12,8,43.68,3,0,1
13.31,13,788,47.72,2,0,0
10.48,13,397,5.69,3,0,0
44.06,13,440,21.03,0,0,1
28.44,13,1244,17.29,4,0,0
184.54,13,300,1.98,3,0,0
75.37,13,579,5.4,2,0,0
73.1,14,706,138.62,3,0,0
24.11,14,109,2.79,4,1,0
47.79,14,1262,79.52,0,0,0
81.22,14,1373,90.81,3,1,0
120.04,14,1005,269.99,3,0,1
49.24,14,51,1.65,2,0,0
178.94,15,1416,13.55,4,0,0
55.08,15,802,11.46,2,0,0
130.6,15,479,56.88,1,0,0
31.85,15,1705,49.41,1,0,0
7.43,15,1546,33.45,0,0,0
73.35,15,792,31.26,2,0,0
121.25,16,797,10.53,2,1,0
102.81,16,1641,100.64,0,0,0
86.87,16,344,48.36,2,0,0
37.21,16,736,2.68,5,0,0
22.48,16,1026,6.65,1,0,0
100.17,16,624,21.32,5,1,0
87.28,17,568,155.11,3,0,0
29.46,17,193,159.31,2,0,0
185.0,17,480,9.39,0,0,0
20.67,17,644,140.27,0,0,0
28.74,17,1507,11.26,1,0,0
330.32,17,606,23.61,1,0,0
141.95,18,290,75.45,3,0,1
36.83,18,1523,28.59,4,1,1
74.9,18,633,13.73,0,0,0
64.73,18,1655,188.32,3,0,0
2.66,18,196,28.08,2,0,0
20.14,18,39,78.77,2,0,0
51.63,19,1659,26.86,4,0,0
36.88,19,176,27.39,4,0,0
71.65,19,15,17.78,2,0,0
189.13,19,1157,25.75,2,0,1
38.33,19,571,2.12,2,0,0
17.06,19,872,5.77,1,0,0
78.05,20,735,22.23,0,1,0
38.12,20,534,31.71,0,0,0
45.99,20,866,16.25,2,0,0
39.61,20,467,82.25,3,1,0
642.92,20,404,177.69,2,0,0
4.64,20,404,89.44,1,1,0
35.62,21,213,5.74,1,0,1
54.38,21,945,14.72,3,0,1
23.12,21,987,47.5,2,0,0
146.91,21,31,4.87,0,0,0
133.56,21,827,22.15,1,0,1
51.8,21,1329,12.02,0,0,1
40.54,22,2,106.73,2,0,0
48.27,22,540,1.53,0,0,0
48.65,22,1729,82.42,2,0,1
50.09,22,768,26.53,1,1,0
44.4,22,29,20.23,0,0,0
72.07,22,948,72.73,5,0,0
125.03,23,739,4.48,0,0,0
14.11,23,380,0.59,2,0,0
17.19,23,132,14.93,1,0,0
7.98,23,1590,12.64,2,0,0
141.6,23,1463,1.45,0,1,0
71.91,23,1227,25.31,3,0,0
95.18,0,31,22.42,0,0,0
11.33,0,1566,1.38,5,0,0
388.95,0,851,13.72,0,0,0
27.95,0,855,7.13,0,0,0
65.7,0,1579,44.62,0,0,0
139.75,0,778,1.14,1,0,0
18.44,1,425,31.79,4,0,1
29.94,1,426,20.11,1,0,0
66.49,1,1668,46.53,0,0,0
1265.5,1,980,1.3,1,1,0
76.04,1,1042,30.43,3,0,0
319.58,1,1067,13.8,0,0,0
205.66,2,397,92.22,5,0,1
81.84,2,755,10.35,0,0,0
18.39,2,1712,47.39,3,0,0
175.17,2,261,55.27,2,0,0
10.51,2,1712,15.0,1,0,0
317.65,2,491,22.56,3,0,0
68.03,3,532,153.21,2,0,0
2.96,3,25,27.51,0,0,0
37.54,3,1194,34.59,2,0,0
112.09,3,574,45.54,2,1,0
42.07,3,826,26.45,1,0,0
119.88,3,1045,10.82,1,0,0
21.43,4,1141,42.82,3,0,0
12.98,4,1720,95.37,3,0,0
50.47,4,1000,46.55,1,0,0
56.53,4,320,70.56,2,1,0
37.22,4,1266,25.56,3,0,0
210.61,4,99,101.95,1,0,0
21.43,5,1518,4.62,0,0,0
77.05,5,533,45.75,0,0,0
58.84,5,1300,0.98,2,0,0
9.85,5,282,16.7,4,0,0
12.8,5,732,47.85,1,0,0
55.32,5,1251,94.68,2,0,0
482.66,6,1118,19.87,2,0,0
103.25,6,10,13.93,1,1,0
8.18,6,62,9.14,3,1,0
1.78,6,1765,18.72,2,0,0
122.29,6,951,11.92,2,0,0
49.12,6,1540,15.6,0,0,0
191.6,7,130,58.35,1,0,0
20.72,7,883,48.08,1,0,0
80.26,7,1037,7.01,3,0,1
138.49,7,1657,9.4,1,0,0
33.37,7,1279,23.33,0,1,0
34.17,7,1130,90.37,1,0,0
56.14,8,528,26.29,2,0,1
99.18,8,1788,26.05,1,0,0
53.74,8,589,93.59,6,0,0
159.4,8,500,11.28,2,0,0
32.85,8,1302,79.77,5,0,0
12.66,8,1794,165.18,2,0,0
480.43,9,1542,141.59,2,0,1
28.08,9,324,86.0,2,0,0
29.22,9,1467,12.37,3,0,1
50.79,9,636,230.57,2,1,0
58.79,9,399,53.31,2,0,0
35.68,9,1683,11.88,2,0,0
53.56,10,1709,24.65,1,0,1
52.26,10,666,10.1,1,0,1
66.17,10,47,111.17,1,0,0
4.08,10,377,11.0,3,1,0
432.23,10,974,23.83,1,1,0
46.43,10,107,51.12,1,0,0
103.41,11,408,56.3,3,0,0
11.99,11,268,82.9,3,0,0
32.52,11,1713,10.8,1,0,0
26.06,11,639,21.35,4,0,0
274.98,11,684,23.92,2,0,0
28.66,11,758,78.29,3,0,0
125.7,12,23,73.61,4,0,0
26.7,12,976,24.59,4,0,0
33.19,12,1642,16.82,0,1,0
41.67,12,1464,51.96,2,1,0
224.13,12,451,152.84,5,0,0
6.83,12,24,69.91,0,1,1
12.84,13,1392,15.4,1,0,0
6.41,13,1514,22.98,2,0,0
16.51,13,1659,28.38,2,0,0
22.36,13,1039,26.26,0,1,0
9.24,13,852,13.44,1,0,0
24.35,13,1361,11.97,1,0,1
5.95,14,1242,79.64,1,0,0
17.82,14,1362,63.96,4,0,0
204.48,14,511,158.83,2,0,0
85.11,14,1625,52.45,3,0,0
67.1,14,66,52.25,0,0,0
18.12,14,168,68.08,1,1,1
10.08,15,1178,170.44,4,0,0
15.59,15,1028,13.14,4,0,0
52.06,15,997,12.32,3,0,0
141.88,15,1636,1.17,3,0,0
147.32,15,1567,71.49,1,0,0
109.25,15,1294,58.25,2,0,0
24.26,16,296,97.08,0,1,0
56.09,16,173,15.9,0,0,0
38.34,16,251,43.94,3,0,0
43.76,16,1105,76.1,4,1,0
513.29,16,1283,2.44,1,0,0
7.86,16,1439,12.75,2,0,0
42.18,17,185,64.9,0,0,0
207.04,17,494,24.54,4,0,0
10.89,17,608,66.76,3,0,0
26.89,17,1138,65.0,4,0,0
30.51,17,83,29.6,1,0,0
42.71,17,1512,35.76,4,0,0
9.44,18,145,27.48,1,1,0
105.09,18,942,178.63,2,0,0
113.63,18,1679,11.81,2,0,0
95.51,18,349,33.79,1,0,0
20.96,18,1237,71.91,1,0,1
60.05,18,989,13.83,3,0,0
20.3,19,1475,26.82,3,0,0
37.87,19,1058,2.33,2,0,0
583.37,19,1526,39.85,1,0,0
60.66,19,725,48.62,3,0,0
14.79,19,295,46.1,0,0,0
66.58,19,1223,7.25,4,0,0
12.34,20,1741,10.06,5,0,0
14.6,20,779,18.74,0,0,1
17.37,20,1475,54.09,2,0,0
33.49,20,1579,58.63,2,0,0
153.03,20,1161,42.66,2,1,0
103.16,20,1424,62.49,1,0,0
97.06,21,1013,60.7,1,0,0
16.3,21,1448,25.94,2,0,0
30.1,21,605,31.94,1,1,0
73.64,21,946,37.04,1,0,0
27.35,21,140,15.24,6,0,0
40.2,21,353,1.25,4,0,0
88.72,22,1042,4.17,1,0,1
37.2,22,1303,38.07,2,0,0
70.01,22,53,139.87,0,0,1
314.82,22,124,61.83,2,0,0
45.19,22,11,184.14,2,0,0
199.79,22,931,109.06,2,0,0
101.02,23,603,47.97,1,0,0
10.87,23,95,64.93,2,0,0
16.24,23,1428,0.12,4,1,0
21.82,23,951,36.52,3,0,0
21.32,23,18,29.06,2,0,0
49.44,23,1234,24.31,2,1,0
107.35,0,1640,64.02,2,0,0
217.17,0,754,15.76,3,0,0
76.63,0,1709,27.03,3,0,0
33.44,0,750,29.61,6,0,0
5.53,0,139,6.69,2,0,0
59.01,0,221,13.63,5,0,0
56.17,1,120,26.27,2,0,0
66.77,1,543,14.17,0,0,0
553.83,1,692,25.69,5,0,0
213.72,1,799,7.55,3,0,0
129.49,1,865,6.72,1,0,0
18.95,1,1554,62.54,4,0,0
31.05,2,20,35.57,2,1,0
49.19,2,1616,7.1,1,0,0
23.27,2,430,29.36,2,0,0
94.68,2,1716,37.46,2,0,0
80.85,2,243,17.79,2,0,1
16.49,2,180,2.11,5,0,0
203.67,3,218,3.81,4,0,0
61.1,3,533,3.43,0,0,0
8.15,3,1694,108.73,2,0,1
51.6,3,833,3.73,1,0,0
74.39,3,297,57.12,2,0,0
159.19,3,1155,37.29,1,0,0
37.67,4,914,114.29,3,0,0
135.74,4,1265,67.29,2,0,1
67.08,4,1334,30.51,1,0,0
12.85,4,1414,48.99,1,0,0
11.51,4,272,3.48,4,0,0
187.69,4,892,28.03,0,0,1
203.48,5,1135,4.1,1,1,0
77.88,5,1001,53.77,2,0,0
282.95,5,1750,4.29,3,0,0
174.56,5,1729,26.11,3,0,0
115.81,5,1461,12.32,3,0,0
20.04,5,432,10.64,1,1,0
366.71,6,952,6.62,2,1,0
98.49,6,1446,102.95,1,0,0
35.72,6,482,96.07,1,0,0
26.18,6,1281,44.41,2,0,0
72.42,6,448,75.52,0,1,0
8.69,6,252,2.35,1,0,0
117.88,7,431,27.51,4,1,0
19.13,7,1667,9.99,2,0,0
82.08,7,1791,26.57,2,0,0
30.76,7,1539,37.13,4,0,0
40.82,7,488,3.84,1,0,0
23.75,7,1403,4.32,1,0,0
45.73,8,392,19.2,4,0,0
436.29,8,228,17.5,2,0,0
250.53,8,465,13.01,1,0,0
80.63,8,251,4.47,1,0,0
53.1,8,1152,8.65,2,0,0
138.19,8,1229,6.29,0,0,0
189.23,9,64,0.68,2,0,0
21.92,9,193,9.46,2,0,0
50.14,9,862,156.65,5,0,0
7.36,9,203,101.71,2,0,0
187.81,9,1490,11.43,3,0,1
529.28,9,720,46.53,2,0,0
59.63,10,743,42.95,1,0,0
5.27,10,9,15.55,2,0,0
106.67,10,1262,131.48,4,0,0
20.2,10,1298,190.75,2,0,0
26.32,10,1361,7.45,1,0,0
108.77,10,972,38.2,0,0,1
72.24,11,485,25.14,2,0,0
31.92,11,140,61.51,2,0,0
26.72,11,568,0.91,3,0,0
62.7,11,978,33.1,3,0,1
34.8,11,209,13.18,2,0,1
16.12,11,97,46.05,2,0,0
37.87,12,390,14.78,1,0,0
79.32,12,127,67.77,0,0,0
44.88,12,25,4.08,2,0,0
11.53,12,873,16.01,0,1,0
162.06,12,1341,18.46,6,0,0
2.68,12,899,50.69,0,0,0
33.41,13,164,27.45,3,0,0
27.6,13,610,84.46,1,0,0
64.26,13,63,56.75,3,0,0
101.27,13,1119,83.8,2,0,1
188.56,13,419,106.0,1,0,0
24.94,13,697,4.87,0,0,0
104.09,14,1623,19.5,1,0,0
67.72,14,1056,62.63,1,0,0
8.31,14,1376,2.8,1,0,0
441.68,14,629,19.38,3,0,0
11.22,14,1675,33.82,1,0,0
86.61,14,1286,9.23,1,0,0
83.84,15,928,34.43,4,0,0
73.94,15,1042,17.75,1,0,0
31.69,15,1121,3.68,4,0,1
135.64,15,288,24.33,3,0,0
9.81,15,453,63.68,1,0,0
50.78,15,1235,4.85,1,0,0
29.36,16,793,8.55,1,1,0
25.92,16,1411,21.38,2,0,0
87.5,16,946,24.57,2,0,1
178.61,16,118,17.08,2,0,0
37.43,16,1196,63.06,5,0,0
128.86,16,1097,20.07,1,0,0
57.67,17,656,144.28,3,0,0
20.45,17,1422,107.7,2,0,0
41.11,17,631,28.47,2,0,0
39.27,17,206,19.92,4,0,1
25.37,17,218,35.59,5,1,0
87.47,17,1622,36.41,4,0,1
70.68,18,676,16.46,1,0,0
9.49,18,746,26.62,4,0,0
8.88,18,549,142.06,1,0,1
87.11,18,1328,1.35,3,0,1
22.27,18,1089,58.74,2,0,0
76.11,18,1618,5.51,5,0,0
128.9,19,1610,66.71,1,0,0
13.49,19,1781,85.35,3,0,0
11.56,19,592,59.9,1,0,0
344.42,19,1051,24.24,1,0,0
80.38,19,623,42.36,2,0,0
34.43,19,1267,10.46,3,0,1
19.54,20,1346,23.3,4,0,0
31.14,20,453,58.63,1,0,1
14.74,20,1547,105.54,1,0,0
144.28,20,522,58.19,2,0,0
23.23,20,1769,17.25,0,0,0
181.8,20,1531,13.17,1,0,1
35.14,21,32,79.92,1,0,0
17.33,21,716,0.77,2,0,0
34.16,21,699,60.86,4,0,0
3.04,21,1480,233.66,2,0,0
47.81,21,1303,8.52,3,0,0
45.28,21,91,15.57,1,0,0
135.26,22,1513,42.0,2,1,1
6.86,22,392,16.21,5,0,0
195.99,22,665,4.83,1,0,0
134.65,22,306,3.87,1,0,0
216.43,22,283,11.98,2,0,0
51.52,22,948,12.21,3,0,0
166.55,23,152,10.2,1,0,0
10.82,23,144,0.02,0,0,0
119.62,23,1414,45.69,2,0,0
23.38,23,618,21.42,3,1,1
8.88,23,1166,13.88,1,0,0
15.85,23,1775,3.78,0,0,0
54.93,0,91,40.68,2,0,0
22.05,0,1429,12.69,1,0,0
82.57,0,197,18.57,3,0,0
7.47,0,1369,80.06,3,1,0
5.26,0,550,16.49,0,0,0
247.06,0,243,3.26,3,0,1
147.55,1,411,24.83,0,0,0
17.21,1,656,23.22,3,0,1
54.42,1,1313,12.62,2,0,0
167.58,1,1225,0.4,1,0,1
86.58,1,1311,29.08,2,0,0
64.27,1,38,101.04,1,0,0
182.12,2,1755,9.25,2,0,0
24.44,2,781,0.8,0,0,0
56.5,2,200,53.28,1,1,0
53.54,2,1671,12.24,2,1,0
40.45,2,1426,26.78,1,0,0
35.56,2,148,86.19,5,0,1
59.15,3,786,29.55,1,0,0
56.7,3,1631,30.48,2,0,0
17.23,3,1228,15.1,1,0,0
131.89,3,350,14.05,2,0,0
18.65,3,1260,20.35,5,0,1
42.95,3,340,23.06,1,0,0
39.46,4,633,13.96,1,0,0
80.96,4,351,49.86,2,0,0
5.31,4,1248,57.44,2,0,0
145.47,4,1676,2.98,1,0,0
25.93,4,80,18.09,0,0,1
208.92,4,1086,27.57,0,1,0
32.27,5,447,26.31,3,0,0
51.74,5,1351,76.98,2,0,0
448.17,5,250,17.37,0,0,0
40.24,5,659,63.9,1,0,0
213.31,5,370,7.7,1,0,0
56.99,5,1571,234.13,3,0,1
86.23,6,148,22.38,2,0,0
58.97,6,1047,108.66,2,1,0
138.74,6,216,95.12,1,0,0
25.69,6,1079,6.55,0,1,0
18.5,6,1382,80.19,3,0,0
27.05,6,1354,56.74,4,0,0
60.93,7,60,16.89,0,0,0
42.82,7,1392,75.1,3,0,0
119.26,7,534,63.58,0,0,0
229.34,7,1227,188.24,0,1,0
18.66,7,1734,0.95,1,0,0
24.35,7,214,65.97,0,0,0
11.25,8,652,6.66,3,0,0
509.49,8,1560,0.65,1,0,0
76.34,8,254,84.54,3,0,0
92.55,8,469,74.01,4,0,1
12.5,8,988,36.13,3,0,0
54.53,8,1793,21.86,2,1,0
95.6,9,530,158.9,1,0,0
41.35,9,693,51.08,1,0,0
178.27,9,1432,23.44,3,0,0
694.38,9,215,86.35,1,0,1
19.26,9,589,54.95,0,0,0
17.74,9,568,91.51,2,0,0
20.79,10,721,28.29,0,0,0
319.52,10,1032,5.36,3,0,0
171.84,10,398,77.1,2,0,0
47.04,10,704,153.64,1,0,0
56.84,10,1650,3.0,4,0,0
22.24,10,1491,2.02,2,0,0
145.33,11,1721,45.31,1,1,0
35.95,11,1227,7.63,3,0,0
41.01,11,1048,12.73,0,0,0
106.66,11,384,117.58,2,0,0
44.4,11,285,10.43,2,1,1
42.16,11,969,12.26,4,0,0
55.24,12,728,34.56,1,0,0
130.96,12,1417,41.37,3,1,0
334.0,12,17,79.44,2,0,0
103.96,12,1604,0.82,2,0,0
132.11,12,306,7.86,0,0,0
43.82,12,710,0.21,3,0,0
25.06,13,641,0.08,3,0,1
112.1,13,1664,1.09,1,0,0
65.91,13,1296,17.8,4,0,0
11.42,13,64,9.54,1,0,0
38.06,13,1535,64.09,2,1,0
49.84,13,1218,25.61,3,0,0
31.14,14,122,8.9,3,0,1
278.64,14,1407,59.47,1,0,0
92.56,14,61,75.25,5,0,0
247.27,14,765,19.6,7,0,0
72.95,14,291,35.17,1,0,0
59.71,14,19,65.89,2,0,0
19.49,15,1007,56.01,3,0,1
55.32,15,1236,176.68,2,0,0
55.39,15,863,46.99,2,0,0
12.14,15,616,48.72,0,0,0
30.16,15,924,18.36,2,0,0
38.26,15,273,86.34,1,0,0
86.04,16,89,66.02,4,0,0
90.69,16,282,29.08,2,0,0
28.81,16,97,16.17,2,0,0
91.45,16,1384,34.88,3,0,0
44.69,16,1095,33.32,1,0,0
2.32,16,337,4.58,2,0,1
32.03,17,1025,48.39,1,0,0
178.91,17,871,20.25,2,0,0
8.58,17,200,58.12,1,0,0
61.8,17,1746,106.39,2,0,0
312.24,17,1688,86.48,2,0,0
23.65,17,1365,3.67,4,0,0
54.73,18,1455,11.13,3,1,0
13.01,18,984,30.64,0,1,0
327.0,18,1446,13.06,3,0,1
49.82,18,950,1.21,1,0,0
57.47,18,298,17.2,0,0,0
242.19,18,301,27.49,2,0,0
113.03,19,1537,32.7,4,0,1
20.84,19,803,84.69,1,0,0
26.79,19,1312,23.97,1,0,1
94.11,19,260,11.48,0,0,0
27.48,19,806,65.77,3,0,1
5.32,19,150,1.78,2,0,0
51.49,20,397,7.88,1,0,0
10.72,20,196,79.04,3,0,0
323.08,20,374,3.43,1,0,0
66.32,20,1091,44.52,0,0,0
20.17,20,9,35.41,1,0,0
25.32,20,348,111.4,1,0,1
6.83,21,1243,6.21,2,0,0
16.29,21,268,65.83,1,0,0
166.99,21,1000,20.57,3,0,0
635.85,21,1560,12.55,0,0,0
121.39,21,1404,72.32,1,0,0
49.34,21,219,29.97,3,0,0
33.95,22,265,3.76,3,0,0
19.07,22,1270,27.8,1,0,0
526.23,22,623,47.47,3,0,0
44.36,22,750,162.75,4,0,0
559.58,22,858,6.14,3,0,0
252.87,22,1042,40.05,4,0,0
8.05,23,808,38.31,4,0,0
26.24,23,42,13.8,2,1,0
26.16,23,170,71.43,3,0,0
50.01,23,0,15.15,3,0,0
51.09,23,476,7.9,1,0,0
1474.19,23,1471,69.93,3,0,0
16.69,0,1749,129.0,0,0,0
70.24,0,855,8.22,1,0,0
107.57,0,49,1.23,2,0,1
54.5,0,128,68.76,2,0,0
61.63,0,1467,8.39,1,0,0
17.3,0,618,15.92,2,1,0
61.38,1,1586,34.44,2,0,0
95.83,1,911,56.16,2,0,0
78.29,1,1582,21.83,1,0,0
102.23,1,243,5.19,2,0,1
258.23,1,1544,12.09,2,0,0
153.03,1,983,61.17,0,1,0
59.05,2,787,3.39,2,0,1
15.05,2,951,37.12,1,0,0
28.22,2,588,24.13,3,0,1
42.88,2,1085,29.4,2,0,0
72.07,2,1386,36.69,2,0,1
32.26,2,1458,71.76,0,0,0
19.51,3,1760,36.52,1,0,0
14.78,3,743,60.89,1,0,0
8.88,3,1383,0.99,6,0,0
42.16,3,1599,44.2,3,0,0
10.84,3,31,19.51,1,0,0
18.16,3,854,46.49,0,0,0
35.4,4,1261,13.08,3,0,0
12.56,4,822,51.48,1,0,0
82.91,4,180,106.99,3,0,0
123.25,4,1180,22.75,2,0,0
29.83,4,731,54.42,2,1,1
33.76,4,1111,6.76,3,0,0
98.61,5,2,37.05,1,0,0
24.89,5,20,16.15,1,0,0
23.08,5,1085,16.59,2,0,1
203.6,5,1768,5.71,1,0,0
144.4,5,1151,61.12,1,0,1
105.82,5,1696,34.2,1,0,0
151.14,6,1525,99.2,2,0,0
6.2,6,506,51.38,1,0,0
242.07,6,184,16.06,2,0,0
84.04,6,1005,7.6,2,0,1
165.98,6,1116,44.52,2,0,0
83.59,6,1386,56.76,1,0,0
57.62,7,937,48.67,0,0,0
40.33,7,1656,54.72,3,0,0
81.77,7,1519,31.62,0,0,0
38.75,7,1054,39.5,5,0,0
141.83,7,992,2.65,1,0,1
9.53,7,34,23.2,0,0,0
30.09,8,1405,43.12,2,0,0
517.65,8,1225,3.48,3,0,0
27.42,8,1613,57.38,3,1,0
41.99,8,167,84.8,2,0,0
20.68,8,262,22.05,0,0,0
79.0,8,1208,44.48,3,0,0
24.29,9,880,8.15,1,0,0
44.52,9,1057,55.83,1,1,0
138.9,9,782,39.06,2,0,0
25.31,9,1153,20.49,0,0,1
129.99,9,1185,14.68,2,0,0
134.89,9,340,7.58,2,0,0
174.24,10,1368,1.36,2,1,0
63.73,10,888,35.83,0,0,0
1930.21,10,1036,15.37,2,0,1
174.16,10,1112,65.28,1,0,0
78.05,10,1340,36.05,4,1,0
20.83,10,540,0.63,2,0,0
49.07,11,12,25.79,0,0,1
262.16,11,326,60.05,3,0,0
357.98,11,1738,13.57,2,1,0
277.59,11,400,24.13,3,0,0
129.5,11,448,1.85,6,1,0
13.72,11,1544,80.64,2,0,0
93.31,12,424,20.52,3,0,0
13.94,12,836,11.34,3,0,0
10.63,12,667,57.01,3,0,0
71.03,12,1189,6.52,2,1,0
97.08,12,1070,11.05,3,0,1
147.48,12,926,3.65,1,0,0
94.33,13,902,155.21,1,0,0
97.98,13,1501,9.67,1,0,0
18.48,13,1046,14.11,2,0,0
48.64,13,915,70.25,1,0,0
10.4,13,1597,52.3,3,0,0
6.03,13,167,96.19,1,0,1
123.31,14,1500,41.03,3,0,0
23.84,14,356,30.75,2,0,1
142.56,14,597,18.88,1,0,1
184.78,14,23,41.12,1,1,0
27.63,14,1028,2.08,1,0,0
104.52,14,1496,2.54,2,0,0
26.38,15,687,7.41,2,0,0
7.17,15,1193,43.28,2,0,0
62.53,15,707,28.94,3,0,0
32.53,15,1366,162.69,3,0,0
33.65,15,1797,31.12,1,0,0
479.56,15,1287,36.39,2,0,0
10.19,16,612,37.8,0,0,0
83.19,16,1484,72.78,4,0,0
18.28,16,68,158.9,3,0,0
148.28,16,1776,24.31,6,0,0
75.81,16,1511,0.68,1,0,0
82.87,16,1176,71.13,2,0,0
19.31,17,1117,40.21,1,0,1
23.52,17,454,78.75,2,0,0
151.41,17,776,58.26,1,1,1
382.94,17,182,21.65,9,0,0
92.6,17,609,53.86,3,0,0
20.35,17,1061,10.79,2,0,0
79.27,18,651,105.97,1,0,0
788.57,18,1387,139.04,2,0,0
61.11,18,1535,9.81,4,0,1
272.61,18,1010,114.75,0,1,0
24.18,18,613,102.3,2,0,1
52.13,18,546,1.3,2,0,1
107.93,19,984,42.87,2,1,0
84.53,19,1295,69.0,2,0,0
23.5,19,228,86.08,2,0,0
22.41,19,806,118.26,3,0,0
161.92,19,793,157.59,1,0,0
202.49,19,515,20.31,2,0,0
288.11,20,427,32.19,4,0,0
397.15,20,1513,0.52,2,0,0
63.31,20,778,3.54,3,0,1
38.77,20,1037,10.66,2,0,0
241.31,20,68,28.73,2,1,0
119.63,20,510,69.8,1,0,1
18.53,21,402,2.93,1,0,0
17.51,21,591,46.53,3,0,1
93.8,21,1514,161.73,5,0,0
44.93,21,1028,212.12,0,0,0
53.03,21,1623,72.12,1,0,0
177.64,21,761,14.93,1,0,0
125.83,22,1386,54.79,0,0,0
235.77,22,288,16.04,3,0,1
6.52,22,1467,35.9,3,0,1
72.15,22,1098,52.17,3,0,0
117.23,22,69,25.21,3,0,0
10.18,22,1240,32.84,2,0,1
26.57,23,862,98.61,3,0,0
21.66,23,0,61.95,0,0,1
55.92,23,1524,119.76,2,1,0
327.22,23,966,6.85,4,0,0
505.15,23,1091,99.65,1,1,0
22.29,23,1038,10.56,1,1,1
97.44,0,163,1.24,1,0,0
100.96,0,597,68.59,3,0,0
83.63,0,1263,15.76,1,0,0
84.68,0,609,8.48,5,0,0
76.26,0,1599,20.94,2,0,1
349.44,0,571,13.94,0,0,0
183.59,1,827,113.61,2,1,0
17.01,1,801,5.57,2,0,0
131.01,1,34,4.19,2,0,0
145.71,1,1461,20.56,1,0,0
77.2,1,244,12.58,3,0,0
189.53,1,844,18.11,3,0,1
67.15,2,1634,6.81,4,1,1
68.07,2,1788,76.37,4,0,0
62.39,2,414,30.98,3,0,0
5.93,2,677,5.98,1,0,0
49.98,2,1018,54.64,2,0,0
26.18,2,1258,23.11,0,0,0
14.8,3,450,60.58,1,0,0
264.39,3,988,12.01,0,1,1
95.07,3,1501,35.64,1,0,0
52.84,3,1372,1.28,3,0,1
29.33,3,1479,231.5,2,0,1
75.62,3,1599,46.38,0,0,1
162.48,4,1550,216.39,2,0,0
21.98,4,921,34.14,0,0,0
54.31,4,1753,0.12,1,1,0
141.86,4,890,73.53,2,0,0
6.49,4,1277,66.54,3,0,1
51.25,4,1696,7.53,0,0,0
34.05,5,77,24.52,3,1,0
47.12,5,1680,35.15,0,0,0
31.44,5,1479,79.9,0,1,0
63.52,5,1794,80.25,2,0,0
453.04,5,1390,21.08,5,0,0
38.23,5,281,2.25,1,0,0
75.25,6,543,24.57,3,0,0
489.91,6,6,23.51,4,0,0
29.81,6,1094,16.49,1,0,0
401.88,6,787,118.86,3,0,0
54.92,6,854,139.15,3,0,0
387.64,6,1320,61.14,3,0,0
124.61,7,1476,0.44,2,0,0
76.54,7,131,0.13,3,0,0
50.8,7,1650,99.9,1,0,0
27.48,7,672,96.2,4,0,0
59.35,7,1353,7.99,6,0,0
146.51,7,1046,1.01,2,0,0
53.82,8,798,98.07,1,0,0
38.54,8,382,103.94,3,1,1
41.44,8,341,28.59,2,0,0
162.67,8,1316,16.19,2,0,0
210.12,8,578,102.52,4,0,0
26.21,8,413,1.31,4,0,1
26.17,9,10,49.81,1,0,0
82.87,9,1513,19.54,1,0,0
293.03,9,712,8.4,0,0,0
192.59,9,626,33.16,2,0,0
13.78,9,669,4.9,0,0,1
40.83,9,1077,14.97,0,0,1
19.62,10,867,78.76,2,0,0
40.68,10,979,68.88,2,0,0
318.89,10,500,39.16,1,0,0
11.42,10,533,6.93,4,0,0
9.2,10,1553,45.32,2,0,0
21.95,10,790,25.55,3,0,0
74.89,11,1751,25.43,0,1,1
108.08,11,1522,29.63,3,0,0
88.34,11,1281,26.52,1,0,0
198.99,11,987,9.18,5,0,0
7.85,11,1507,3.18,2,0,0
201.78,11,100,14.76,0,0,1
38.73,12,898,17.71,1,0,0
122.08,12,1283,11.38,2,0,1
12.73,12,194,1.56,5,0,1
54.9,12,328,39.02,2,0,0
70.8,12,117,35.56,4,0,0
194.67,12,874,2.03,1,0,0
9.55,13,974,43.17,3,0,0
56.48,13,843,48.94,1,0,0
16.55,13,98,10.37,2,0,1
95.21,13,875,6.74,3,0,0
128.37,13,1598,41.92,0,0,0
224.95,13,55,41.0,1,1,0
30.31,14,1396,6.69,2,0,0
151.4,14,490,20.73,1,0,0
243.96,14,134,43.57,3,0,0
8.96,14,91,64.03,4,0,0
107.08,14,22,19.41,3,0,0
156.7,14,746,50.01,2,0,0
41.08,15,896,90.42,1,0,0
14.41,15,1118,15.33,3,0,1
154.05,15,146,22.5,1,0,0
14.59,15,1177,27.09,0,0,0
44.87,15,1331,54.56,4,0,0
52.24,15,116,7.43,3,0,0
119.95,16,1215,38.84,4,0,0
27.4,16,214,69.22,2,1,0
25.71,16,790,7.52,1,0,0
60.87,16,1190,23.97,1,0,0
165.18,16,1567,19.33,1,0,0
676.0,16,956,36.86,2,0,0
10.4,17,783,57.53,0,0,0
77.24,17,1500,7.56,1,0,1
16.52,17,389,185.32,3,0,0
167.45,17,369,7.47,3,0,0
19.45,17,839,48.38,5,0,1
25.99,17,216,20.65,1,0,0
28.55,18,40,17.44,2,0,0
50.21,18,651,3.34,1,0,0
77.91,18,274,86.24,3,0,0
92.95,18,1146,20.83,3,0,0
54.25,18,987,51.34,1,0,0
12.64,18,874,16.24,6,0,0
121.58,19,893,4.02,2,0,0
51.51,19,177,96.54,2,0,0
195.96,19,724,16.79,2,0,0
25.07,19,128,32.06,1,0,1
9.37,19,638,46.02,3,0,0
52.59,19,1219,240.94,2,0,0
227.14,20,1775,57.67,3,0,0
65.17,20,534,24.64,3,0,0
43.83,20,475,24.23,4,0,0
20.96,20,1205,56.17,2,0,0
377.49,20,1652,2.0,2,0,0
17.59,20,530,35.82,3,0,0
24.58,21,1508,39.77,2,0,0
102.21,21,566,12.37,1,0,0
7.09,21,1150,64.15,1,1,0
221.86,21,377,94.0,1,0,0
108.49,21,471,39.49,1,0,1
146.81,21,1770,6.27,2,0,0
100.88,22,700,35.38,1,1,1
45.73,22,28,12.26,0,0,0
16.95,22,1389,118.41,2,1,0
46.8,22,229,3.86,1,1,0
18.68,22,199,200.46,2,0,0
93.2,22,1505,3.1,3,0,1
132.62,23,627,56.32,1,0,0
277.13,23,248,23.31,1,0,0
82.18,23,1756,56.41,1,0,0
150.96,23,505,6.43,0,1,0
39.38,23,1139,66.38,1,1,1
32.26,23,473,11.73,0,0,0
91.93,0,1046,21.82,2,0,0
35.69,0,1254,52.24,2,0,1
73.41,0,1363,44.97,2,0,0
16.99,0,740,28.85,2,0,0
20.7,0,1108,4.17,4,0,0
109.83,0,1513,31.0,1,0,0
144.8,1,1512,76.14,4,1,0
18.46,1,1345,9.26,1,0,0
114.17,1,719,16.46,2,0,0
30.39,1,955,37.53,3,0,1
55.6,1,1741,0.14,0,0,0
259.47,1,448,45.52,3,0,0
132.72,2,1246,96.43,2,0,1
131.03,2,1426,5.16,2,0,0
445.71,2,865,14.48,1,0,0
25.17,2,1558,0.04,3,0,0
18.46,2,770,0.42,4,0,0
24.67,2,1505,6.49,0,0,0
41.27,3,1159,10.7,3,0,0
4.1,3,93,18.4,3,0,0
43.46,3,1482,63.82,0,0,0
29.99,3,1256,2.41,3,0,0
129.3,3,400,164.76,3,1,0
80.45,3,1267,157.21,1,0,0
28.2,4,920,13.96,1,0,0
104.48,4,1697,33.28,1,0,0
120.98,4,548,8.46,2,0,1
23.44,4,474,95.47,4,0,0
31.74,4,105,40.18,4,0,0
4.72,4,1415,5.4,0,0,0
16.45,5,1773,0.71,3,0,0
24.13,5,1240,24.36,0,1,0
59.24,5,664,76.87,6,0,0
19.3,5,1581,6.41,1,0,0
31.04,5,456,19.7,1,0,0
14.18,5,1247,25.65,0,0,0
65.91,6,1074,78.99,0,0,0
87.21,6,1534,13.81,0,0,0
85.0,6,1749,9.6,3,0,0
55.35,6,647,45.74,3,0,0
10.02,6,171,44.03,4,0,1
27.61,6,283,41.07,2,0,0
34.88,7,1330,17.72,0,0,0
35.04,7,654,1.35,1,0,0
59.29,7,251,22.8,0,0,0
261.93,7,1467,51.98,0,0,1
133.39,7,1167,62.82,2,0,0
18.43,7,236,9.36,5,0,0
115.15,8,1283,101.38,3,1,0
110.42,8,1148,43.92,0,0,0
22.5,8,1772,58.28,2,0,0
138.9,8,1777,24.96,2,0,1
45.77,8,1755,93.59,2,0,0
11.58,8,1611,25.87,0,1,0
90.08,9,1427,168.35,1,0,0
69.31,9,1208,37.09,2,0,0
42.5,9,980,122.93,5,0,0
52.39,9,1426,12.4,4,0,0
24.75,9,1738,24.45,0,1,1
106.82,9,209,17.17,3,0,0
52.05,10,245,0.15,1,0,0
65.57,10,897,43.72,0,0,0
80.87,10,528,5.83,1,0,1
15.33,10,957,2.52,1,0,0
20.42,10,560,72.34,1,0,1
4.8,10,1408,139.34,2,0,1
101.62,11,1617,154.61,2,0,1
14.39,11,508,45.03,3,0,0
63.17,11,1390,0.83,3,0,0
82.11,11,191,12.19,1,1,0
105.91,11,1434,63.41,1,0,0
14.52,11,1256,14.9,3,0,0
50.82,12,1278,50.09,2,0,0
342.86,12,886,132.21,0,0,0
359.87,12,192,15.7,7,0,0
161.75,12,1516,13.64,0,0,0
79.14,12,197,6.36,1,1,1
18.07,12,866,35.02,4,0,0
120.36,13,313,29.49,1,0,0
45.89,13,1523,82.74,1,0,0
101.15,13,1033,48.64,1,0,0
27.22,13,914,57.46,4,0,0
45.14,13,571,16.78,1,1,0
65.4,13,1408,92.59,1,0,0
71.59,14,378,69.37,3,1,0
93.98,14,1297,76.14,3,0,0
28.87,14,1744,125.23,5,0,0
12.46,14,478,61.9,1,0,1
326.12,14,1234,69.47,2,0,0
844.02,14,556,95.71,2,0,0
89.31,15,1673,70.02,2,0,0
12.73,15,1618,60.67,1,0,0
23.32,15,564,30.07,1,0,0
95.59,15,415,7.31,3,0,0
238.7,15,148,9.25,3,0,0
14.38,15,1255,4.06,4,0,0
47.62,16,1655,62.07,1,0,0
67.73,16,261,15.24,2,0,0
141.32,16,1469,84.98,2,0,1
37.41,16,1359,12.08,0,0,0
9.77,16,849,2.56,2,0,0
108.13,16,401,38.4,4,0,1
188.16,17,1175,59.21,1,0,0
49.86,17,1069,16.58,2,0,0
85.27,17,1460,34.14,1,0,0
32.4,17,1015,0.9,6,1,0
21.53,17,87,4.73,5,0,0
168.86,17,366,14.6,2,1,0
83.62,18,685,38.54,2,0,0
93.64,18,884,0.91,3,0,0
284.95,18,629,0.48,1,0,0
17.11,18,1582,88.57,3,1,0
29.75,18,506,57.35,3,1,0
64.96,18,1224,13.2,1,0,0
29.35,19,650,26.02,0,0,0
129.21,19,1786,65.89,1,0,0
44.43,19,1649,103.5,3,0,0
18.32,19,1412,21.13,2,0,0
58.69,19,1376,79.59,2,0,0
65.85,19,1158,5.55,2,1,0
152.65,20,1056,15.73,0,0,0
84.14,20,1013,53.15,1,0,0
90.67,20,48,55.16,3,1,1
77.66,20,1687,47.58,2,0,0
44.39,20,1766,249.85,0,1,0
24.83,20,948,25.61,3,0,0
75.02,21,1566,2.36,2,0,1
37.85,21,724,5.08,2,0,1
350.31,21,202,83.13,0,1,0
238.98,21,1502,79.02,2,0,0
109.52,21,916,50.2,3,0,0
82.79,21,1692,2.28,0,0,0
49.56,22,383,73.03,2,1,0
13.64,22,862,51.93,2,1,1
43.04,22,1201,30.88,3,0,0
61.04,22,247,75.01,3,0,0
70.27,22,1793,9.73,2,1,0
91.51,22,1095,70.64,1,1,1
150.42,23,309,23.18,3,1,1
25.5,23,1333,4.87,1,0,0
25.75,23,1581,92.56,2,1,0
269.33,23,672,32.14,3,0,0
127.5,23,1097,31.76,1,1,0
35.52,23,1346,8.01,3,0,0
48.52,0,261,29.59,3,0,0
48.77,0,955,19.91,1,0,0
56.53,0,1006,40.28,1,0,0
91.83,0,542,106.48,4,0,0
887.57,0,539,21.5,3,0,0
67.27,0,1133,43.68,2,0,1
113.17,1,1353,70.45,2,0,0
8.54,1,700,9.92,1,0,0
32.03,1,263,8.03,1,0,0
210.97,1,1416,94.53,1,0,0
84.99,1,312,277.49,0,0,0
0.44,1,5,83.48,3,0,0
114.6,2,580,47.94,1,0,0
450.33,2,1472,0.24,1,0,0
6.08,2,1362,19.01,1,1,0
290.42,2,551,5.59,1,0,0
2.59,2,934,96.9,0,0,0
153.21,2,1727,51.37,0,1,0
54.08,3,1293,108.43,5,0,0
4.12,3,1366,10.64,3,0,0
89.19,3,157,38.42,4,0,0
193.63,3,433,23.61,1,0,0
81.47,3,187,5.0,1,0,0
103.89,3,1761,35.18,2,0,0
34.71,4,616,71.8,4,0,0
7.05,4,899,43.45,3,0,0
116.87,4,992,109.23,0,0,0
374.18,4,941,35.73,2,0,0
189.15,4,93,11.73,1,0,1
6.13,4,1637,5.31,3,0,0
10.32,5,684,43.16,4,0,0
21.53,5,1653,10.67,1,0,0
9.47,5,1377,100.41,0,0,1
57.32,5,1254,119.46,1,0,0
84.16,5,1265,52.9,3,1,0
11.32,5,1761,34.1,3,0,0
128.36,6,546,0.91,0,0,0
105.76,6,591,0.74,2,0,0
29.88,6,1207,68.39,2,0,0
45.16,6,418,36.47,1,0,0
6.39,6,1447,63.44,2,0,0
37.88,6,52,1.69,2,0,0
55.04,7,1615,7.25,0,0,0
65.73,7,623,77.74,3,0,0
82.83,7,8,33.57,3,0,0
71.43,7,1084,44.3,0,0,0
40.82,7,495,68.04,1,1,1
74.8,7,549,14.4,2,1,0
164.39,8,866,12.07,2,0,0
49.15,8,1043,28.7,1,0,0
77.43,8,245,2.02,2,0,1
44.49,8,87,147.53,0,0,1
26.8,8,830,34.51,0,0,0
97.04,8,637,2.19,5,0,0
29.64,9,1047,14.41,4,0,0
83.49,9,1346,53.28,4,0,0
56.32,9,1106,43.83,2,0,0
39.08,9,187,36.53,2,0,0
38.06,9,1793,165.6,4,0,1
31.22,9,1286,2.16,0,0,0
8.93,10,88,69.19,4,0,1
83.19,10,1373,2.46,0,0,0
70.44,10,1585,12.91,2,0,0
139.02,10,1023,27.94,1,0,0
30.43,10,1498,31.51,1,0,0
439.19,10,1594,48.07,2,0,0
35.96,11,1735,23.03,1,0,0
20.85,11,1718,4.67,5,0,1
18.3,11,348,46.19,2,0,0
8.11,11,62,24.72,0,0,1
294.68,11,1173,51.02,2,0,0
246.7,11,1222,50.72,1,0,0
105.72,12,1023,16.6,4,1,0
20.37,12,426,49.94,3,0,0
400.37,12,1707,24.37,4,0,0
37.08,12,734,108.07,2,0,0
40.61,12,1334,37.72,2,0,0
265.33,12,1121,18.77,2,1,0
112.71,13,1612,10.29,3,0,0
614.75,13,1282,3.11,0,0,0
71.78,13,1142,10.45,1,0,0
35.28,13,1512,7.8,3,0,0
27.86,13,97,27.02,1,0,0
7.16,13,1269,1.52,2,0,0
40.19,14,1055,0.25,2,0,0
192.3,14,1399,9.03,2,0,0
105.5,14,403,44.94,1,1,0
55.83,14,1078,82.04,5,0,0
18.28,14,511,12.46,2,0,0
70.07,14,210,11.19,3,0,0
166.35,15,1035,38.37,0,0,0
87.69,15,38,28.6,0,0,0
65.59,15,167,109.26,3,0,0
22.72,15,953,37.09,4,0,0
141.73,15,1617,26.9,2,0,0
1.74,15,1287,44.38,1,0,0
83.19,16,27,15.83,4,0,0
922.75,16,195,60.13,2,0,0
10.39,16,775,75.13,1,0,0
41.87,16,772,2.21,2,0,0
54.13,16,71,43.41,0,0,0
32.82,16,461,67.15,1,0,0
170.72,17,228,5.41,1,0,0
91.81,17,1020,7.21,2,0,0
64.56,17,1184,44.47,0,0,0
131.24,17,702,47.99,4,0,0
55.61,17,1028,35.68,1,0,0
1804.16,17,362,96.59,2,0,1
64.49,18,1532,0.88,0,0,0
67.68,18,7,23.3,3,0,1
8.32,18,907,15.4,1,1,0
30.03,18,578,19.75,2,0,0
192.89,18,811,43.29,4,0,0
12.57,18,929,21.81,1,0,0
5.09,19,1162,65.29,1,0,0
56.57,19,1672,41.31,0,0,0
246.61,19,1010,8.3,2,0,0
57.2,19,409,5.25,1,0,1
37.72,19,943,10.92,2,0,0
7.07,19,922,7.28,4,0,0
89.79,20,1556,20.79,4,0,0
113.0,20,1019,14.17,4,0,0
7.69,20,1562,18.56,1,0,0
190.18,20,1168,34.76,2,0,0
126.76,20,1029,4.52,3,1,0
189.72,20,591,6.62,1,0,0
103.74,21,460,10.38,2,0,0
112.06,21,179,92.7,3,0,0
96.81,21,986,17.2,2,0,0
141.93,21,1658,22.33,3,0,0
7.38,21,22,124.97,1,0,0
10.47,21,1714,15.29,2,0,0
24.3,22,1546,27.39,4,0,1
47.33,22,788,85.8,1,0,0
83.68,22,564,80.72,2,0,0
78.03,22,1045,111.73,6,0,1
186.57,22,1539,13.68,2,0,1
193.13,22,52,15.61,3,0,0
20.91,23,808,7.6,2,0,0
70.98,23,84,20.06,2,0,1
21.49,23,1159,34.45,3,0,0
44.39,23,138,68.17,2,0,0
77.79,23,569,122.76,2,0,0
1.28,23,1329,36.95,2,0,0
774.62,0,1353,8.66,1,0,0
101.8,0,409,91.89,2,0,0
28.35,0,923,32.45,3,0,0
454.91,0,332,1.31,2,1,0
37.26,0,1064,65.12,3,0,0
63.17,0,15,41.88,4,0,0
31.95,1,1464,58.6,2,0,0
336.03,1,41,1.39,1,0,0
48.64,1,1095,30.45,3,0,0
64.36,1,729,43.05,0,0,0
205.24,1,402,22.98,0,1,1
103.92,1,975,0.48,1,0,0
51.43,2,255,60.01,0,1,0
185.2,2,1042,14.93,4,0,1
890.99,2,1160,67.89,2,1,0
77.41,2,824,68.58,3,1,0
62.08,2,650,14.43,2,0,0
65.87,2,827,24.48,0,0,0
230.78,3,1721,98.79,0,1,0
28.24,3,1355,43.4,4,0,1
40.2,3,10,40.82,0,0,0
10.06,3,521,6.35,1,0,0
14.85,3,44,28.3,3,0,0
30.89,3,427,74.55,1,0,0
51.34,4,1401,7.0,4,0,0
382.22,4,1537,10.71,2,0,0
98.45,4,822,27.21,2,0,0
20.02,4,1240,23.17,1,0,0
24.51,4,667,2.78,1,0,0
247.7,4,858,134.87,2,0,0
188.53,5,1492,9.79,2,0,0
56.32,5,495,39.72,4,0,0
33.56,5,573,36.07,4,0,1
188.19,5,245,37.12,2,0,0
18.31,5,392,121.45,4,0,0
84.04,5,67,169.37,1,0,1
665.09,6,1468,52.11,2,0,0
68.44,6,1534,8.82,3,0,0
23.26,6,758,65.48,2,0,0
85.75,6,1068,9.78,2,0,0
32.56,6,447,29.27,0,0,0
11.78,6,82,16.76,5,0,1
118.05,7,928,4.24,3,0,0
186.72,7,285,19.67,1,0,1
38.78,7,1526,4.97,3,1,0
36.05,7,503,0.22,4,0,1
18.96,7,1327,3.15,6,0,0
46.3,7,473,30.29,1,0,0
29.41,8,227,19.81,1,0,0
17.95,8,987,9.24,4,0,0
437.64,8,329,96.06,3,0,0
91.21,8,718,2.67,3,0,0
102.48,8,527,98.71,3,0,0
144.28,8,1587,101.11,0,1,0
127.5,9,905,24.33,4,0,0
34.66,9,1294,1.73,1,0,0
73.69,9,1059,103.68,1,0,0
40.61,9,1639,93.05,3,0,0
88.44,9,791,12.41,3,0,0
79.51,9,1553,10.91,0,0,1
35.84,10,1616,22.68,1,0,0
12.65,10,1658,1.99,4,0,0
64.13,10,1252,6.91,0,0,0
43.61,10,1764,120.16,3,0,0
6.82,10,1341,23.27,3,0,0
95.43,10,561,37.23,3,0,0
157.89,11,282,23.31,0,1,0
881.12,11,377,3.32,4,1,0
35.51,11,1032,24.74,2,1,0
30.19,11,297,3.59,6,0,0
16.11,11,427,45.4,2,0,0
68.68,11,1130,167.42,2,0,0
68.21,12,598,16.04,3,0,0
22.37,12,1225,6.84,1,0,0
45.04,12,1795,36.34,0,0,1
6.19,12,158,99.57,2,0,1
151.26,12,1154,17.38,1,0,0
23.39,12,1477,96.74,2,0,0
52.56,13,252,2.03,0,0,1
11.37,13,1409,205.41,2,0,0
28.77,13,913,24.38,2,1,1
40.14,13,1131,44.11,0,0,0
53.92,13,92,60.06,5,1,0
92.55,13,784,16.59,2,0,0
265.86,14,660,34.65,2,0,0
122.24,14,276,54.45,3,1,0
157.34,14,1373,33.21,0,1,0
267.93,14,910,46.64,2,1,0
102.17,14,1580,20.66,2,0,0
52.44,14,286,31.63,2,0,0
165.67,15,1315,11.88,1,0,0
177.74,15,1088,6.97,0,0,0
111.43,15,1171,128.57,1,0,0
11.02,15,557,79.86,1,0,0
21.64,15,1243,131.5,3,0,0
40.35,15,445,2.75,2,0,0
128.71,16,1372,159.52,0,0,0
53.33,16,793,22.4,1,0,0
190.67,16,863,152.17,1,0,0
232.01,16,1045,12.7,0,0,0
204.2,16,151,1.04,2,0,0
205.63,16,661,34.02,0,0,0
17.45,17,365,85.43,3,0,0
92.84,17,1734,37.06,2,0,0
27.99,17,759,7.52,1,1,0
8.9,17,10,10.65,1,0,0
39.8,17,46,7.43,1,0,0
234.44,17,1643,75.17,2,0,0
90.63,18,282,35.65,1,0,0
502.5,18,1,1.11,0,1,0
66.35,18,381,18.39,4,0,0
806.4,18,390,49.92,4,1,0
66.37,18,143,21.79,3,0,0
55.97,18,1793,49.28,1,0,1
13.37,19,106,37.6,3,0,0
185.23,19,1310,15.52,0,0,1
31.43,19,1506,9.18,3,0,0
26.8,19,1160,51.78,3,0,0
223.49,19,238,54.05,2,0,0
195.2,19,1306,190.18,0,0,0
189.66,20,593,14.75,4,0,0
36.66,20,734,167.33,1,1,0
51.62,20,452,17.99,3,0,0
51.12,20,1411,40.15,3,0,0
129.12,20,1043,0.73,5,0,0
301.55,20,278,129.7,2,0,1
81.86,21,733,3.01,2,0,0
479.33,21,1429,7.31,1,0,1
146.48,21,1687,42.06,1,0,0
42.17,21,1691,42.81,3,0,0
135.85,21,242,76.23,2,0,0
356.57,21,1543,27.6,2,0,0
491.82,22,1019,30.9,0,0,1
201.46,22,1331,222.17,1,0,0
56.16,22,694,26.37,1,1,0
43.02,22,1172,43.69,0,0,0
102.89,22,464,96.44,0,0,1
344.25,22,937,95.81,4,0,0
87.98,23,406,29.93,5,1,0
90.02,23,711,36.41,2,1,0
57.77,23,734,19.06,2,1,0
38.07,23,1558,23.19,1,0,0
45.68,23,1130,129.51,2,0,0
63.37,23,1165,36.7,1,0,1
361.37,0,510,70.23,2,0,0
41.94,0,782,2.53,2,0,0
57.85,0,851,7.56,2,0,0
21.07,0,1412,11.96,4,0,0
120.1,0,333,24.97,3,0,0
245.51,0,97,4.28,2,0,0
326.02,1,909,4.81,2,0,0
68.29,1,1463,33.26,5,0,1
102.7,1,1320,39.09,2,0,0
46.11,1,1459,61.75,2,0,0
97.59,1,708,118.02,2,0,0
77.12,1,411,38.8,3,0,0
58.21,2,1187,55.5,2,0,1
63.53,2,67,112.94,4,0,1
89.76,2,1611,16.04,2,0,0
39.51,2,1284,44.62,1,0,0
41.81,2,907,29.58,5,0,0
357.13,2,359,5.49,1,0,0
1076.64,3,450,9.03,5,0,0
14.52,3,1792,11.99,2,0,0
13.66,3,26,9.19,3,0,0
19.05,3,16,136.08,1,0,0
48.73,3,625,8.48,0,0,1
146.26,3,413,53.81,0,0,0
104.62,4,1218,5.19,4,0,1
65.97,4,75,100.78,2,1,1
97.69,4,1413,103.35,0,0,0
25.5,4,1408,143.71,3,0,0
41.74,4,413,56.59,3,0,0
53.4,4,1041,31.7,2,0,0
9.56,5,1209,98.47,2,0,0
15.22,5,1527,85.36,0,1,0
15.9,5,1318,31.4,4,0,0
126.54,5,1732,33.45,1,0,0
71.51,5,208,49.55,4,0,0
106.93,5,1098,5.72,0,0,0
7.22,6,1391,7.03,3,0,0
10.68,6,417,11.13,1,0,0
113.24,6,393,3.84,1,1,0
2.57,6,166,69.93,3,0,0
210.0,6,1774,61.71,0,0,0
7.35,6,1559,9.86,1,1,0
138.06,7,217,10.8,2,0,0
20.54,7,441,111.26,5,0,0
173.09,7,824,51.26,0,1,1
1861.2,7,1608,3.46,2,0,0
4.48,7,1486,17.91,4,0,0
117.32,7,1580,43.51,1,0,0
7.47,8,1490,62.13,3,0,0
87.31,8,1130,30.67,5,0,0
43.49,8,523,11.42,1,0,0
62.98,8,1087,7.96,1,1,0
20.03,8,889,37.08,2,0,0
128.84,8,1711,117.44,1,0,0
11.1,9,807,31.85,1,0,0
213.96,9,1360,47.78,1,0,0
34.81,9,312,2.51,1,0,0
11.67,9,1229,37.13,1,0,0
315.59,9,816,24.39,1,0,0
50.7,9,784,3.58,5,0,0
445.14,10,1358,15.43,1,0,0
209.24,10,871,37.55,2,0,0
22.69,10,106,130.03,2,0,1
49.73,10,700,7.98,1,0,0
62.37,10,1733,27.67,2,1,0
292.64,10,1703,17.45,1,0,1
88.35,11,1105,16.68,2,1,0
66.28,11,1148,45.45,2,0,0
43.82,11,473,198.09,2,0,0
51.64,11,1404,34.86,4,0,1
229.3,11,1078,63.38,0,0,0
54.82,11,66,12.67,4,0,0
35.36,12,1708,13.45,2,0,0
29.34,12,1534,2.91,3,0,0
29.69,12,146,18.75,1,0,0
11.68,12,751,224.77,2,0,0
23.92,12,1336,85.59,3,0,0
283.8,12,1326,50.55,4,0,1
43.5,13,301,6.77,0,0,0
118.49,13,72,29.44,2,0,0
3.57,13,1772,64.75,3,0,0
102.02,13,1608,30.54,1,0,0
45.72,13,1329,18.37,1,0,0
32.15,13,1187,64.1,1,0,0
66.62,14,1235,79.88,1,0,1
31.65,14,823,31.73,0,0,0
5.28,14,1231,7.17,1,0,0
150.58,14,546,78.42,1,1,0
71.33,14,150,23.26,3,0,0
38.65,14,559,52.31,4,0,0
18.86,15,528,68.61,3,0,0
10.84,15,546,14.79,3,0,0
69.85,15,847,29.84,2,0,0
322.08,15,235,4.93,0,0,0
68.27,15,733,33.9,1,0,0
11.93,15,834,23.1,3,0,0
69.94,16,338,101.63,0,0,0
51.49,16,816,161.05,1,0,0
141.24,16,1213,11.56,5,0,0
106.42,16,741,35.55,1,1,1
2.05,16,4,75.5,2,0,0
99.46,16,1265,26.96,2,0,0
18.1,17,1041,130.29,1,0,0
11.43,17,755,65.73,2,0,0
44.38,17,41,22.15,5,0,0
85.8,17,160,29.53,3,1,0
8.98,17,142,10.45,1,0,1
118.51,17,1533,1.0,2,0,1
126.43,18,555,17.74,1,1,0
57.49,18,765,68.07,2,0,0
21.02,18,1252,20.09,3,0,0
18.59,18,1179,29.17,5,0,1
168.77,18,115,7.85,2,0,0
10.36,18,1673,2.61,6,0,1
176.08,19,477,69.32,0,0,1
45.53,19,1381,19.23,0,0,0
49.14,19,1497,18.56,1,0,0
8.34,19,969,8.48,3,0,0
46.46,19,291,1.32,3,0,0
107.23,19,981,31.0,1,0,0
12.55,20,440,88.31,2,0,1
94.49,20,1529,35.77,1,0,0
60.21,20,1358,61.1,0,0,0
26.89,20,1482,70.3,1,0,1
139.79,20,1491,12.47,1,0,0
4.84,20,321,35.51,2,0,0
79.95,21,54,23.17,1,0,0
324.21,21,1127,85.93,1,0,0
266.12,21,1105,95.94,7,0,0
83.83,21,1558,61.98,3,0,0
39.18,21,1148,111.48,1,0,1
27.13,21,1445,19.66,3,0,0
39.13,22,627,32.6,0,0,0
99.3,22,224,18.4,3,0,0
22.47,22,68,69.8,0,0,0
125.61,22,784,1.15,1,0,1
570.48,22,3,6.69,4,0,1
51.01,22,932,48.58,2,0,0
12.44,23,721,12.05,4,1,1
12.44,23,464,6.41,2,0,0
128.28,23,1064,122.84,0,0,0
51.13,23,1223,40.69,2,0,0
143.24,23,71,0.2,2,0,1
30.36,23,857,77.73,3,0,0
136.14,0,1691,45.56,2,0,0
45.87,0,535,4.15,1,0,0
24.39,0,1405,51.11,2,0,0
35.12,0,606,17.09,2,0,0
14.63,0,488,34.09,1,0,0
487.02,0,1542,46.0,2,0,0
49.11,1,641,11.14,2,0,0
110.94,1,1559,56.59,3,0,1
30.25,1,1178,13.55,2,0,0
17.17,1,1462,42.34,0,0,0
42.21,1,1466,52.17,2,0,1
183.33,1,1644,6.97,1,0,0
30.79,2,998,22.49,2,0,0
20.96,2,1714,0.81,3,0,0
64.78,2,107,41.65,2,0,0
94.53,2,885,12.23,4,0,1
332.66,2,713,78.59,3,0,0
80.57,2,174,61.03,1,0,0
110.87,3,1571,7.54,4,0,0
120.45,3,1440,95.24,2,0,0
15.36,3,1347,25.31,5,0,0
18.92,3,1140,4.26,1,0,0
16.57,3,1083,2.52,2,0,0
12.61,3,684,45.45,4,0,0
130.97,4,1230,39.48,1,0,0
75.12,4,1755,5.83,3,0,0
59.59,4,452,17.37,1,0,0
3.15,4,609,4.11,2,1,0
523.76,4,196,7.38,6,0,0
20.42,4,1633,81.97,1,0,0
521.65,5,954,75.67,4,0,0
11.09,5,1066,93.11,1,0,0
22.34,5,479,54.62,2,0,0
4.84,5,65,15.59,3,0,0
81.32,5,1448,10.51,1,0,0
16.26,5,1548,7.71,2,0,1
16.77,6,613,82.68,5,0,0
12.06,6,1371,5.91,0,0,0
128.39,6,1029,30.25,5,0,0
119.42,6,1156,16.13,3,0,1
400.71,6,310,3.78,4,1,0
25.68,6,1106,69.86,4,0,0
69.46,7,290,41.34,3,0,0
13.22,7,393,97.59,2,1,0
37.77,7,642,38.11,6,0,0
30.85,7,386,99.87,2,0,1
91.0,7,1636,22.23,2,0,0
167.12,7,52,10.7,1,0,0
162.42,8,1627,15.89,6,0,0
21.6,8,277,12.3,0,1,0
163.75,8,1566,115.09,2,0,0
52.01,8,605,37.99,3,0,0
38.2,8,1658,36.31,2,0,0
25.04,8,973,62.88,2,0,0
29.49,9,881,6.57,1,0,0
371.13,9,235,14.46,2,0,0
76.57,9,780,5.23,4,0,1
66.16,9,1003,17.47,3,0,1
40.92,9,1770,2.09,1,0,0
804.79,9,473,135.7,4,0,0
229.41,10,149,38.06,0,0,0
24.7,10,457,62.77,5,0,0
40.41,10,437,226.31,4,0,0
43.13,10,1706,12.68,2,0,0
64.1,10,270,12.41,4,1,0
25.25,10,1786,27.19,3,1,1
88.47,11,203,32.71,2,0,0
269.7,11,1460,18.13,3,0,0
12.87,11,746,14.2,1,1,0
15.78,11,97,2.64,1,0,0
32.09,11,1104,32.58,3,0,1
33.77,11,1311,94.09,0,0,0
491.92,12,1509,7.43,3,0,1
164.33,12,321,69.12,4,0,0
154.28,12,1111,44.15,2,0,1
40.82,12,1024,0.93,0,0,0
39.85,12,796,41.87,5,0,0
11.06,12,1608,165.57,3,0,1
129.01,13,761,78.62,1,0,0
93.71,13,684,9.56,2,0,0
224.66,13,945,37.88,3,0,0
43.3,13,1671,21.29,1,0,0
46.71,13,1561,1.6,1,0,0
65.83,13,1275,26.85,1,0,0
145.63,14,145,59.76,3,0,0
10.83,14,541,71.44,1,0,0
122.69,14,27,15.68,2,0,0
53.38,14,170,8.89,2,0,1
17.04,14,1497,8.76,1,0,1
5.51,14,1467,124.79,5,0,0
46.99,15,184,55.05,2,1,0
268.4,15,824,96.98,3,0,0
344.52,15,502,10.23,2,0,0
80.71,15,130,22.7,0,1,1
472.58,15,686,3.39,3,0,0
52.08,15,185,1.63,3,0,1
155.81,16,1324,63.0,3,0,0
33.24,16,1740,0.55,6,0,0
31.0,16,760,8.53,2,0,0
25.91,16,437,4.76,1,0,0
5.66,16,899,21.85,4,0,0
224.93,16,1739,42.04,0,0,0
26.96,17,287,127.5,0,1,0
22.61,17,1226,8.17,1,0,1
14.91,17,167,33.33,1,0,0
43.61,17,540,11.86,2,0,1
379.87,17,790,55.07,0,0,0
546.29,17,690,8.01,2,0,0
8.79,18,321,0.51,1,1,0
36.97,18,1398,9.24,1,0,0
17.5,18,1211,15.67,4,0,1
161.93,18,783,3.83,2,0,0
74.83,18,753,13.27,4,0,0
27.11,18,134,99.98,2,1,0
59.14,19,1188,18.06,2,0,0
32.29,19,413,31.28,0,0,0
322.36,19,541,17.38,2,0,1
99.65,19,1548,2.23,2,0,0
114.07,19,1155,23.58,2,0,0
2.9,19,1253,17.74,0,0,0
50.73,20,476,170.85,0,0,0
539.98,20,901,53.86,1,0,0
234.8,20,24,6.16,4,0,0
7.16,20,441,4.06,1,0,0
38.68,20,1440,10.35,3,0,1
14.56,20,854,38.92,0,0,0
358.6,21,1142,4.61,0,1,1
71.43,21,1419,18.6,3,0,0
23.46,21,1686,15.68,0,0,0
56.69,21,146,18.11,1,0,0
3.1,21,1045,9.9,3,0,0
16.55,21,1790,8.18,0,0,0
56.83,22,359,21.44,1,0,0
138.41,22,1547,0.36,3,0,1
6.45,22,1044,49.15,1,0,1
35.9,22,572,9.97,2,0,0
165.78,22,1409,16.51,0,0,0
11.06,22,1567,36.03,2,0,0
70.25,23,256,7.48,2,0,0
58.71,23,1227,37.59,0,0,0
359.9,23,1685,6.7,3,0,0
42.39,23,1199,129.66,3,0,0
45.21,23,984,33.97,6,0,0
139.83,23,251,48.87,2,0,0
12.69,0,810,45.06,2,0,0
42.82,0,1630,30.65,1,0,0
33.07,0,1438,65.97,4,0,0
46.86,0,810,0.41,1,0,0
138.83,0,556,39.65,3,0,0
100.44,0,1445,83.62,4,0,0
23.96,1,1741,88.48,2,0,0
63.46,1,539,40.28,3,0,0
281.32,1,1459,15.95,0,0,0
21.88,1,554,20.38,1,0,0
64.05,1,1489,17.48,2,0,0
44.15,1,1736,63.48,2,0,0
50.94,2,1193,4.9,5,0,0
9.08,2,893,60.58,2,0,0
257.71,2,565,14.9,0,0,0
23.29,2,107,31.6,3,0,0
168.79,2,94,14.78,1,0,0
27.56,2,1504,51.95,2,1,0
27.44,3,1190,86.94,4,0,0
207.36,3,409,29.24,4,0,0
162.92,3,993,68.86,7,1,0
68.69,3,1581,15.93,2,0,0
126.12,3,1166,22.7,1,0,0
39.75,3,1649,24.46,2,0,0
54.1,4,211,21.04,1,0,1
26.37,4,130,48.66,1,1,0
147.59,4,1199,50.19,2,0,0
25.46,4,1048,34.26,3,0,1
279.69,4,1238,96.55,2,0,0
38.57,4,1766,68.95,2,0,0
55.84,5,196,4.21,2,0,0
125.79,5,1675,59.89,0,0,0
56.05,5,109,22.82,4,0,0
39.34,5,945,79.18,0,0,0
52.82,5,1497,0.22,0,0,0
145.94,5,1224,9.34,1,0,0
26.33,6,400,41.99,2,1,0
47.52,6,1087,32.53,0,0,1
55.22,6,1623,47.18,2,0,0
141.32,6,365,27.27,2,0,1
48.92,6,1687,76.51,2,0,1
399.07,6,1175,3.5,0,1,0
45.96,7,156,97.46,3,1,0
42.04,7,599,105.77,1,0,0
45.23,7,1551,22.81,3,0,0
12.83,7,608,12.09,1,0,0
17.45,7,1704,160.91,1,0,0
30.46,7,755,34.13,3,0,1
190.45,8,616,86.18,6,0,0
52.64,8,1533,5.14,3,0,0
32.04,8,1413,3.19,2,0,0
210.44,8,429,4.99,1,0,0
300.75,8,1405,130.58,1,0,0
217.22,8,451,88.23,2,1,1
21.36,9,1612,80.14,4,0,0
31.67,9,13,45.21,1,0,0
401.46,9,1191,17.92,3,0,0
71.18,9,279,40.57,3,0,0
40.67,9,1218,27.8,1,0,0
120.32,9,1761,79.35,2,0,0
165.34,10,1201,11.05,3,0,0
29.12,10,780,17.92,3,0,1
69.5,10,1481,13.48,2,0,0
151.29,10,351,15.19,1,0,0
15.24,10,977,0.15,1,0,0
55.34,10,1738,13.52,1,0,0
16.03,11,640,22.71,3,0,0
18.51,11,48,77.18,2,0,0
29.39,11,794,38.37,1,0,0
92.28,11,871,18.36,0,0,1
38.31,11,1461,70.14,2,0,1
26.76,11,1448,29.07,0,0,0
57.78,12,612,32.12,2,0,0
15.46,12,1391,53.74,4,1,0
87.5,12,257,27.41,2,0,0
189.53,12,340,30.11,5,0,0
50.04,12,1087,20.71,1,0,0
43.69,12,1274,22.09,4,0,0
82.33,13,1453,16.02,1,1,0
5.86,13,1120,18.65,1,0,0
98.54,13,229,16.93,0,0,1
1655.86,13,1215,37.91,2,0,1
47.71,13,772,35.45,3,0,0
47.89,13,478,15.23,1,0,0
123.71,14,610,55.29,2,0,0
333.57,14,1459,54.9,1,1,0
159.57,14,319,20.66,0,0,0
5.1,14,1006,19.87,4,0,0
101.47,14,149,33.01,1,0,0
924.38,14,1305,93.93,2,0,0
108.28,15,269,38.73,4,0,0
15.33,15,1691,0.73,3,0,0
74.44,15,1587,19.65,2,0,1
13.35,15,1539,78.66,1,1,0
211.89,15,627,33.45,2,0,0
19.08,15,1408,19.96,2,0,0
59.24,16,242,1.29,0,0,0
21.25,16,521,0.27,3,0,0
29.93,16,238,41.51,2,0,1
279.99,16,97,28.01,2,0,0
61.18,16,660,18.42,0,0,0
29.51,16,1034,27.94,1,0,0
15.49,17,1552,12.4,2,0,0
6.97,17,62,18.38,5,0,1
13.79,17,732,55.96,3,0,0
61.75,17,1285,96.38,1,0,0
160.49,17,362,32.38,1,0,0
29.48,17,1326,168.46,3,0,0
307.23,18,1026,94.35,1,0,0
24.8,18,1013,0.12,0,0,0
42.02,18,224,6.67,4,0,1
16.65,18,302,23.57,3,0,0
162.36,18,1579,38.17,5,0,0
548.54,18,1576,48.56,3,0,0
7.86,19,814,31.12,1,0,1
37.31,19,1072,25.91,1,0,0
219.48,19,975,6.18,2,0,1
11.12,19,926,2.52,3,0,0
101.83,19,1281,12.87,2,0,0
209.27,19,1021,38.29,4,0,0
59.5,20,225,5.61,1,0,0
100.01,20,149,14.65,3,0,0
378.79,20,1530,96.06,2,1,0
465.57,20,1332,24.84,2,0,0
51.0,20,357,9.88,1,0,1
30.4,20,109,15.47,0,0,0
19.85,21,395,62.01,1,1,0
159.92,21,1041,66.26,1,0,0
12.07,21,1050,20.89,0,0,0
41.35,21,304,15.84,4,0,1
61.13,21,317,51.96,2,0,0
31.4,21,373,32.76,0,1,0
74.28,22,797,66.4,2,0,0
916.87,22,419,43.05,1,0,1
47.76,22,821,19.28,3,0,0
33.82,22,25,108.81,4,0,0
166.81,22,1685,7.18,0,0,0
71.06,22,1605,6.98,3,0,1
265.94,23,609,36.76,4,0,0
65.44,23,1447,6.41,4,0,1
41.54,23,963,58.05,1,0,0
7.67,23,56,91.82,1,1,0
9.19,23,512,15.94,2,0,1
7.25,23,102,17.63,2,0,0
82.87,0,1274,8.23,2,0,0
12.2,0,1409,7.61,2,0,0
217.27,0,1110,34.2,3,0,0
56.45,0,12,1.89,2,0,0
41.74,0,424,127.81,3,0,1
21.58,0,844,20.9,3,0,0
108.25,1,260,52.55,1,0,0
22.53,1,193,16.46,1,0,1
18.47,1,547,73.71,1,0,0
201.78,1,1064,127.08,3,0,0
80.65,1,159,45.58,5,0,0
42.16,1,1797,11.14,0,1,0
110.56,2,826,92.17,2,0,0
55.14,2,309,31.02,1,0,0
83.21,2,36,14.51,1,1,0
22.23,2,1722,55.61,5,1,0
532.42,2,1070,9.24,1,0,1
28.86,2,1557,0.71,2,0,0
302.36,3,1397,36.51,2,0,0
44.36,3,1774,126.43,1,0,0
132.66,3,1601,21.0,2,0,0
122.44,3,1379,36.57,3,0,1
192.78,3,1532,30.31,3,0,0
21.66,3,1542,3.17,1,0,0
178.25,4,458,20.61,1,0,1
416.17,4,1070,27.31,1,0,0
41.08,4,1774,66.75,0,0,0
56.72,4,1561,36.6,0,0,0
30.7,4,189,37.24,1,0,0
37.3,4,200,55.12,2,0,0
358.73,5,360,41.67,1,0,0
18.09,5,1334,4.29,1,0,0
19.37,5,708,28.61,2,0,0
321.18,5,1131,6.62,3,0,0
108.53,5,251,5.81,2,0,0
562.51,5,107,38.73,1,0,0
33.27,6,1387,1.74,1,0,0
62.73,6,524,9.83,0,0,0
26.4,6,77,28.9,1,0,0
63.92,6,388,9.01,3,1,0
7.76,6,581,85.13,0,0,0
115.98,6,729,14.14,3,1,0
77.93,7,1614,34.85,3,0,0
51.25,7,357,70.28,0,0,0
35.54,7,1087,20.67,1,0,0
20.4,7,494,88.07,1,0,0
121.57,7,897,16.3,6,1,0
15.06,7,532,4.45,3,1,0
95.88,8,619,12.27,2,0,0
534.8,8,1079,11.83,3,0,0
279.8,8,1061,4.44,3,0,0
10.43,8,242,58.01,1,0,0
30.25,8,282,19.73,1,0,0
86.8,8,433,29.12,1,0,0
50.54,9,1618,38.12,1,1,0
11.71,9,570,39.84,2,0,1
83.42,9,1040,82.95,2,0,0
54.0,9,808,83.02,1,0,0
448.43,9,637,91.67,1,0,0
41.32,9,68,17.83,3,0,0
197.32,10,794,41.32,0,0,1
13.55,10,1798,90.77,1,0,0
17.62,10,1693,74.98,3,0,0
120.76,10,540,108.52,4,0,0
179.85,10,959,116.38,1,0,0
19.05,10,517,52.11,1,0,0
56.06,11,1658,116.36,1,0,0
11.94,11,998,27.35,0,1,0
44.73,11,1656,2.34,5,0,0
137.09,11,1537,7.39,3,1,0
33.84,11,589,24.32,2,1,0
41.52,11,822,1.39,4,0,0
15.76,12,1025,8.72,4,0,0
26.76,12,447,18.73,4,0,0
377.63,12,1496,57.17,1,0,0
59.16,12,1018,20.2,4,0,0
18.13,12,373,26.52,3,0,0
38.62,12,869,105.43,1,0,0
9.42,13,1478,72.59,1,1,1
17.89,13,761,38.11,4,0,0
243.81,13,1278,87.0,2,0,0
46.68,13,1770,53.32,0,0,0
436.94,13,603,1.54,1,0,0
49.16,13,1792,109.58,1,0,0
52.48,14,745,12.86,0,0,0
110.5,14,1011,32.99,2,0,0
2.89,14,1391,60.42,4,0,0
68.4,14,122,18.24,3,0,0
51.73,14,1262,25.26,2,0,0
279.96,14,1020,2.21,3,0,1
157.77,15,1179,8.95,1,1,0
15.69,15,1714,5.23,1,0,1
214.08,15,873,17.36,0,0,1
40.91,15,1666,6.15,7,0,0
20.19,15,1021,117.51,1,0,0
67.82,15,387,34.48,1,0,0
43.68,16,1174,0.26,2,0,0
296.58,16,342,42.36,2,0,0
79.41,16,1618,43.89,0,1,0
68.46,16,274,20.18,3,0,0
147.04,16,897,3.83,5,0,0
181.66,16,1475,24.63,4,0,0
129.28,17,16,61.13,2,0,0
260.19,17,882,104.05,1,0,0
106.65,17,911,1.06,3,0,0
65.66,17,608,2.82,2,0,0
213.38,17,1211,9.25,1,0,0
49.4,17,584,23.99,4,0,0
56.63,18,673,25.38,1,0,0
362.76,18,495,11.3,3,0,1
325.09,18,1123,49.95,3,0,0
54.11,18,1588,22.01,4,0,1
33.15,18,319,92.62,1,0,0
273.01,18,737,65.71,0,0,0
131.69,19,406,15.78,2,0,1
77.26,19,439,74.71,1,1,1
38.32,19,1748,3.8,2,0,0
78.64,19,1278,8.17,2,0,0
53.31,19,1700,27.75,3,0,0
26.29,19,1143,230.42,0,0,0
62.93,20,1199,30.45,1,0,0
73.11,20,1287,83.43,4,0,0
36.13,20,1175,55.45,1,0,0
147.56,20,1479,49.57,4,0,0
225.36,20,586,27.3,1,0,1
158.68,20,182,4.12,3,1,0
40.29,21,879,42.44,4,0,0
125.39,21,3,64.49,2,0,0
59.49,21,85,14.67,1,0,0
14.02,21,91,9.22,2,0,0
114.43,21,139,142.29,1,0,0
64.12,21,1272,13.73,4,0,0
946.62,22,1075,25.11,0,0,0
271.24,22,1682,12.24,3,1,1
119.37,22,521,53.13,1,0,0
71.81,22,595,36.5,4,0,0
65.37,22,882,6.47,1,0,0
18.1,22,1406,58.42,1,0,0
8.06,23,1675,58.27,2,0,0
20.91,23,1312,23.68,4,0,0
51.81,23,912,38.36,0,0,1
5.39,23,1760,61.39,3,1,0
30.0,23,326,18.31,1,0,0
41.58,23,847,96.11,0,0,1
43.08,0,444,14.7,2,0,0
26.37,0,298,98.55,2,0,0
37.5,0,713,93.67,0,0,0
363.68,0,1377,164.61,3,0,0
113.11,0,575,1.89,2,0,0
29.48,0,1473,98.9,1,0,0
50.64,1,1099,68.81,1,0,0
52.92,1,1273,28.44,2,0,0
23.46,1,437,35.53,0,1,0
23.43,1,1553,7.31,0,0,1
165.93,1,366,7.23,2,0,0
34.41,1,668,84.35,6,0,0
16.38,2,1409,27.47,1,0,0
52.07,2,1242,142.97,2,0,0
62.17,2,539,3.31,3,0,0
6.23,2,474,7.7,1,0,0
52.21,2,779,2.43,4,0,1
141.85,2,803,157.68,3,0,1
89.69,3,107,8.55,1,0,0
634.46,3,436,36.65,6,0,0
216.2,3,278,41.42,1,0,0
268.76,3,278,112.0,2,0,1
1188.08,3,636,45.8,4,0,0
125.71,3,64,79.46,1,0,0
65.33,4,1218,1.58,0,0,0
159.35,4,1208,55.37,3,0,0
29.51,4,396,29.31,0,0,0
61.46,4,1575,26.07,3,0,0
26.78,4,1068,43.16,4,0,0
84.59,4,565,0.17,0,0,0
26.65,5,349,4.45,2,0,0
25.65,5,772,8.78,3,0,1
86.04,5,1728,138.16,1,0,0
46.92,5,6,9.5,3,0,0
6.55,5,36,119.35,3,0,0
11.01,5,743,10.81,2,0,1
15.46,6,1654,59.69,2,0,0
20.67,6,506,5.4,3,0,0
86.13,6,1345,4.74,1,0,0
69.47,6,1033,18.54,2,0,0
176.23,6,358,65.55,3,0,0
124.97,6,1635,65.42,3,0,0
177.52,7,293,22.24,1,0,0
106.62,7,911,0.57,4,0,0
68.76,7,1192,37.34,3,0,0
182.96,7,1215,11.55,2,1,0
150.11,7,1537,89.02,2,1,0
82.57,7,1269,0.59,2,0,0
221.0,8,1183,6.07,2,0,0
4.14,8,274,7.7,0,0,0
39.67,8,551,31.18,5,0,1
39.0,8,623,7.57,0,0,0
194.02,8,667,8.88,1,0,0
307.52,8,203,162.0,2,0,0
11.08,9,171,6.65,0,0,0
257.83,9,793,65.96,1,0,0
15.05,9,1301,31.96,2,0,1
15.56,9,1597,8.77,4,0,1
42.19,9,1692,16.64,0,0,0
38.47,9,865,1.25,3,0,0
9.83,10,1616,0.32,3,0,0
111.59,10,821,4.35,2,0,1
115.28,10,852,1.92,0,0,0
174.07,10,376,27.57,3,0,0
33.89,10,1130,34.11,2,0,0
52.27,10,558,17.87,2,0,0
52.8,11,873,7.53,3,1,0
349.6,11,1685,22.79,1,0,0
2.42,11,983,28.23,3,0,0
19.06,11,545,151.42,4,0,0
54.93,11,1206,18.74,2,0,0
16.54,11,1316,29.92,2,0,0
41.09,12,1091,27.72,3,0,0
47.53,12,75,12.84,1,0,0
26.48,12,407,62.46,2,0,0
58.61,12,230,116.84,2,0,0
108.96,12,1720,114.4,2,0,0
42.1,12,560,0.6,2,0,1
33.16,13,853,38.95,1,0,0
45.5,13,1622,19.98,3,0,0
54.15,13,1784,78.21,4,0,0
8.05,13,394,21.29,2,0,0
90.71,13,1546,21.54,3,0,0
33.24,13,1308,30.05,4,0,0
218.7,14,1105,41.64,0,0,0
104.6,14,301,79.0,2,0,0
197.76,14,1244,72.8,1,0,0
17.96,14,1103,82.95,4,0,0
36.29,14,803,29.46,1,0,0
13.92,14,1056,5.14,0,0,1
25.14,15,379,33.48,4,0,0
216.44,15,1119,82.78,1,0,1
280.41,15,275,65.22,3,0,0
15.44,15,515,28.43,4,0,0
32.98,15,890,30.34,2,1,0
50.21,15,291,42.09,1,0,0
103.98,16,1644,30.49,2,0,0
7.88,16,1595,51.64,0,0,1
9.36,16,853,34.84,1,0,0
93.56,16,1024,16.44,6,1,0
6.4,16,524,36.95,4,0,0
33.4,16,381,21.84,2,0,0
65.25,17,1729,73.51,4,0,1
86.25,17,743,35.87,2,0,0
46.72,17,1716,9.32,2,0,0
36.51,17,120,163.2,4,0,0
138.25,17,192,29.75,2,0,1
74.72,17,855,21.28,3,0,0
26.8,18,1407,0.13,3,0,0
56.91,18,763,7.68,2,0,0
83.22,18,1511,10.62,4,0,0
361.43,18,238,5.28,2,1,0
129.67,18,1541,0.43,2,0,0
207.68,18,799,51.04,1,0,0
27.89,19,513,30.38,2,0,0
30.67,19,1151,30.13,4,0,0
42.14,19,1401,17.74,1,0,0
46.62,19,1671,17.89,3,0,1
18.01,19,157,94.76,1,0,0
219.76,19,1265,6.49,0,0,0
144.27,20,566,93.13,3,0,0
39.01,20,904,47.0,2,0,0
110.6,20,831,32.36,0,0,0
69.77,20,1386,10.15,6,0,0
120.52,20,717,32.19,4,1,0
12.44,20,503,36.26,2,0,0
46.51,21,877,13.25,0,0,0
51.22,21,1203,14.36,2,0,0
108.42,21,1523,2.48,7,0,0
27.35,21,9,19.82,3,0,0
3.49,21,1023,3.98,1,0,0
16.61,21,130,15.58,2,1,0
51.05,22,1115,83.83,3,0,0
58.57,22,1123,46.91,1,0,0
347.97,22,1539,137.0,1,0,0
103.65,22,346,102.87,1,0,0
59.72,22,1430,129.3,1,0,0
52.69,22,1239,37.53,3,0,0
183.94,23,1197,57.47,2,0,1
28.53,23,1146,54.95,2,0,0
46.79,23,989,4.64,0,1,0
16.47,23,114,70.46,3,0,0
260.03,23,1463,17.25,3,0,0
84.08,23,706,21.32,2,0,0
25.07,0,188,17.92,6,0,0
48.14,0,1103,8.81,4,0,0
95.64,0,1705,33.38,2,0,0
41.44,0,1284,24.15,1,0,1
30.33,0,442,33.0,2,0,0
26.58,0,1468,20.92,2,0,0
79.27,1,1523,29.93,2,0,1
36.82,1,594,17.41,1,1,0
33.14,1,941,4.87,1,0,0
12.56,1,1506,57.59,4,0,0
59.47,1,283,14.46,1,0,0
44.73,1,637,28.87,4,1,0
38.33,2,821,10.05,1,0,0
67.94,2,12,11.55,2,0,0
124.31,2,300,6.3,2,0,0
118.12,2,1098,41.86,1,0,0
100.28,2,474,95.88,1,0,1
41.9,2,435,169.61,2,1,0
29.26,3,532,76.4,3,1,0
17.32,3,223,16.08,2,0,0
28.43,3,1146,24.12,1,1,0
55.79,3,465,31.27,1,0,0
22.99,3,1172,11.39,3,0,1
60.68,3,1490,66.4,2,0,0
18.88,4,861,22.57,0,0,0
8.78,4,1645,69.04,3,0,0
134.47,4,353,25.04,2,0,0
32.4,4,1731,8.45,1,0,0
21.74,4,579,35.84,2,0,1
16.39,4,545,40.85,3,0,0
86.95,5,1763,49.49,1,0,0
247.74,5,820,19.16,2,0,0
35.04,5,1345,18.74,3,0,0
43.07,5,1444,38.33,3,0,0
177.47,5,806,42.6,3,0,0
7.45,5,572,69.5,0,0,0
475.11,6,884,133.58,1,0,0
803.12,6,693,1.03,1,0,0
2.78,6,749,71.56,0,0,0
49.05,6,427,88.39,2,0,1
24.76,6,1646,34.89,3,0,0
40.8,6,1030,27.17,3,0,0
34.46,7,1433,23.3,1,0,0
133.34,7,1186,118.95,2,0,0
48.24,7,635,5.88,2,0,0
20.05,7,573,29.23,2,0,0
45.18,7,1768,151.27,0,0,0
96.18,7,43,14.19,4,0,0
14.85,8,530,37.42,3,0,1
8.93,8,1324,106.34,2,0,0
488.83,8,982,37.43,2,0,1
26.93,8,1109,21.01,3,0,0
46.94,8,38,60.99,3,0,0
35.25,8,394,4.21,2,0,0
99.77,9,1078,9.56,2,1,1
383.78,9,566,26.74,1,0,0
103.33,9,846,2.98,2,0,0
10.28,9,1722,8.69,2,0,0
11.91,9,1148,3.54,1,0,1
35.2,9,1134,8.45,1,0,0
40.65,10,353,21.63,4,0,0
8.21,10,1071,24.55,4,1,0
134.46,10,1728,103.4,1,0,1
16.53,10,1151,75.95,3,0,0
282.2,10,1413,11.13,2,0,0
404.52,10,1718,17.98,1,0,0
41.55,11,1622,9.48,3,0,0
88.49,11,611,35.68,2,0,1
14.08,11,532,44.98,1,1,1
108.42,11,505,63.13,6,1,0
31.56,11,1386,18.52,0,0,0
16.51,11,678,111.58,3,0,0
39.72,12,1480,54.02,0,0,0
32.71,12,1441,14.35,1,0,0
38.18,12,1198,93.16,3,0,0
155.19,12,217,24.55,3,0,0
23.02,12,1281,33.84,0,0,0
368.16,12,372,7.31,2,0,0
12.71,13,994,20.12,1,0,0
322.78,13,410,152.94,3,0,0
17.85,13,111,45.59,2,1,0
54.54,13,1145,98.05,3,1,0
31.84,13,812,17.21,2,0,0
37.41,13,1154,123.29,4,0,0
131.83,14,882,72.29,1,0,0
284.24,14,669,99.73,5,0,0
202.26,14,28,257.66,1,0,0
34.98,14,497,48.85,1,0,0
66.87,14,1585,18.9,2,0,0
23.1,14,1358,78.25,2,1,0
18.34,15,834,56.99,5,0,1
15.47,15,57,204.87,1,0,0
33.74,15,1772,33.31,4,0,0
71.85,15,1329,24.6,1,0,0
6.67,15,39,44.15,1,0,0
51.88,15,378,2.48,3,0,0
289.35,16,306,14.94,3,1,0
187.56,16,1624,24.86,5,0,0
28.68,16,1717,64.2,2,1,0
11.75,16,744,50.75,2,0,0
90.54,16,320,21.86,2,1,0
4.27,16,1156,9.51,2,0,0
185.15,17,490,8.02,5,0,0
43.17,17,217,9.02,1,1,0
409.29,17,466,17.01,2,0,1
8.17,17,456,4.22,1,0,0
149.9,17,96,2.86,0,0,0
48.88,17,1261,91.19,4,0,0
37.93,18,633,105.27,1,0,0
12.1,18,990,22.99,3,0,0
105.14,18,990,122.03,2,0,0
114.86,18,1386,168.87,1,0,0
389.02,18,1372,23.03,0,1,0
165.48,18,1014,30.21,3,0,0
28.41,19,1508,11.83,1,0,0
18.1,19,1024,10.5,1,0,0
12.12,19,47,0.35,1,0,0
276.04,19,1544,31.84,2,0,0
23.2,19,1385,6.04,2,0,0
278.18,19,764,20.43,2,0,0
97.28,20,695,25.88,2,0,0
78.48,20,1611,84.86,1,0,0
38.96,20,766,1.97,2,0,0
112.93,20,669,10.51,0,0,0
53.68,20,1318,6.04,0,0,0
36.37,20,591,3.21,3,0,0
117.4,21,727,57.15,3,0,0
46.6,21,1402,38.01,3,1,0
22.69,21,401,57.71,1,1,0
105.62,21,20,8.76,4,1,0
50.89,21,605,25.89,2,0,0
93.49,21,309,56.14,6,0,0
33.14,22,651,17.27,3,0,0
14.44,22,129,11.39,1,0,1
368.18,22,1060,50.24,3,0,1
299.25,22,921,22.18,3,0,1
144.34,22,490,1.31,5,0,0
35.64,22,1130,249.06,2,0,0
39.24,23,260,35.61,1,0,0
249.77,23,18,41.79,5,0,0
37.0,23,858,20.48,0,0,0
27.23,23,290,56.25,3,0,0
428.14,23,1540,100.03,2,0,1
51.81,23,544,37.09,2,0,0
381.94,0,771,47.63,1,0,0
11.73,0,529,23.58,2,0,0
96.54,0,780,100.54,3,1,0
532.82,0,174,60.85,3,1,0
56.41,0,1680,66.91,2,0,0
40.84,0,311,21.44,2,0,0
15.11,1,711,20.07,1,0,0
179.57,1,1524,9.66,3,0,0
23.4,1,767,30.95,2,0,0
49.19,1,1261,7.35,0,0,0
14.04,1,123,23.17,3,0,0
302.65,1,532,8.7,3,0,0
194.49,2,1367,4.61,0,0,0
52.73,2,474,40.65,4,0,0
15.34,2,745,2.06,1,0,0
295.75,2,144,91.98,2,0,0
36.51,2,908,14.27,3,0,0
16.19,2,628,62.57,4,0,1
7.86,3,1548,11.23,3,0,0
26.83,3,716,106.96,2,0,0
11.02,3,1488,22.64,2,1,0
27.52,3,1627,20.02,2,0,1
123.82,3,1510,20.58,2,0,0
36.13,3,1337,4.09,4,0,0
80.74,4,1051,18.84,0,0,0
24.64,4,862,53.56,6,0,0
58.66,4,146,0.39,0,1,0
451.69,4,242,69.9,4,0,0
37.21,4,684,101.42,1,0,0
83.34,4,1181,10.16,4,0,0
9.76,5,8,28.37,3,0,1
290.65,5,1684,61.79,0,0,0
32.3,5,1786,94.21,3,0,0
173.4,5,140,23.34,3,0,0
47.68,5,173,45.87,4,0,1
106.99,5,1527,36.34,1,0,0
114.22,6,359,32.69,2,0,0
33.19,6,324,8.55,5,0,0
181.47,6,336,14.93,1,0,0
23.69,6,1262,25.12,2,0,1
128.47,6,238,37.96,3,0,0
35.54,6,330,42.81,2,0,0
80.2,7,715,93.28,1,0,1
32.85,7,1080,6.76,1,0,0
57.68,7,1782,12.69,2,1,0
16.74,7,427,49.1,2,0,0
71.69,7,458,16.86,3,0,0
57.32,7,975,30.68,2,0,0
30.14,8,751,129.81,1,0,1
51.39,8,1080,45.47,0,0,1
63.27,8,443,9.53,2,0,0
27.72,8,1113,46.22,3,0,0
47.39,8,1665,2.92,0,0,1
18.06,8,1229,25.27,4,0,0
720.76,9,1323,2.37,2,0,0
175.04,9,124,31.57,3,0,1
73.73,9,1624,23.28,1,0,1
198.21,9,1266,10.3,2,0,0
6.19,9,1128,49.43,0,0,0
3.28,9,278,36.08,0,0,0
35.19,10,996,45.68,6,0,1
11.98,10,1218,23.37,2,1,0
42.09,10,1122,55.91,2,0,0
68.46,10,223,47.85,0,0,0
150.27,10,73,7.21,1,0,0
15.61,10,862,30.05,1,0,1
84.74,11,1291,70.88,2,0,0
55.47,11,696,3.44,1,0,0
80.02,11,1237,42.11,6,0,0
30.82,11,1741,3.77,0,0,1
250.0,11,1601,27.6,0,0,0
48.72,11,1135,59.25,1,0,0
384.37,12,1310,53.89,2,0,1
22.89,12,158,57.02,0,0,0
123.61,12,153,38.37,1,0,0
51.13,12,1261,75.32,2,0,0
38.07,12,1441,2.69,0,0,0
109.46,12,349,65.33,3,0,0
39.29,13,1066,0.48,0,0,0
2.92,13,515,11.52,3,0,0
1.88,13,195,39.91,3,0,0
221.33,13,681,58.37,2,0,0
211.3,13,805,131.29,1,1,0
435.32,13,1397,29.89,3,0,0
53.56,14,1556,56.75,6,0,0
13.17,14,1699,5.9,2,0,0
34.41,14,188,35.39,1,1,0
55.29,14,1663,43.16,4,0,0
18.03,14,932,19.97,2,0,0
334.77,14,307,75.77,3,0,0
641.27,15,1165,45.22,2,0,0
92.4,15,108,28.15,2,0,0
53.95,15,830,114.24,0,0,0
13.14,15,1491,94.27,3,0,0
299.19,15,1748,58.91,2,0,0
59.38,15,518,72.96,2,0,0
39.72,16,314,47.1,1,0,0
92.69,16,1049,60.19,1,1,0
28.67,16,283,11.78,7,0,0
64.17,16,1761,9.78,1,0,0
11.17,16,590,15.4,3,0,1
180.51,16,335,91.6,2,0,0
48.67,17,428,8.48,4,0,0
195.33,17,674,16.15,5,0,0
43.76,17,1334,15.12,3,0,1
47.0,17,1561,61.09,3,1,0
14.39,17,1325,96.89,2,0,0
125.93,17,1169,152.03,2,0,1
20.83,18,486,9.46,0,1,0
31.97,18,1687,68.27,0,0,0
54.66,18,1799,34.47,3,0,0
62.39,18,1137,51.55,0,0,0
8.36,18,1409,33.23,1,0,0
42.36,18,546,33.0,2,0,0
130.94,19,805,8.53,2,0,0
36.01,19,1449,27.87,1,1,0
42.64,19,763,117.38,2,0,0
65.28,19,1366,11.44,1,0,0
47.53,19,1547,6.37,1,0,0
17.57,19,1680,28.91,3,1,0
52.46,20,524,24.53,2,1,0
162.96,20,857,65.82,1,0,1
17.18,20,694,31.82,3,1,0
36.16,20,905,17.38,2,0,0
11.94,20,1336,36.41,4,0,0
153.78,20,582,20.35,1,0,0
49.32,21,419,68.22,2,1,0
21.43,21,483,19.0,1,1,0
60.43,21,1378,72.91,1,0,0
14.53,21,1793,55.02,1,0,0
17.52,21,185,20.54,3,0,0
10.96,21,1759,40.26,0,0,0
16.89,22,57,14.52,3,0,0
243.0,22,953,132.68,3,0,0
24.38,22,240,81.7,4,0,0
91.18,22,1719,11.57,3,0,0
21.76,22,1371,70.84,1,0,0
125.9,22,641,62.43,3,1,0
17.66,23,1235,2.97,1,0,0
57.01,23,1529,17.2,0,0,0
57.87,23,391,105.28,2,1,0
706.69,23,1142,7.44,2,0,0
109.23,23,539,10.88,2,0,0
28.44,23,1290,8.19,2,0,0
116.0,0,1021,17.32,3,0,0
573.63,0,1292,4.24,1,0,1
9.09,0,1146,49.78,1,0,0
21.61,0,1144,90.39,1,0,0
42.07,0,152,2.75,0,0,0
34.51,0,1534,4.42,2,0,0
37.86,1,308,5.23,1,0,0
13.01,1,705,48.24,5,0,1
255.79,1,919,7.55,1,0,0
11.42,1,1528,51.87,4,0,0
43.81,1,1132,97.86,3,0,0
172.5,1,330,24.45,2,0,0
52.82,2,515,35.61,4,0,1
18.59,2,359,54.7,0,0,0
12.38,2,1063,14.81,6,1,0
42.39,2,1291,9.38,1,0,0
23.74,2,1276,93.54,0,1,0
68.43,2,1350,20.91,0,0,0
11.69,3,1263,88.15,2,0,0
133.53,3,1624,11.34,1,0,0
62.0,3,1631,9.33,2,0,0
67.28,3,494,35.79,2,0,0
266.45,3,547,162.49,2,1,0
33.73,3,100,60.74,1,0,0
24.57,4,481,17.35,1,0,0
29.89,4,913,149.48,1,0,0
44.18,4,1185,5.3,1,0,0
49.4,4,1575,14.81,1,0,0
21.89,4,1069,10.98,0,0,0
5.9,4,1748,25.47,1,0,0
29.46,5,995,103.4,2,0,0
81.11,5,1544,1.41,1,0,0
63.43,5,1454,14.87,3,1,0
204.28,5,881,94.78,1,0,0
469.2,5,1570,6.87,2,0,1
125.87,5,1554,51.89,2,0,0
249.83,6,562,112.75,1,0,1
126.91,6,385,0.28,4,0,1
358.13,6,218,47.62,2,0,0
418.19,6,1658,3.72,1,0,0
155.44,6,795,0.02,1,0,0
118.75,6,1020,29.63,1,0,0
43.56,7,491,21.03,1,1,1
52.17,7,700,27.05,1,0,0
37.65,7,724,12.37,4,0,0
108.13,7,1046,25.87,4,0,0
24.72,7,315,93.66,3,1,0
44.25,7,1411,18.74,4,0,0
4.09,8,703,28.55,4,0,0
363.36,8,432,12.82,3,0,0
42.84,8,26,70.19,1,0,0
90.12,8,183,7.39,1,0,0
271.39,8,484,22.88,1,0,1
75.97,8,1319,51.68,4,1,0
267.41,9,1538,19.88,4,0,1
13.93,9,1714,112.79,4,0,0
762.89,9,536,42.53,1,0,0
180.52,9,1146,30.58,2,0,0
68.73,9,482,5.84,2,0,0
261.8,9,256,46.97,0,0,0
15.1,10,977,32.77,2,0,0
39.75,10,1158,6.26,2,0,0
267.38,10,1369,43.43,3,1,0
7.0,10,209,7.39,0,0,1
101.14,10,1344,41.02,2,0,0
98.04,10,546,139.91,1,0,1
476.35,11,501,3.96,3,0,0
9.57,11,56,15.63,1,0,0
320.73,11,367,8.13,3,0,0
29.51,11,877,48.46,1,0,0
33.39,11,340,45.75,1,0,0
14.24,11,578,49.05,2,0,0
16.5,12,954,40.89,3,0,1
85.1,12,175,1.03,3,0,0
16.06,12,1575,33.03,3,1,0
123.26,12,556,2.38,0,0,0
26.33,12,1366,120.24,1,0,0
14.38,12,1165,3.25,2,0,1
30.55,13,1352,104.55,4,1,0
79.07,13,520,4.85,1,0,0
40.24,13,309,12.41,3,0,0
56.69,13,257,9.35,2,0,0
117.43,13,412,17.03,3,0,0
179.59,13,980,83.16,1,0,0
38.82,14,1123,13.74,1,0,0
17.31,14,1355,29.4,2,0,0
59.36,14,1734,11.7,4,0,0
91.63,14,1494,6.0,5,0,0
10.95,14,642,24.09,1,0,0
20.5,14,849,56.97,1,0,0
24.75,15,1718,9.42,1,0,0
43.44,15,1279,14.69,2,0,1
23.64,15,750,9.71,2,1,1
118.84,15,1499,43.24,1,0,1
9.34,15,245,20.87,4,0,0
9.61,15,1211,12.54,2,0,0
37.82,16,1707,235.77,0,0,0
45.01,16,949,62.95,1,0,0
11.02,16,1103,17.39,3,0,0
28.01,16,107,62.8,1,0,1
35.12,16,1088,155.05,3,0,0
35.42,16,522,2.76,3,0,0
64.53,17,1790,25.62,2,0,0
26.37,17,575,15.52,3,0,0
277.44,17,565,45.47,2,0,0
93.41,17,711,106.24,2,0,0
22.47,17,1254,44.4,1,0,0
60.58,17,1711,63.73,0,1,1
62.58,18,623,42.8,2,0,0
207.72,18,375,59.91,3,0,0
28.21,18,1376,39.21,1,0,0
126.99,18,974,5.9,2,0,0
57.17,18,818,35.36,3,0,1
281.67,18,1784,0.72,0,0,0
225.87,19,892,0.98,2,1,0
67.81,19,1113,74.13,2,0,0
40.91,19,1766,0.46,0,0,1
95.32,19,376,8.73,3,0,0
44.77,19,1624,1.46,3,0,0
346.66,19,1728,54.93,1,0,0
59.52,20,847,7.2,4,0,1
34.95,20,605,15.12,1,0,0
32.93,20,292,20.32,0,0,0
14.38,20,86,12.25,1,0,0
100.71,20,1771,9.16,3,0,1
22.15,20,776,9.68,2,0,0
182.72,21,1202,65.89,4,0,1
13.17,21,433,54.8,4,0,0
62.8,21,582,67.93,2,0,0
193.49,21,1473,58.21,3,0,0
5.12,21,1181,4.95,3,0,0
502.75,21,395,124.65,3,0,0
34.2,22,9,4.39,0,0,0
63.77,22,1475,49.81,2,0,0
102.37,22,144,3.79,2,0,0
121.36,22,65,31.97,2,0,1
73.79,22,540,3.04,3,0,0
163.55,22,1672,45.98,5,0,0
96.64,23,1160,50.71,2,0,0
378.79,23,75,7.17,1,1,0
96.99,23,1650,0.49,3,1,0
473.95,23,1689,2.58,6,0,0
147.11,23,1254,22.1,0,0,0
7.49,23,132,26.37,0,0,0
965.08,0,25,9.28,1,0,0
29.03,0,1570,55.78,3,0,1
282.9,0,1480,13.22,6,0,0
56.23,0,1496,105.69,3,0,0
175.42,0,875,14.6,3,0,0
25.6,0,1069,13.53,1,0,1
108.67,1,311,33.66,4,0,0
41.33,1,64,131.26,2,0,1
310.1,1,398,7.65,3,0,0
88.46,1,1118,55.69,5,1,0
152.86,1,723,5.68,2,0,0
5.05,1,1112,14.74,4,0,0
49.69,2,793,15.44,2,0,0
85.76,2,1002,71.21,1,0,0
69.82,2,1712,30.25,0,0,1
157.16,2,1136,0.85,3,0,0
36.51,2,1717,59.3,2,0,0
57.61,2,1742,21.62,0,0,0
200.21,3,1111,95.02,1,0,1
4.45,3,1791,8.89,2,0,0
104.41,3,448,14.24,0,1,0
37.82,3,936,23.32,0,0,0
20.01,3,134,34.66,0,0,0
79.06,3,165,16.34,0,0,0
210.65,4,238,116.11,0,0,0
171.24,4,241,4.34,2,0,0
47.06,4,738,6.01,2,0,1
143.07,4,1296,0.03,3,0,0
141.86,4,1774,47.99,3,0,0
49.6,4,1767,26.33,3,0,0
25.47,5,321,116.19,2,0,1
27.15,5,784,97.46,2,0,0
137.23,5,776,4.7,1,0,0
52.12,5,176,35.6,1,0,0
17.27,5,71,237.9,0,0,0
8.56,5,635,15.05,0,0,1
136.32,6,1541,50.74,2,0,0
29.92,6,693,26.12,1,1,0
78.53,6,690,81.2,2,0,1
213.51,6,1793,0.05,2,1,0
12.94,6,679,10.17,1,0,0
51.95,6,1235,17.9,1,0,0
45.25,7,1766,128.16,1,0,0
82.91,7,212,0.79,0,0,0
213.38,7,919,64.63,1,0,1
12.65,7,606,0.09,1,0,0
102.18,7,213,66.99,6,0,0
169.81,7,87,2.26,5,0,0
44.48,8,1166,13.31,1,1,1
46.94,8,1175,37.18,2,0,0
86.51,8,1011,6.92,7,0,0
79.78,8,1210,5.85,3,0,0
103.61,8,1294,57.09,1,1,0
101.23,8,103,30.76,2,0,0
18.54,9,61,33.46,2,0,0
162.28,9,603,37.74,1,0,0
197.05,9,1023,51.93,4,0,0
67.0,9,1625,36.07,2,0,0
10.55,9,1763,52.88,3,0,1
48.12,9,1488,113.09,0,0,0
67.62,10,524,57.6,2,1,0
15.5,10,1033,16.71,3,0,1
36.74,10,208,11.62,2,1,0
11.58,10,872,84.53,3,0,1
106.49,10,177,19.98,1,1,0
65.53,10,1787,81.31,3,0,0
8.93,11,811,3.18,1,0,0
80.37,11,1299,43.2,4,1,0
51.31,11,187,20.61,2,0,0
96.36,11,1714,9.65,1,0,1
35.49,11,943,42.07,3,1,0
22.61,11,128,6.98,4,0,0
23.38,12,663,20.61,3,0,0
30.21,12,381,17.5,0,0,1
55.74,12,124,96.09,1,0,0
64.25,12,55,51.25,1,1,0
44.27,12,1282,88.02,3,0,0
34.27,12,1562,55.99,2,0,0
37.09,13,1188,7.11,6,0,1
861.35,13,1249,25.34,0,1,0
23.39,13,67,3.26,2,0,0
29.55,13,319,4.22,3,0,0
2045.18,13,61,9.55,1,0,0
86.76,13,1753,28.25,2,0,0
11.97,14,1328,28.86,1,1,0
137.96,14,1720,50.28,3,0,0
20.06,14,1629,9.71,2,0,0
148.41,14,404,27.22,4,0,0
43.29,14,920,61.03,4,0,0
33.66,14,1164,28.68,2,0,0
320.56,15,1334,53.61,3,0,0
101.8,15,1202,40.8,2,0,0
159.22,15,815,34.67,5,0,1
88.09,15,7,31.23,1,1,0
33.49,15,1689,83.39,1,0,0
106.96,15,1239,18.13,0,0,0
206.47,16,1505,71.02,2,0,0
63.32,16,398,41.34,3,0,0
396.16,16,191,49.84,1,0,1
139.15,16,1622,11.83,3,0,0
68.94,16,1450,68.27,2,0,0
72.0,16,1509,30.69,4,0,0
63.49,17,792,15.92,1,0,0
13.79,17,1629,4.44,2,1,0
49.45,17,403,29.05,2,0,0
69.64,17,1363,41.89,3,0,1
34.55,17,889,2.02,1,0,0
79.16,17,296,10.08,2,1,1
55.89,18,1291,28.02,3,0,0
127.88,18,648,35.22,0,0,0
113.23,18,285,12.13,2,0,0
65.62,18,1276,40.67,4,0,0
12.13,18,1389,23.87,0,0,0
391.43,18,581,38.09,4,0,0
46.71,19,1740,27.13,2,0,0
49.95,19,1278,2.16,2,0,1
37.46,19,40,85.36,1,0,1
31.9,19,605,79.74,4,0,0
298.41,19,1753,17.68,3,0,0
250.8,19,319,104.19,0,0,0
89.02,20,1716,51.81,5,1,0
48.51,20,932,82.66,1,0,0
107.88,20,1215,53.37,2,0,0
59.22,20,1235,22.87,1,0,0
44.29,20,921,33.09,3,0,1
79.2,20,930,17.33,2,0,0
33.61,21,1021,4.86,2,0,0
72.06,21,1155,17.67,2,0,0
68.35,21,1327,42.21,1,0,1
105.98,21,788,45.79,1,0,0
27.63,21,784,20.99,0,0,0
119.24,21,1400,2.07,4,0,0
20.15,22,1362,16.77,3,0,1
29.08,22,1169,89.76,4,0,0
30.51,22,829,40.78,0,0,0
16.79,22,1034,23.06,3,0,0
166.87,22,1027,6.33,4,0,0
18.8,22,783,7.75,4,0,0
25.31,23,321,116.95,1,0,1
217.23,23,964,24.49,1,0,0
29.15,23,797,44.95,1,0,1
44.39,23,91,103.4,1,1,0
17.94,23,1719,47.22,1,0,0
136.49,23,1200,21.54,2,0,0
138.57,0,204,9.84,2,0,0
123.08,0,367,7.21,2,0,0
98.62,0,1028,22.25,4,0,0
59.2,0,1548,60.88,3,0,1
30.67,0,873,20.67,2,0,0
22.28,0,1462,5.99,3,0,0
225.63,1,230,67.45,2,0,0
126.63,1,950,2.6,2,0,0
25.47,1,1489,34.57,1,1,0
57.04,1,1524,49.64,4,0,0
39.25,1,432,8.5,1,0,0
15.78,1,1207,3.48,1,0,1
66.38,2,71,65.44,3,0,0
34.57,2,254,106.62,4,1,0
19.15,2,1620,179.26,0,0,0
10.73,2,1333,45.18,2,0,1
9.77,2,372,5.53,3,0,0
36.29,2,1792,34.96,3,0,0
49.72,3,1786,151.63,0,0,0
20.85,3,73,39.66,1,0,0
111.7,3,46,0.41,3,0,0
50.8,3,440,9.31,4,1,0
102.98,3,1429,6.87,2,0,1
44.65,3,1075,24.91,4,0,0
22.97,4,922,16.85,2,0,1
61.9,4,747,290.4,0,0,0
13.61,4,863,12.53,3,0,0
98.83,4,1147,67.93,0,1,0
19.48,4,114,13.6,0,0,0
149.91,4,1055,3.44,2,0,0
37.63,5,397,20.44,0,1,0
175.7,5,1418,20.56,0,0,0
15.88,5,351,21.38,3,0,0
25.91,5,127,76.29,1,0,0
83.02,5,782,41.88,2,0,0
197.86,5,793,39.04,2,0,0
341.47,6,933,23.9,1,0,0
57.14,6,1548,27.31,0,0,1
412.2,6,1259,0.16,1,0,0
39.7,6,652,7.54,3,1,0
182.85,6,1307,5.44,5,0,0
19.37,6,906,23.19,0,1,1
86.68,7,402,44.89,2,0,0
4.15,7,38,62.16,1,0,0
15.9,7,7,111.57,3,0,0
91.23,7,403,66.88,2,1,0
12.89,7,1474,4.01,1,0,0
87.33,7,834,64.28,1,0,1
147.98,8,813,59.43,1,0,0
31.45,8,718,5.8,1,1,0
18.81,8,460,48.82,5,0,0
32.41,8,1286,43.73,0,0,0
18.87,8,22,46.81,1,1,0
48.85,8,1101,2.11,0,0,0
61.09,9,1686,20.24,1,0,0
38.99,9,1584,43.29,0,0,0
344.4,9,664,8.05,2,0,0
24.75,9,1538,5.42,4,0,0
252.29,9,427,0.46,2,0,0
17.37,9,434,52.69,1,0,0
59.15,10,618,44.4,1,0,0
200.62,10,31,6.63,5,0,0
189.52,10,478,30.15,1,0,0
34.39,10,1538,17.2,1,0,0
100.54,10,1372,25.25,5,0,0
86.77,10,592,76.82,2,0,0
30.15,11,562,7.15,3,0,1
107.51,11,624,14.26,1,0,0
423.58,11,214,8.89,0,0,0
91.73,11,285,0.37,3,0,0
101.8,11,1786,240.91,0,0,0
114.36,11,1247,31.85,5,0,1
10.95,12,1219,10.65,4,0,0
90.58,12,504,7.79,2,0,0
17.84,12,1540,51.42,2,0,0
28.53,12,318,51.12,5,0,0
588.83,12,1743,96.88,2,1,0
41.32,12,906,182.18,1,0,0
24.19,13,595,16.93,2,0,0
194.0,13,1350,20.25,0,0,0
19.25,13,750,49.61,2,0,0
33.38,13,485,39.14,5,0,1
215.71,13,1230,83.01,4,0,0
57.23,13,1299,50.17,2,0,0
9.8,14,1085,17.32,3,0,0
99.32,14,831,34.74,2,0,1
35.3,14,591,32.27,1,1,0
297.03,14,726,73.1,0,0,0
28.03,14,1573,3.13,3,0,0
173.53,14,647,33.22,2,0,0
385.01,15,1740,50.67,2,1,0
21.41,15,262,28.3,1,1,0
44.14,15,292,43.49,0,1,0
83.72,15,598,11.63,1,0,0
21.26,15,5,69.52,1,1,0
73.5,15,1582,4.8,2,0,0
42.63,16,612,85.61,7,0,0
41.7,16,183,23.13,3,0,1
57.62,16,1113,20.08,0,0,0
59.05,16,1724,13.14,1,0,0
65.38,16,1788,80.88,0,0,0
28.26,16,193,99.08,3,0,0
29.65,17,1427,29.49,3,0,0
47.92,17,651,15.92,1,0,0
51.98,17,1505,92.91,1,0,0
33.69,17,1091,1.99,1,0,0
77.97,17,1317,4.88,2,0,0
7.42,17,1508,30.02,3,0,1
24.45,18,1611,32.59,1,0,0
40.13,18,258,73.82,3,0,0
21.29,18,1302,16.01,3,0,0
327.71,18,253,78.98,2,0,0
55.74,18,1699,33.81,1,0,0
66.32,18,1131,20.89,4,0,0
32.09,19,346,20.13,2,0,0
53.66,19,526,5.0,5,0,0
14.34,19,1612,31.38,2,0,0
45.3,19,1160,103.69,6,0,0
19.48,19,412,0.92,3,0,0
40.24,19,1477,15.95,2,1,0
3.27,20,1292,39.06,3,1,1
15.79,20,138,32.25,2,0,0
273.23,20,509,63.69,2,0,0
136.11,20,1520,38.06,3,0,0
232.98,20,631,30.96,2,0,0
251.26,20,67,58.97,1,0,0
114.47,21,1086,33.14,1,0,0
33.18,21,1617,7.42,2,0,0
17.44,21,1001,37.47,0,0,0
192.75,21,1756,34.3,4,0,0
58.62,21,205,87.98,0,0,0
848.46,21,1201,9.27,1,0,0
36.54,22,1169,74.61,1,1,0
478.27,22,1771,80.84,0,0,0
45.95,22,938,10.22,1,0,0
237.38,22,1479,12.98,2,0,0
352.96,22,261,5.92,1,0,0
17.72,22,79,104.27,0,0,0
32.02,23,1289,39.8,2,0,0
17.53,23,6,41.58,2,0,0
14.11,23,1574,22.56,1,0,0
113.72,23,37,6.21,1,0,1
43.98,23,1239,58.72,2,0,1
57.84,23,813,99.38,1,1,0
100.67,0,1161,11.69,2,0,0
7.08,0,1122,103.14,2,0,0
224.85,0,799,17.63,3,0,0
37.19,0,866,4.72,3,0,0
98.07,0,906,9.9,3,0,0
108.07,0,1218,45.01,3,0,0
246.63,1,1278,92.43,2,0,0
48.65,1,809,15.51,0,0,0
5.28,1,634,25.11,3,0,0
58.14,1,76,7.43,0,1,0
68.09,1,1402,77.31,1,1,0
17.5,1,407,71.45,3,1,0
64.22,2,781,7.77,1,0,0
36.7,2,1786,54.49,3,0,0
12.47,2,1412,109.66,0,0,0
114.28,2,622,73.09,2,0,0
29.37,2,854,33.21,1,0,0
34.92,2,584,37.21,0,0,0
32.82,3,1127,19.64,1,0,0
212.52,3,275,55.27,3,0,0
52.2,3,1714,79.01,2,1,0
59.56,3,1776,51.93,4,0,0
33.63,3,537,17.98,2,1,0
90.84,3,414,7.03,3,0,0
240.87,4,970,6.98,3,0,0
111.35,4,1164,140.89,1,0,0
116.23,4,1158,75.52,1,0,0
106.36,4,75,13.83,3,0,0
11.96,4,1279,5.49,3,0,0
20.83,4,119,22.64,0,0,0
43.58,5,615,25.91,1,0,0
24.57,5,1290,38.81,2,0,0
16.93,5,1596,7.64,1,0,0
6.96,5,1143,81.48,3,0,0
12.41,5,287,45.91,3,1,0
41.17,5,1224,55.82,1,0,0
50.58,6,66,80.4,4,0,0
22.82,6,415,60.79,0,0,1
59.55,6,222,13.62,2,0,0
33.88,6,1772,1.07,2,0,1
181.21,6,663,3.7,1,0,0
45.71,6,1005,84.2,4,0,0
117.44,7,1423,10.2,1,0,0
68.27,7,1745,15.62,2,0,0
11.68,7,1791,2.06,2,0,1
49.42,7,295,52.88,3,0,0
14.02,7,709,1.93,2,0,0
48.48,7,729,16.53,1,0,0
24.06,8,1433,20.04,1,0,0
83.11,8,604,26.11,3,0,1
12.47,8,416,38.23,4,0,0
55.49,8,1359,12.01,1,0,0
102.48,8,891,63.73,0,0,0
148.17,8,1345,23.51,2,0,0
23.56,9,683,12.06,2,0,0
55.67,9,875,19.13,3,0,0
66.86,9,16,97.0,2,0,1
299.42,9,29,128.11,4,0,0
10.7,9,0,62.7,3,0,0
20.04,9,315,170.07,2,0,0
1193.81,10,625,2.25,2,0,0
40.43,10,90,4.16,2,0,1
6.82,10,289,10.63,3,0,0
28.77,10,1524,12.51,1,0,0
2.6,10,1538,83.1,0,0,0
71.17,10,521,13.28,5,0,0
133.06,11,1703,57.95,0,0,0
20.03,11,212,11.6,6,0,0
32.53,11,56,1.54,4,0,0
150.81,11,637,2.94,0,0,0
7.96,11,476,7.59,2,1,0
12.76,11,139,17.88,1,0,0
42.48,12,1525,32.55,2,0,0
23.87,12,1761,25.92,1,0,0
39.52,12,486,15.82,4,0,0
13.6,12,567,36.46,1,0,0
69.11,12,1293,13.19,1,0,0
46.33,12,1679,58.85,2,0,1
99.89,13,516,1.57,2,0,0
68.06,13,1228,4.38,1,0,0
68.54,13,41,30.82,2,0,0
11.12,13,1018,17.64,0,0,0
93.86,13,1776,29.42,3,0,1
37.94,13,855,124.91,2,0,0
45.46,14,1154,143.59,2,0,0
172.97,14,1237,9.57,7,0,0
24.74,14,1138,33.24,2,0,1
241.36,14,1235,13.72,2,1,0
267.45,14,1596,78.12,2,0,0
124.97,14,18,0.96,0,0,0
18.57,15,1592,51.38,1,0,0
4.93,15,1634,77.34,1,0,1
178.88,15,1627,21.92,2,1,0
61.71,15,662,52.69,2,1,0
24.05,15,1049,7.35,1,0,0
198.53,15,635,79.87,1,0,0
21.16,16,1512,74.11,4,0,0
34.24,16,731,4.26,1,0,0
97.26,16,563,7.9,4,0,0
16.04,16,1233,45.27,1,0,1
48.4,16,88,97.86,1,0,0
180.92,16,676,3.19,1,0,1
68.87,17,371,17.39,4,0,0
215.33,17,672,51.08,4,0,0
189.99,17,807,16.65,3,1,1
55.06,17,114,19.84,1,0,0
4.18,17,1556,39.52,2,0,1
16.18,17,749,5.52,4,0,0
126.43,18,645,7.0,2,0,0
9.92,18,269,25.2,2,0,1
38.12,18,1792,5.83,2,0,0
79.23,18,1540,12.68,3,0,0
274.93,18,867,10.06,4,0,0
29.01,18,602,28.55,0,0,0
26.9,19,841,34.22,4,0,0
51.54,19,1729,24.53,2,0,0
80.32,19,398,12.0,0,0,0
46.08,19,1232,39.46,2,0,0
173.16,19,1626,49.87,1,0,0
22.67,19,1361,12.24,2,0,1
62.31,20,1566,9.3,3,0,0
89.1,20,1705,59.56,3,0,0
35.15,20,107,2.98,0,0,0
137.51,20,430,3.95,0,0,0
64.32,20,259,27.13,0,1,0
130.03,20,1021,85.68,3,0,0
67.59,21,733,56.59,3,0,0
82.6,21,73,56.76,1,0,0
27.23,21,1003,26.72,3,0,0
27.28,21,181,39.55,3,0,0
209.94,21,733,33.97,2,0,0
109.84,21,659,32.29,0,0,0
17.72,22,1608,117.72,2,0,0
66.62,22,1228,90.83,2,0,0
4.01,22,1123,6.0,1,0,0
29.04,22,1497,32.02,0,0,0
157.14,22,324,64.54,1,0,0
47.58,22,461,4.29,0,0,1
62.16,23,1354,22.35,4,0,1
1.98,23,1348,32.11,2,0,0
35.46,23,38,2.07,1,0,0
79.21,23,403,6.71,2,0,0
91.09,23,408,27.73,0,1,0
157.37,23,10,16.8,4,0,0
43.32,0,1190,38.89,2,0,0
45.5,0,97,22.69,1,1,0
12.61,0,1514,127.84,2,0,0
43.6,0,1054,32.48,1,0,0
13.63,0,1371,8.32,3,1,0
7.15,0,894,44.08,0,0,0
16.55,1,1746,6.67,2,0,0
287.02,1,486,27.59,2,0,0
40.54,1,1004,53.2,4,0,0
69.54,1,11,10.47,1,0,1
31.04,1,1499,47.37,5,0,0
7.62,1,1022,11.82,3,0,1
152.89,2,316,17.3,0,0,0
5.01,2,1471,147.03,2,0,0
29.66,2,1780,19.64,1,0,1
51.41,2,123,46.59,6,0,0
70.35,2,1522,11.04,3,0,0
24.55,2,1325,12.61,4,0,0
7.23,3,637,30.76,3,0,0
22.62,3,1142,11.83,4,0,1
23.96,3,1413,2.63,1,0,0
23.33,3,862,8.12,1,0,0
158.71,3,1199,58.74,2,0,0
14.37,3,87,43.77,2,0,0
76.03,4,1665,32.5,1,1,0
64.98,4,1662,33.36,2,0,0
157.04,4,378,23.96,3,0,0
47.16,4,859,130.7,2,0,1
130.35,4,429,24.58,5,0,0
45.18,4,719,71.06,3,0,0
88.04,5,495,26.01,1,0,0
10.45,5,1550,54.51,3,0,0
3.0,5,1250,33.85,6,0,0
82.71,5,1522,57.87,1,1,0
87.73,5,1427,74.61,4,0,0
92.12,5,1309,27.69,4,0,1
30.65,6,299,35.2,1,0,0
281.1,6,1492,12.12,3,0,0
32.92,6,1409,17.72,2,1,0
86.74,6,223,264.66,2,0,0
105.01,6,157,40.75,4,0,0
361.63,6,1369,1.01,1,0,0
38.52,7,702,1.67,0,0,0
26.62,7,590,52.99,1,0,0
10.51,7,713,8.14,1,0,0
301.15,7,1561,24.65,1,0,0
86.8,7,654,81.63,1,0,1
89.87,7,666,31.13,3,0,0
1683.07,8,718,88.3,1,0,0
78.07,8,97,123.25,0,0,0
13.03,8,67,3.73,2,0,1
44.01,8,745,44.56,2,0,0
18.69,8,30,25.58,1,0,0
35.32,8,1362,26.82,0,0,1
35.06,9,763,18.16,5,0,1
28.62,9,901,50.01,1,0,0
11.79,9,604,68.67,1,0,0
314.74,9,1374,4.64,1,0,0
75.85,9,769,66.67,3,0,0
42.61,9,63,0.95,0,0,0
125.64,10,878,13.63,1,0,0
91.67,10,318,52.65,0,0,0
73.94,10,1071,18.39,3,0,0
115.99,10,1014,53.68,3,1,0
63.26,10,854,182.32,0,0,0
114.12,10,693,42.84,2,0,0
125.01,11,1072,14.66,3,0,0
65.3,11,1224,15.26,0,0,0
42.84,11,1581,34.62,1,0,0
293.96,11,1732,36.69,1,0,0
32.28,11,149,4.9,1,0,0
83.97,11,1187,18.77,4,0,1
86.08,12,152,9.08,2,1,0
27.92,12,751,8.72,1,0,0
22.45,12,1334,80.29,2,1,0
36.99,12,976,24.28,1,0,0
31.77,12,1454,54.05,3,0,0
10.98,12,1643,13.08,1,0,0
26.67,13,1752,70.68,2,0,0
73.17,13,1211,14.42,4,0,0
219.76,13,1212,27.57,2,0,0
100.47,13,1445,34.26,2,0,0
3.13,13,419,142.29,3,0,1
110.55,13,542,9.23,0,0,0
29.55,14,614,66.4,1,0,0
89.87,14,1339,56.08,2,0,0
53.76,14,632,4.35,1,1,0
44.17,14,250,32.48,0,0,0
48.79,14,1437,16.08,2,0,0
53.27,14,1349,2.32,5,0,1
239.57,15,1069,61.26,4,0,0
53.43,15,1586,76.72,1,0,0
180.2,15,1425,3.05,3,0,1
153.53,15,1620,15.87,2,0,0
113.72,15,467,4.3,2,0,0
7.65,15,209,29.9,2,0,0
186.47,16,614,14.14,3,0,0
32.99,16,1493,4.6,2,0,0
119.98,16,1664,30.69,2,0,0
18.73,16,197,46.52,1,0,0
14.83,16,1539,20.68,1,0,0
480.12,16,861,70.1,4,0,1
19.05,17,1472,3.91,1,0,1
192.62,17,1228,3.47,2,0,0
62.19,17,108,6.9,2,0,0
34.39,17,871,2.23,1,0,0
51.97,17,160,10.43,1,0,0
13.05,17,611,0.35,2,0,0
53.78,18,1363,62.94,1,0,0
16.59,18,1230,8.14,1,0,0
35.34,18,1268,0.11,0,1,0
151.08,18,1189,86.51,4,0,1
72.21,18,26,7.81,1,0,0
10.69,18,1049,6.02,0,0,0
139.3,19,873,49.2,0,0,0
54.17,19,951,6.13,4,0,1
30.07,19,383,25.13,1,0,1
124.13,19,1270,44.63,0,0,1
45.43,19,1093,17.5,1,0,1
15.15,19,725,10.02,4,0,0
416.79,20,101,51.66,2,1,0
53.57,20,123,24.36,3,0,0
49.92,20,646,96.08,2,0,1
34.97,20,967,5.93,2,0,0
199.93,20,1794,26.61,0,0,0
30.65,20,1302,31.88,1,0,0
9.98,21,873,52.67,1,0,0
25.88,21,538,2.73,3,0,0
234.97,21,303,29.49,3,0,0
136.37,21,253,32.7,2,0,1
41.24,21,129,5.57,1,0,1
247.29,21,1641,0.52,1,0,0
124.3,22,28,2.38,2,0,1
40.72,22,1554,11.96,2,0,1
45.49,22,1050,121.39,2,0,0
78.43,22,1113,6.36,3,0,0
21.87,22,1725,164.45,0,0,1
54.87,22,1415,110.0,2,0,0
76.66,23,264,60.72,0,0,0
8.54,23,1743,27.64,3,0,0
44.33,23,316,115.59,2,0,0
39.12,23,1024,108.83,3,0,1
169.17,23,1153,111.24,1,0,0
7.18,23,439,68.15,2,0,0
35.89,0,1134,38.72,4,0,1
32.14,0,1149,18.72,2,0,0
156.97,0,1763,24.17,2,0,0
52.04,0,1646,7.78,3,0,0
393.75,0,719,7.17,3,0,0
113.12,0,1242,16.27,5,0,0
34.77,1,1477,50.63,3,0,0
71.07,1,47,17.62,4,0,0
36.99,1,1232,70.27,3,0,0
140.52,1,1650,4.43,2,0,0
12.61,1,216,4.41,0,0,1
22.06,1,1356,62.64,2,0,0
90.13,2,108,13.16,2,0,1
210.26,2,723,5.2,5,0,0
4.84,2,1475,6.88,3,1,0
247.63,2,1777,33.41,0,0,0
46.8,2,1309,1.97,2,1,0
6.87,2,1299,17.28,4,0,0
2.01,3,466,15.7,4,0,0
10.15,3,1485,0.93,2,0,0
53.43,3,1186,0.84,5,1,0
50.78,3,1697,3.05,0,0,0
109.57,3,1085,19.33,3,0,0
29.83,3,71,28.64,0,0,1
16.14,4,919,23.97,2,0,0
34.66,4,1393,169.15,3,0,0
56.65,4,1418,20.83,2,0,0
70.38,4,695,25.55,3,0,0
22.92,4,307,94.37,2,0,0
147.17,4,1564,79.04,0,0,0
27.56,5,1481,33.46,1,0,1
20.97,5,1582,9.53,4,0,0
30.07,5,1207,24.24,1,0,1
178.1,5,1491,35.31,3,0,0
47.18,5,725,48.13,1,0,0
25.43,5,1402,18.42,9,0,0
151.22,6,878,12.76,3,0,0
576.53,6,1429,107.27,1,0,0
68.76,6,263,32.54,4,0,0
212.14,6,533,12.75,2,0,0
170.66,6,385,1.83,2,0,0
28.04,6,731,145.89,4,0,0
56.22,7,1466,7.79,1,0,1
13.32,7,207,9.57,2,0,1
43.58,7,1314,23.12,1,1,0
27.42,7,1495,1.76,0,0,0
35.05,7,1208,13.15,0,1,0
23.93,7,1162,164.96,3,1,1
39.81,8,249,30.3,1,0,0
98.05,8,1102,13.09,2,0,0
47.87,8,407,18.27,2,0,0
7.02,8,442,7.06,1,0,0
24.03,8,1550,34.82,0,0,0
10.26,8,1107,11.14,1,0,1
71.41,9,1788,81.09,0,0,0
94.98,9,818,50.38,4,0,1
72.4,9,643,4.92,2,0,0
22.96,9,1791,84.4,4,0,0
71.63,9,1120,0.26,4,0,0
32.55,9,1553,132.32,1,0,0
15.61,10,80,44.78,1,1,0
123.49,10,946,8.13,0,0,0
134.27,10,1470,196.69,2,0,0
155.06,10,1455,0.17,0,0,0
27.96,10,1287,30.31,1,1,0
199.8,10,296,14.56,3,0,0
31.72,11,984,62.35,2,0,0
112.04,11,182,20.9,5,0,0
31.12,11,1443,14.02,2,0,0
42.68,11,1135,59.8,4,0,0
3.81,11,348,42.8,3,0,0
39.17,11,1308,32.59,2,0,0
60.35,12,1294,81.11,1,0,0
34.78,12,95,36.15,1,0,0
376.83,12,160,40.07,1,0,0
15.2,12,361,22.3,1,0,0
29.37,12,126,74.13,1,1,0
20.18,12,967,1.83,0,0,0
29.37,13,1583,27.4,2,0,0
169.79,13,113,58.24,4,0,0
277.5,13,1106,10.91,1,0,0
25.26,13,763,46.13,2,0,0
24.65,13,1505,48.48,4,0,0
15.29,13,867,17.85,3,0,0
229.73,14,1203,10.23,0,0,0
187.37,14,1659,54.15,3,0,0
48.59,14,245,0.53,2,0,0
11.76,14,568,104.76,1,0,0
12.97,14,485,0.69,1,0,0
65.87,14,303,11.78,2,0,0
99.91,15,1166,29.17,1,0,0
5.63,15,13,12.1,4,0,0
38.34,15,694,5.68,1,0,0
323.8,15,218,8.02,2,0,0
42.98,15,1107,0.15,1,0,0
281.07,15,1351,34.08,5,0,0
111.49,16,840,38.88,6,0,0
16.57,16,800,11.15,2,0,0
39.57,16,809,3.26,1,0,0
47.39,16,357,16.98,1,0,0
19.15,16,676,34.2,1,0,0
18.79,16,1679,8.68,2,0,0
286.42,17,74,11.71,2,0,0
18.63,17,1417,58.82,3,0,0
178.8,17,296,2.73,3,0,0
33.78,17,205,57.46,4,0,1
53.08,17,514,52.15,1,0,0
101.29,17,484,53.78,3,1,1
28.26,18,569,3.66,3,0,0
101.97,18,1528,27.09,0,0,0
5.75,18,1628,38.34,3,0,0
88.56,18,1246,47.41,0,0,0
3.61,18,263,53.11,3,1,0
42.54,18,1701,93.42,1,0,0
139.72,19,1525,33.55,1,0,0
108.26,19,137,39.43,5,0,1
13.09,19,697,2.44,2,1,0
15.08,19,1395,25.46,1,0,0
25.6,19,160,23.91,1,0,0
67.01,19,137,15.32,2,0,1
5.84,20,1090,50.91,0,0,0
53.81,20,605,23.76,0,0,0
76.91,20,794,12.84,6,0,0
39.99,20,1351,13.87,1,0,0
97.31,20,980,96.3,1,1,1
69.83,20,1279,93.64,1,0,0
30.09,21,226,36.46,2,0,1
6.49,21,3,82.82,2,0,0
63.23,21,453,81.28,2,0,0
19.14,21,363,27.45,4,0,0
28.9,21,583,5.26,2,0,1
92.48,21,1401,56.95,3,0,0
259.58,22,273,70.23,2,1,0
52.36,22,227,17.51,4,1,0
100.43,22,361,125.67,2,0,0
11.15,22,587,73.57,0,1,0
71.53,22,355,27.81,0,0,1
51.12,22,331,12.84,2,0,1
211.06,23,1043,58.23,1,0,0
30.13,23,200,52.35,1,0,0
41.85,23,277,127.37,1,0,0
174.98,23,1505,1.7,3,0,0
49.34,23,32,11.81,4,0,0
16.12,23,110,6.48,4,0,0
903.97,0,125,36.13,3,0,0
16.67,0,964,49.13,1,0,0
50.85,0,1250,84.13,3,1,0
79.95,0,1246,98.74,1,0,0
73.29,0,1242,3.5,0,0,0
44.31,0,103,63.29,2,0,0
44.56,1,620,44.45,1,1,0
42.16,1,1140,23.11,1,0,1
16.0,1,1227,188.21,1,0,0
581.28,1,601,0.61,2,0,0
42.86,1,1524,39.75,2,0,0
105.28,1,1500,5.11,1,0,1
37.78,2,1378,24.36,4,0,0
36.96,2,1435,42.06,2,1,1
33.08,2,1755,64.43,1,0,0
9.93,2,1429,8.49,2,0,0
45.76,2,1053,16.22,3,0,0
34.89,2,717,3.01,2,0,0
198.08,3,651,2.93,1,0,0
14.64,3,1480,6.56,2,0,0
28.94,3,532,2.57,3,0,1
20.32,3,1133,52.25,1,0,0
266.88,3,904,7.18,0,0,0
20.98,3,681,36.17,5,0,0
101.34,4,811,69.0,1,0,0
158.73,4,145,0.36,3,1,0
46.49,4,1277,43.98,0,0,0
12.01,4,120,21.18,2,0,0
12.18,4,132,15.25,2,0,0
140.57,4,452,22.97,0,0,0
13.64,5,956,30.27,3,0,0
84.03,5,539,44.75,2,1,1
61.92,5,1584,5.92,2,1,0
82.67,5,1669,67.24,2,0,0
91.72,5,707,44.9,1,0,0
19.55,5,1799,20.08,1,1,0
18.67,6,160,1.74,2,0,0
119.87,6,258,32.48,4,0,0
27.32,6,625,39.79,4,0,0
2.65,6,1696,31.39,5,1,1
111.46,6,906,4.23,1,0,0
17.46,6,1271,5.86,0,0,1
91.27,7,1174,125.13,2,0,0
252.67,7,897,93.31,3,0,0
55.61,7,1677,59.96,4,1,1
163.26,7,1718,101.69,1,0,0
64.66,7,806,35.08,1,0,1
312.99,7,1284,27.69,1,0,0
16.97,8,1123,54.48,1,1,0
54.11,8,1068,20.28,2,0,0
114.49,8,182,17.26,1,0,0
44.28,8,377,2.1,1,0,0
193.92,8,1782,50.5,1,0,0
33.95,8,439,4.76,2,0,0
531.82,9,1173,22.7,1,0,0
563.64,9,1640,74.6,3,0,0
74.46,9,1084,5.29,3,0,0
100.27,9,387,34.99,2,0,1
202.52,9,1547,53.17,2,0,0
14.79,9,58,43.88,2,0,0
12.89,10,1301,180.1,3,0,0
217.47,10,479,20.11,4,0,0
73.8,10,1152,17.37,4,0,0
42.56,10,865,53.7,4,0,0
55.27,10,1024,10.98,2,0,0
3.96,10,687,34.23,0,1,0
44.27,11,952,10.78,1,0,0
23.85,11,1684,68.58,4,0,0
149.89,11,1487,26.81,1,1,0
163.13,11,753,52.47,0,0,1
102.96,11,1694,3.56,3,1,0
84.35,11,1600,175.46,3,0,0
10.52,12,1129,29.4,2,0,0
104.55,12,1070,18.51,0,0,0
109.11,12,64,132.36,2,0,0
214.8,12,943,8.85,1,0,0
561.17,12,382,20.44,0,0,1
8.48,12,288,20.52,4,0,0
35.61,13,1545,28.65,2,0,0
24.13,13,487,54.93,3,1,0
66.01,13,1107,33.03,3,0,0
55.41,13,1560,17.98,0,0,0
42.2,13,1076,10.8,1,0,0
169.08,13,1403,133.83,1,0,0
16.26,14,1395,243.17,2,0,0
17.37,14,805,15.0,2,0,0
17.7,14,1659,11.55,3,0,0
36.73,14,1636,165.64,4,0,0
14.13,14,607,150.93,0,0,0
51.76,14,1474,20.08,3,0,0
45.51,15,329,22.17,1,1,1
22.98,15,201,18.01,1,1,0
142.76,15,954,130.97,3,0,0
51.14,15,1090,53.35,4,1,0
175.72,15,1050,30.12,3,0,0
44.06,15,1437,4.48,1,0,0
53.16,16,703,21.65,0,0,1
29.4,16,1455,1.06,8,0,1
54.18,16,1623,6.89,1,0,0
119.52,16,164,7.81,0,0,0
34.73,16,808,26.52,1,0,1
96.57,16,404,3.89,3,0,0
22.33,17,1181,8.87,5,1,0
125.83,17,743,14.57,2,0,0
28.85,17,506,14.86,3,0,0
139.33,17,452,3.86,4,0,0
58.39,17,638,68.29,1,0,0
290.92,17,196,66.02,3,0,0
15.34,18,188,88.05,3,0,0
10.76,18,1131,61.77,2,0,0
27.72,18,1697,4.25,1,0,0
11.9,18,913,37.25,3,1,0
11.93,18,1669,72.6,2,0,0
108.17,18,278,8.71,3,0,0
54.35,19,1751,56.47,1,0,0
32.21,19,1055,10.53,5,0,1
35.67,19,1338,156.0,2,0,0
28.31,19,111,79.0,1,0,0
335.43,19,1087,78.89,1,0,0
24.31,19,689,28.61,1,1,0
12.75,20,1617,32.41,3,0,0
131.06,20,1426,37.76,3,0,0
43.06,20,1555,12.46,2,0,0
514.22,20,1602,7.15,3,1,0
30.61,20,1297,218.82,2,0,1
138.46,20,441,12.23,2,0,0
179.54,21,509,4.09,1,0,0
30.77,21,1547,34.14,2,0,0
24.11,21,1082,40.32,3,0,1
123.41,21,1605,31.12,2,0,0
102.76,21,1431,5.4,2,0,0
11.57,21,1092,57.83,4,0,0
15.78,22,274,11.35,2,0,0
3.35,22,1767,9.5,4,0,0
105.1,22,437,60.49,1,0,0
40.94,22,443,48.22,0,0,0
45.68,22,262,15.17,3,0,0
8.49,22,124,14.88,3,0,0
16.32,23,675,18.22,4,1,0
32.27,23,1518,32.72,2,0,1
26.06,23,1558,16.97,3,0,1
62.15,23,883,20.36,2,1,0
103.73,23,566,11.37,1,0,0
662.87,23,623,43.35,4,0,0
53.41,0,1654,2.11,2,0,0
186.22,0,99,1.61,3,0,0
21.91,0,103,3.77,1,1,0
8.65,0,116,15.71,2,0,0
37.06,0,1598,41.25,3,0,0
9.42,0,163,8.71,5,0,0
55.49,1,1694,95.39,0,0,0
23.14,1,330,27.07,2,0,1
6.36,1,987,5.79,3,0,0
368.57,1,1746,15.52,3,0,0
30.23,1,208,47.16,2,0,0
9.01,1,506,10.8,2,0,0
146.64,2,1309,0.08,3,0,0
24.5,2,1470,2.33,1,0,0
181.12,2,1633,51.65,5,0,0
24.37,2,34,5.04,0,0,0
30.11,2,1398,81.83,0,0,0
79.78,2,579,113.62,2,0,0
104.85,3,1003,9.31,4,0,0
127.15,3,1631,21.46,0,0,0
49.47,3,1624,0.91,4,0,0
97.66,3,333,37.22,3,0,0
123.99,3,847,84.02,2,1,0
68.08,3,511,15.1,3,0,1
46.67,4,1106,28.44,2,0,0
11.14,4,1487,7.25,1,0,1
105.54,4,572,63.16,2,0,0
57.19,4,218,23.44,5,0,0
34.64,4,115,90.88,2,0,0
222.64,4,95,42.55,0,0,1
11.35,5,659,27.32,1,0,1
333.1,5,1738,53.0,1,0,0
53.28,5,453,52.57,0,0,1
77.42,5,728,3.92,5,0,0
35.36,5,1214,18.53,0,0,1
8.73,5,1184,6.45,2,0,0
46.83,6,486,42.62,1,0,0
78.9,6,228,4.17,2,0,0
114.88,6,281,16.02,0,0,0
43.91,6,396,51.86,3,0,0
4.89,6,155,10.62,2,1,0
10.02,6,827,72.16,2,0,0
521.77,7,1162,24.41,1,0,0
16.42,7,1215,11.77,4,0,0
262.37,7,1636,13.18,2,0,0
19.54,7,527,46.41,2,0,0
44.67,7,1178,17.55,4,0,0
108.61,7,1592,188.32,3,0,0
22.15,8,51,11.9,3,0,0
314.64,8,1406,6.9,5,0,0
59.34,8,158,48.43,3,1,1
90.64,8,992,67.92,4,0,0
40.68,8,1495,21.89,5,0,1
112.68,8,826,4.13,0,0,0
310.03,9,1007,22.24,2,0,0
47.26,9,1115,0.06,2,0,0
366.02,9,1040,46.48,5,0,1
27.86,9,1316,123.84,2,0,0
126.53,9,1546,3.19,8,0,0
93.51,9,242,21.07,1,1,0
16.85,10,748,72.67,1,0,0
69.07,10,1534,0.47,1,0,0
55.04,10,686,97.29,4,0,0
21.36,10,880,103.92,2,0,1
80.95,10,1335,2.35,2,0,1
64.13,10,1683,7.05,1,0,0
50.41,11,452,310.66,1,0,1
50.63,11,1719,85.32,3,0,0
49.45,11,1277,65.17,2,0,1
36.44,11,55,28.17,2,0,0
63.68,11,1550,97.1,0,0,0
26.89,11,692,19.91,1,0,0
1014.84,12,507,44.8,2,0,0
11.59,12,947,21.3,2,0,0
28.7,12,1037,4.07,4,0,0
31.3,12,971,4.47,4,0,0
515.19,12,99,30.27,4,0,0
12.78,12,1480,38.41,2,0,0
87.23,13,615,142.32,2,0,0
71.75,13,253,28.04,2,0,0
78.8,13,1018,79.97,2,0,0
212.72,13,1120,4.79,1,0,1
207.97,13,186,60.39,4,1,0
33.25,13,1696,58.23,0,1,0
67.59,14,1081,1.73,2,1,0
7.03,14,1794,14.95,3,0,1
60.89,14,1206,20.67,0,0,0
22.8,14,18,10.71,4,1,0
44.48,14,375,6.52,3,0,0
8.55,14,1750,56.14,6,0,0
85.23,15,1007,3.97,2,0,0
8.45,15,219,12.81,1,0,1
64.27,15,133,3.32,1,0,0
14.17,15,966,0.3,0,1,0
21.44,15,1069,7.35,1,0,0
194.46,15,443,42.27,2,0,0
104.24,16,350,50.03,2,0,1
193.28,16,1091,16.09,3,0,0
303.6,16,783,85.55,1,0,0
23.33,16,66,24.9,4,0,1
283.97,16,103,28.5,2,0,0
10.89,16,428,6.35,2,1,0
124.05,17,1015,97.92,5,0,0
31.73,17,541,44.22,2,0,0
19.62,17,26,149.29,4,0,0
107.33,17,1648,1.52,0,0,0
154.38,17,1248,169.1,3,0,0
149.43,17,1050,8.57,1,0,0
69.15,18,439,30.05,0,0,1
63.13,18,1274,83.54,1,0,0
97.47,18,1703,56.16,3,0,0
76.26,18,1216,106.64,1,0,0
99.04,18,532,78.75,1,1,0
68.33,18,706,43.97,0,0,0
137.97,19,1672,7.68,3,0,1
9.12,19,25,22.05,0,1,0
47.26,19,398,129.94,4,0,0
11.91,19,192,13.68,4,0,0
74.02,19,1154,192.04,2,0,0
332.33,19,825,34.94,0,1,0
32.41,20,239,67.53,0,0,0
62.8,20,1694,1.86,1,0,1
125.48,20,993,47.73,4,0,0
5.62,20,447,90.16,0,0,0
30.74,20,1702,25.35,1,0,1
81.53,20,1256,19.86,1,0,1
2.26,21,233,30.21,1,1,0
18.64,21,1487,26.07,4,0,0
183.27,21,106,140.89,1,0,0
164.56,21,1632,80.4,5,0,0
82.41,21,708,84.06,3,0,0
144.09,21,528,37.72,1,0,1
69.17,22,96,243.81,2,0,0
100.58,22,1676,83.34,3,0,0
38.58,22,1007,58.13,0,0,1
62.02,22,1094,24.47,4,0,1
27.23,22,1530,13.71,5,0,1
219.17,22,915,88.98,5,0,0
291.11,23,521,37.13,3,0,0
249.11,23,1401,8.57,4,1,0
34.85,23,954,28.94,1,0,0
19.12,23,429,5.32,4,0,0
222.44,23,1520,14.45,6,0,0
99.32,23,1462,19.54,3,0,0
78.37,0,445,27.1,0,0,0
27.19,0,1169,119.18,2,0,0
87.2,0,1657,12.69,5,0,0
16.55,0,1438,34.63,1,0,0
109.67,0,357,0.34,2,0,0
248.83,0,1540,44.95,1,0,0
328.37,1,101,61.58,2,0,0
119.03,1,1111,28.58,0,1,0
11.94,1,920,18.13,1,0,0
67.83,1,66,100.49,4,0,0
574.59,1,1306,36.96,2,1,1
21.0,1,535,2.88,2,0,0
51.16,2,1534,84.55,0,0,0
258.5,2,1580,9.04,2,1,0
107.65,2,1062,34.29,2,0,0
835.62,2,1128,18.77,3,0,0
24.38,2,93,27.32,2,0,0
18.38,2,1602,33.3,3,1,0
209.88,3,1226,62.02,2,0,0
14.65,3,692,58.52,3,0,0
43.97,3,154,9.73,2,0,1
50.79,3,908,21.87,2,1,1
170.65,3,1621,61.54,2,0,0
107.31,3,1552,25.09,4,0,0
90.27,4,177,53.85,6,0,0
35.07,4,1371,8.41,2,0,0
207.79,4,147,133.4,3,0,0
4575.2,4,679,31.04,4,1,0
116.79,4,804,5.6,1,1,0
60.92,4,40,13.15,2,0,0
13.1,5,247,75.44,2,0,0
27.08,5,1584,12.16,1,0,0
43.16,5,1132,24.3,1,0,0
30.32,5,1415,36.15,4,0,0
53.64,5,1028,6.38,0,0,0
385.99,5,808,4.97,1,0,0
215.27,6,32,54.41,0,1,0
45.85,6,983,35.03,4,0,0
14.45,6,1387,99.85,2,0,0
237.72,6,367,33.02,0,0,0
51.73,6,883,55.04,5,0,1
8.17,6,741,9.16,4,0,0
119.54,7,1567,9.66,0,0,1
168.72,7,293,44.87,2,0,0
3.79,7,189,50.25,0,1,1
22.04,7,379,6.84,4,1,0
48.35,7,281,49.72,3,0,0
122.48,7,1523,36.82,1,1,1
30.96,8,469,32.45,3,0,0
21.86,8,652,128.79,4,0,0
121.5,8,462,52.91,2,0,0
32.62,8,1466,20.16,3,0,0
99.11,8,1195,2.99,2,0,0
16.08,8,853,22.75,2,0,0
12.33,9,1438,92.94,0,0,0
125.31,9,127,7.23,2,1,0
72.08,9,1221,29.01,5,0,0
150.61,9,650,10.44,2,0,0
30.39,9,682,95.1,5,0,0
22.77,9,284,23.4,2,1,0
243.91,10,174,15.53,1,0,0
10.22,10,1248,8.66,2,0,1
216.29,10,1530,2.4,2,0,0
233.35,10,1640,7.8,2,0,0
140.63,10,438,18.04,0,0,0
25.62,10,1373,67.26,3,0,0
22.24,11,200,0.2,0,0,1
43.33,11,1401,90.02,4,0,0
13.14,11,1019,5.44,1,0,0
18.96,11,1551,42.22,4,0,0
110.96,11,121,19.13,3,0,0
111.53,11,1397,81.12,0,0,0
17.21,12,840,21.11,3,0,1
114.86,12,1023,12.55,2,0,1
89.99,12,970,10.94,1,0,0
287.4,12,1285,29.25,2,0,0
102.11,12,1078,2.58,2,0,0
174.94,12,748,151.37,5,0,0
92.28,13,783,74.78,1,0,0
160.44,13,127,24.46,2,0,0
13.25,13,1303,27.49,1,0,0
47.75,13,1270,7.96,4,0,0
52.31,13,1020,53.1,2,0,0
41.76,13,1298,16.95,2,0,0
88.97,14,484,21.9,1,1,0
109.71,14,402,41.91,0,0,0
84.06,14,1664,45.54,0,0,0
44.94,14,1717,42.66,2,0,0
24.31,14,1534,6.02,1,0,0
182.53,14,94,34.88,3,0,0
80.21,15,987,17.42,1,0,1
17.81,15,1324,87.22,1,0,0
44.12,15,66,4.02,0,0,0
8.02,15,1743,48.88,4,0,0
56.76,15,1416,121.88,4,0,0
43.89,15,556,6.59,1,0,0
29.02,16,911,75.45,0,0,0
312.02,16,1642,117.64,0,0,0
15.31,16,1536,209.45,4,0,0
118.75,16,1487,30.07,2,0,1
605.09,16,1771,29.65,3,0,0
178.57,16,1339,38.3,3,0,1
52.74,17,1683,69.52,0,0,0
15.68,17,1716,71.9,3,0,0
12.2,17,35,61.38,3,0,0
34.72,17,1177,26.97,2,0,0
25.64,17,601,20.4,0,0,0
24.74,17,890,5.66,0,1,0
38.13,18,301,11.99,2,0,1
48.79,18,1216,49.48,0,0,0
93.11,18,1502,37.44,4,0,0
13.99,18,741,16.13,3,0,0
25.78,18,1256,33.16,5,0,0
45.8,18,584,63.28,4,1,0
44.03,19,1349,24.76,2,0,1
411.61,19,148,19.33,0,0,0
70.49,19,1584,133.2,2,0,1
9.25,19,680,10.38,1,0,0
86.49,19,908,8.42,1,0,0
99.51,19,1445,25.44,3,0,0
47.58,20,53,13.84,6,0,0
14.37,20,1701,21.13,2,0,0
377.61,20,1106,65.5,1,0,0
16.83,20,1755,138.68,3,0,1
112.94,20,992,3.15,3,0,0
68.04,20,371,8.83,2,0,0
105.73,21,1048,64.97,1,0,0
356.93,21,1028,90.34,5,1,0
101.27,21,1657,37.17,2,0,0
29.53,21,1036,2.03,3,0,0
184.3,21,731,53.9,2,0,0
27.27,21,316,37.5,2,0,0
65.36,22,586,34.01,2,0,0
13.17,22,1046,98.32,1,0,0
17.52,22,664,34.11,1,0,1
57.77,22,652,21.62,3,0,0
81.85,22,26,245.93,2,0,0
8.39,22,1696,24.42,0,0,0
94.35,23,1506,1.03,1,0,0
22.17,23,459,16.53,2,0,1
223.11,23,247,146.57,2,1,0
37.07,23,1502,50.27,0,0,0
15.86,23,1506,44.87,0,0,0
59.35,23,1614,18.54,2,0,0
19.93,0,985,21.22,2,0,0
220.49,0,1324,11.92,2,0,0
54.63,0,1313,67.88,4,0,0
46.21,0,386,110.1,6,0,0
104.69,0,943,16.13,2,0,0
18.08,0,468,44.03,2,0,1
13.22,1,1356,56.58,3,0,1
85.56,1,1748,30.74,4,0,0
16.29,1,137,47.16,0,0,0
16.28,1,136,12.56,0,0,0
137.06,1,475,12.47,1,0,1
97.28,1,210,11.76,6,0,0
13.75,2,16,19.84,2,0,0
27.63,2,1761,16.74,2,0,0
20.2,2,1048,2.16,0,0,0
385.27,2,1398,63.5,5,0,1
147.91,2,1019,90.08,4,0,0
34.37,2,1343,3.05,4,0,0
102.91,3,1235,131.49,4,0,0
12.28,3,288,95.05,0,1,0
26.05,3,270,26.86,1,0,0
61.27,3,880,11.58,2,0,0
89.79,3,667,9.68,2,0,0
49.05,3,1513,66.1,1,0,0
71.72,4,551,7.24,2,0,0
59.51,4,591,23.91,2,0,0
45.61,4,952,40.29,2,1,0
39.42,4,346,65.51,1,0,0
34.16,4,1545,16.71,0,0,0
70.47,4,19,3.87,3,0,0
85.79,5,1525,60.07,3,1,0
67.91,5,1120,11.78,2,0,0
14.93,5,1598,78.2,4,0,0
18.2,5,528,23.19,2,0,0
84.67,5,1620,157.96,5,0,0
275.57,5,1554,10.47,3,0,0
64.56,6,822,34.83,1,1,0
34.71,6,510,101.21,3,0,1
69.88,6,354,9.18,5,1,0
15.63,6,272,9.41,1,0,0
230.4,6,1049,5.15,1,0,0
67.04,6,1728,38.59,4,0,0
26.14,7,1018,43.08,2,0,0
45.45,7,1736,78.69,4,0,0
30.58,7,1360,48.42,3,0,0
231.1,7,1233,29.09,1,0,0
43.71,7,1304,53.89,1,0,0
64.77,7,1671,29.87,2,0,0
102.63,8,1544,114.26,4,0,0
24.17,8,291,13.24,1,1,0
67.56,8,1052,6.19,2,0,0
73.84,8,828,22.79,2,0,0
9.88,8,1582,36.86,3,1,1
72.09,8,367,20.82,3,0,0
51.92,9,1475,4.63,1,0,0
62.99,9,861,139.78,2,0,0
56.78,9,1678,44.83,0,0,0
72.61,9,1424,12.17,2,0,0
237.72,9,620,10.77,1,0,0
14.92,9,1520,35.19,4,0,0
37.47,10,337,9.39,3,0,0
113.67,10,7,27.55,3,0,0
92.67,10,912,41.89,1,1,0
90.5,10,701,8.97,0,0,0
1128.83,10,226,11.05,2,0,0
107.29,10,1789,55.2,2,0,0
189.43,11,70,9.95,1,0,0
38.95,11,1060,73.73,2,0,0
18.32,11,469,74.87,1,0,0
38.64,11,533,69.51,1,0,0
119.48,11,379,38.75,3,0,0
85.41,11,700,15.25,2,1,0
85.08,12,1201,34.64,0,0,0
43.13,12,580,44.2,2,0,0
36.19,12,1298,28.07,1,1,0
44.8,12,805,191.24,2,0,1
121.14,12,1413,2.22,3,0,1
137.66,12,800,108.56,3,0,0
18.05,13,658,55.7,3,0,0
126.29,13,912,89.15,4,0,0
26.69,13,1235,74.75,1,0,0
91.45,13,836,0.57,3,1,0
44.2,13,1631,37.19,3,0,0
305.63,13,929,49.86,3,0,0
34.47,14,532,23.16,4,0,0
66.45,14,50,10.12,1,0,0
106.4,14,706,84.68,3,1,0
20.88,14,97,33.33,3,0,0
50.39,14,64,53.82,1,0,0
40.72,14,668,32.63,0,0,0
31.03,15,522,118.19,2,0,0
33.66,15,1592,51.2,1,0,0
185.53,15,1314,2.81,0,0,1
28.26,15,1423,29.54,4,0,0
101.8,15,981,6.28,3,0,0
77.17,15,198,47.6,2,0,0
11.74,16,1531,96.15,4,0,0
96.65,16,890,3.92,2,0,0
11.53,16,772,0.0,2,0,0
108.95,16,1088,7.21,1,0,0
31.25,16,294,4.73,3,0,0
55.1,16,866,21.84,2,0,1
13.15,17,1090,15.71,5,0,0
62.47,17,1255,15.08,2,0,0
151.36,17,900,3.6,2,0,0
22.47,17,1795,39.97,4,0,0
28.0,17,1782,32.47,2,0,1
90.02,17,173,100.21,1,0,0
92.53,18,149,4.19,0,0,0
3.75,18,927,4.54,3,0,1
501.17,18,1490,54.55,3,1,0
97.65,18,922,25.72,0,0,0
117.52,18,390,66.02,2,0,0
46.62,18,1012,32.17,1,0,0
7.09,19,1697,22.53,2,0,0
114.69,19,300,0.42,1,0,0
29.32,19,801,23.47,0,1,0
99.32,19,1149,48.35,1,0,0
42.92,19,707,37.24,2,0,0
70.94,19,79,36.72,1,1,1
23.28,20,1205,18.32,2,1,0
141.29,20,1334,47.04,2,0,0
14.77,20,1179,1.02,2,0,0
645.57,20,1193,57.13,1,0,0
640.18,20,1182,13.72,1,0,0
328.97,20,594,28.03,1,0,1
222.08,21,29,11.03,0,0,0
49.75,21,1780,205.04,0,1,0
197.0,21,368,47.56,2,0,0
49.12,21,1491,34.59,2,0,0
9.89,21,973,70.78,2,0,0
285.29,21,971,5.23,1,0,1
188.99,22,37,21.53,1,0,0
52.75,22,1782,24.36,0,0,0
14.19,22,951,46.52,2,0,1
28.65,22,1494,32.71,1,0,1
7.37,22,1400,22.02,0,0,0
154.41,22,248,37.15,7,0,0
9.36,23,1705,5.97,0,0,0
74.85,23,1063,27.76,1,0,0
21.58,23,333,39.12,2,0,0
11.37,23,1045,65.63,3,0,0
70.97,23,1109,26.99,4,0,0
37.82,23,1175,120.96,2,0,0
137.28,0,578,44.37,0,0,0
13.54,0,1693,118.72,1,0,0
23.74,0,426,43.1,5,0,0
3.95,0,885,2.71,1,1,0
4.94,0,1509,27.51,1,0,0
394.65,0,139,57.32,2,0,0
540.21,1,726,166.42,5,0,1
60.46,1,862,23.0,1,0,1
22.06,1,1391,92.82,3,0,0
39.32,1,1418,121.69,1,0,0
142.73,1,1434,10.77,5,0,0
31.01,1,645,53.15,3,0,0
70.91,2,884,58.98,1,0,0
53.84,2,48,3.36,2,0,1
29.2,2,1480,31.89,3,0,0
30.61,2,545,3.56,1,0,0
75.39,2,841,11.11,0,1,0
18.64,2,1227,6.92,2,0,0
89.74,3,1397,47.68,2,0,0
32.5,3,154,1.0,1,0,0
62.81,3,1380,32.26,1,0,0
250.22,3,676,34.8,1,0,0
45.38,3,751,34.28,0,0,0
150.17,3,239,55.16,0,0,0
7.6,4,1290,34.55,4,0,0
32.54,4,856,14.32,2,0,0
56.29,4,186,0.25,1,0,1
452.9,4,254,35.03,1,0,0
6.32,4,1298,3.96,2,0,0
49.12,4,196,44.17,2,0,1
271.06,5,938,11.35,2,0,0
23.02,5,1256,0.04,1,1,0
43.2,5,1641,222.33,2,0,0
78.64,5,284,7.97,1,0,0
66.88,5,532,21.04,1,0,0
305.62,5,278,28.85,2,0,0
89.42,6,1583,37.95,3,0,0
235.23,6,1066,85.07,3,0,0
36.74,6,1769,11.0,3,0,0
24.18,6,78,70.31,2,0,0
42.59,6,1270,8.5,4,0,0
15.26,6,59,39.37,0,0,0
92.93,7,196,5.83,3,0,1
35.71,7,776,0.12,3,0,1
26.08,7,660,15.34,1,0,0
94.49,7,657,3.44,1,0,0
15.52,7,122,36.35,1,0,0
127.43,7,980,23.07,2,1,0
32.26,8,613,191.67,1,0,0
195.39,8,1788,23.47,3,0,0
35.45,8,1421,19.88,1,0,0
109.41,8,782,73.45,0,0,0
66.52,8,1377,12.14,0,0,0
123.75,8,1036,5.5,1,1,0
61.62,9,891,25.91,1,0,1
8.76,9,1654,37.82,2,0,1
165.62,9,1057,11.59,4,0,1
49.58,9,869,58.52,2,0,0
130.12,9,1019,159.8,1,0,0
116.66,9,1406,123.08,0,0,1
23.32,10,1334,17.63,3,0,0
19.96,10,987,2.3,6,0,0
112.27,10,318,57.46,3,0,0
39.11,10,1146,79.24,2,0,0
152.94,10,775,0.41,3,0,0
44.88,10,1678,8.13,4,0,0
168.3,11,1635,58.63,1,1,0
86.98,11,1,54.59,0,0,0
74.95,11,1798,33.44,4,0,0
36.18,11,1621,2.34,1,0,0
70.5,11,1632,17.59,0,0,0
202.78,11,895,22.72,4,0,0
51.44,12,486,5.71,1,0,0
97.93,12,1092,35.6,0,0,0
57.45,12,1589,21.12,2,0,0
62.62,12,810,47.43,1,0,0
363.49,12,1773,0.85,4,0,0
204.77,12,469,42.63,1,0,0
59.58,13,1535,130.83,1,0,0
69.12,13,118,0.56,2,0,0
25.23,13,1510,78.84,1,1,1
45.14,13,1701,148.38,0,1,0
76.73,13,1264,167.74,2,0,1
139.17,13,1122,8.49,3,0,0
124.48,14,740,20.82,0,0,1
16.12,14,1572,73.5,3,0,1
159.92,14,227,41.47,2,0,0
49.52,14,523,53.5,0,0,1
18.44,14,236,8.81,0,0,0
237.47,14,500,36.85,0,0,0
273.04,15,941,38.71,5,1,0
72.98,15,604,14.94,1,0,0
119.07,15,756,18.28,1,0,0
127.0,15,415,18.04,2,0,0
253.5,15,635,18.84,3,0,0
121.62,15,896,13.23,0,0,0
12.67,16,384,8.46,3,0,1
498.09,16,1685,59.71,1,0,0
176.31,16,1614,18.72,2,0,1
31.17,16,1576,114.29,5,0,0
17.59,16,2,25.44,1,0,1
95.13,16,891,182.19,2,0,0
40.2,17,1431,16.12,1,1,0
78.49,17,627,12.37,5,0,0
123.69,17,416,65.3,2,0,0
29.28,17,1101,88.25,1,1,0
16.0,17,4,20.94,1,0,1
83.46,17,1102,14.41,2,0,0
30.36,18,812,5.93,2,0,0
64.12,18,1230,54.68,1,0,0
12.46,18,1229,54.44,3,0,1
41.37,18,964,12.27,1,0,0
119.87,18,1050,97.09,1,0,0
106.33,18,48,36.61,2,0,0
22.94,19,1766,27.4,4,0,0
15.1,19,136,29.97,0,0,0
55.55,19,1757,6.92,2,0,0
101.2,19,1752,81.14,0,0,0
85.26,19,1292,16.99,1,0,1
31.08,19,1343,40.29,2,0,0
75.76,20,53,21.63,0,1,1
285.03,20,1706,135.74,1,0,0
68.42,20,951,1.77,4,0,1
9.06,20,611,18.04,0,0,0
68.27,20,1205,45.12,0,0,0
517.16,20,962,24.56,1,0,0
13.25,21,650,34.98,5,0,1
56.41,21,579,3.73,2,0,1
42.56,21,212,72.97,2,0,0
60.67,21,1636,5.61,4,0,0
67.6,21,1198,37.81,3,0,0
191.32,21,517,29.94,3,0,0
59.94,22,1301,15.53,1,0,0
222.51,22,1248,15.55,2,0,1
47.97,22,251,41.92,2,0,0
37.15,22,315,17.8,1,0,0
26.15,22,415,122.89,1,1,0
7.4,22,189,18.91,3,0,1
73.95,23,1481,52.76,2,0,1
522.91,23,280,0.85,1,0,0
90.38,23,1460,9.52,0,0,0
116.21,23,953,134.19,0,0,0
34.66,23,210,15.2,2,0,0
41.73,23,1520,21.63,0,0,0
161.27,0,312,91.42,0,0,0
497.48,0,1798,97.37,1,1,0
280.55,0,25,0.13,1,0,0
132.39,0,1120,22.4,1,0,0
56.75,0,564,5.25,3,0,0
68.76,0,960,15.7,3,0,0
23.83,1,1511,15.72,5,0,0
11.1,1,1416,51.47,1,0,0
15.81,1,506,11.0,4,1,0
57.67,1,114,1.29,0,0,1
39.6,1,510,4.71,4,0,0
10.84,1,1456,79.12,4,0,0
52.4,2,927,14.82,3,0,0
38.46,2,1365,19.51,3,0,0
15.03,2,890,61.28,1,0,1
36.34,2,953,15.13,2,0,0
38.36,2,116,16.09,2,0,1
27.71,2,41,4.56,3,1,0
151.31,3,1266,42.72,1,0,0
6.73,3,363,108.61,3,0,0
6.14,3,649,26.75,6,0,0
54.8,3,665,93.33,4,0,0
60.69,3,1139,10.54,4,0,1
85.17,3,1694,36.0,3,1,1
30.18,4,1363,54.7,3,0,0
19.89,4,1149,35.65,1,0,1
54.16,4,1502,37.84,1,0,0
33.59,4,918,41.08,2,0,0
300.72,4,261,18.17,3,0,0
38.22,4,879,14.26,3,0,0
51.5,5,1760,48.93,4,1,0
831.27,5,1403,5.2,2,0,0
44.07,5,629,27.62,3,0,1
100.66,5,582,2.03,2,0,0
111.16,5,1652,24.4,1,0,1
122.06,5,170,15.1,5,0,0
75.07,6,1678,30.88,2,0,1
67.57,6,1218,17.23,0,0,0
60.97,6,1453,54.63,2,0,0
28.97,6,592,15.27,2,0,0
78.11,6,1167,43.32,0,0,0
508.52,6,586,83.77,2,0,0
206.8,7,30,15.14,2,1,0
76.27,7,818,64.12,1,0,0
139.97,7,1763,123.7,3,0,1
20.99,7,436,1.88,2,0,0
40.99,7,291,17.59,1,0,0
154.88,7,1659,113.63,3,0,0
280.31,8,1638,151.56,2,0,0
23.38,8,1524,28.76,1,0,0
32.07,8,1757,2.45,4,0,0
601.55,8,1783,9.09,1,0,0
60.7,8,1653,92.76,0,0,0
405.73,8,1736,137.23,1,0,1
68.55,9,1340,1.52,2,0,0
71.58,9,566,5.22,2,1,0
39.02,9,824,56.73,3,0,0
153.98,9,685,1.39,5,0,1
243.12,9,917,86.9,2,0,0
17.49,9,1256,25.78,3,0,0
37.05,10,435,7.63,2,0,0
149.39,10,28,89.84,1,0,1
47.35,10,1084,71.82,2,0,0
31.73,10,1788,10.79,1,0,0
165.75,10,1551,25.15,4,0,0
183.79,10,19,28.31,1,0,0
33.29,11,1077,27.96,1,1,0
68.97,11,956,41.56,0,0,1
14.45,11,764,44.29,2,0,0
20.39,11,1203,36.01,1,0,0
62.59,11,767,124.69,1,0,0
56.52,11,1645,19.27,1,0,0
18.85,12,1633,14.38,4,0,1
24.84,12,1159,3.84,2,0,1
16.92,12,825,11.26,2,0,0
90.07,12,1074,17.76,2,0,0
6.27,12,1620,135.25,2,1,0
17.94,12,540,52.07,3,0,0
7.03,13,1563,0.91,3,0,0
86.57,13,1063,40.38,0,0,1
7.52,13,114,7.6,4,0,0
56.54,13,1349,110.68,3,0,0
331.45,13,363,29.83,1,1,0
344.05,13,928,33.49,0,1,0
7.49,14,1710,2.66,0,0,0
75.81,14,1403,17.75,2,0,0
18.4,14,1259,31.41,1,1,0
14.7,14,125,2.68,1,0,0
48.19,14,1546,61.38,4,1,0
210.84,14,603,75.78,4,1,1
105.6,15,90,32.03,4,1,0
24.86,15,1727,3.08,2,0,0
118.57,15,343,0.59,2,0,0
4.63,15,582,35.22,3,1,1
23.85,15,255,29.23,2,0,0
22.06,15,1119,66.33,1,0,1
59.51,16,1562,31.33,1,0,0
43.68,16,935,36.43,2,0,0
46.73,16,1564,61.84,3,0,0
45.05,16,1685,2.17,0,0,0
55.96,16,1570,65.39,0,0,0
98.9,16,292,14.05,4,0,0
64.35,17,370,12.86,8,1,0
39.93,17,538,53.49,2,0,0
84.94,17,1148,10.9,2,0,0
135.47,17,1552,5.42,6,0,0
29.62,17,563,71.35,2,0,1
51.14,17,1199,71.67,1,0,1
196.0,18,337,12.11,3,0,0
16.23,18,977,27.37,6,0,1
397.49,18,1403,18.48,5,0,0
12.52,18,710,23.84,1,0,0
37.34,18,293,34.73,2,1,0
19.2,18,740,36.05,1,0,0
605.9,19,1371,67.33,1,0,0
31.38,19,1682,4.7,3,0,0
31.47,19,1109,49.85,7,0,0
36.31,19,1207,87.54,1,1,0
60.65,19,754,32.35,4,0,0
38.04,19,1672,11.85,2,0,0
47.17,20,1565,56.67,5,1,0
1.13,20,1749,52.08,4,0,0
58.14,20,1554,5.34,2,0,0
55.68,20,984,56.53,2,0,0
171.13,20,1728,62.58,2,0,0
230.43,20,1097,48.27,0,1,0
44.41,21,1082,32.82,3,0,0
134.0,21,1181,54.42,1,1,0
16.25,21,334,84.8,1,0,0
126.99,21,1510,36.36,2,0,0
29.09,21,652,144.98,2,0,0
14.83,21,1186,16.92,2,0,0
44.52,22,1519,79.73,3,0,1
254.81,22,206,70.39,2,0,0
66.63,22,541,64.62,0,1,0
283.2,22,1696,38.04,1,1,0
23.96,22,649,42.83,2,0,0
172.89,22,1189,1.89,0,0,1
26.65,23,1010,31.82,5,0,0
69.96,23,1565,18.29,2,0,0
69.29,23,918,35.71,1,0,0
113.03,23,764,0.96,4,0,0
71.94,23,29,3.58,1,0,0
24.21,23,854,39.46,3,0,0
143.79,0,1053,38.68,1,0,0
366.8,0,1239,40.13,3,1,0
28.73,0,1404,11.14,4,0,0
7.25,0,1397,74.14,3,0,0
94.56,0,826,13.21,5,0,0
37.93,0,141,98.87,4,0,0
47.27,1,457,27.97,2,0,0
100.66,1,733,17.46,0,0,1
33.05,1,1762,50.12,0,0,0
40.62,1,1385,27.6,2,0,0
48.9,1,1610,39.56,2,0,0
274.99,1,1786,181.47,1,0,0
56.43,2,239,82.03,3,0,0
14.02,2,20,1.81,1,0,0
14.65,2,1033,2.65,2,0,0
63.63,2,476,53.18,3,0,0
15.76,2,1563,131.76,1,0,0
9.79,2,836,23.64,1,0,0
109.85,3,16,6.8,1,1,0
115.93,3,401,58.94,3,0,1
36.42,3,614,6.62,2,1,0
75.42,3,48,8.59,1,0,0
67.15,3,571,6.22,4,0,0
105.92,3,971,21.68,1,0,0
106.19,4,1607,3.4,1,0,1
3.11,4,1168,48.51,0,0,1
41.91,4,167,4.19,1,0,1
96.51,4,748,51.7,3,0,1
34.76,4,1383,77.0,3,0,0
56.82,4,665,52.37,0,0,0
124.68,5,1013,61.14,1,0,0
59.68,5,1774,3.83,4,0,0
286.78,5,248,19.95,2,0,0
188.61,5,859,42.91,2,0,0
47.92,5,1097,3.53,1,1,1
43.91,5,1436,2.35,1,0,0
2.37,6,1506,3.29,1,0,0
38.12,6,516,48.57,1,0,0
12.32,6,840,42.41,2,0,0
69.64,6,1494,91.39,2,0,0
64.6,6,1510,71.35,2,0,0
117.38,6,1482,2.18,2,0,0
253.75,7,1201,44.63,2,0,1
53.04,7,481,21.49,2,0,0
670.79,7,662,40.02,4,0,0
70.51,7,1180,26.31,0,0,0
12.92,7,457,14.43,2,0,0
29.42,7,1227,15.47,2,0,1
36.23,8,927,52.22,1,0,0
104.73,8,796,97.81,1,0,0
19.26,8,639,17.76,2,0,0
39.34,8,1392,39.1,2,0,1
45.73,8,837,2.34,2,0,0
33.35,8,552,60.16,1,0,0
133.29,9,691,5.96,1,0,0
110.55,9,871,18.91,1,0,0
197.0,9,1111,35.39,4,0,0
37.93,9,1782,52.28,1,0,1
204.95,9,612,49.56,2,0,0
12.18,9,321,64.78,3,0,0
11.86,10,1760,39.05,3,0,0
14.37,10,266,28.8,2,0,0
55.15,10,1626,73.88,1,0,0
204.92,10,255,102.51,4,0,0
28.15,10,654,81.69,1,0,0
32.32,10,1796,15.0,4,0,0
43.05,11,298,3.7,2,0,0
102.53,11,287,28.06,0,0,1
32.29,11,1096,48.96,2,0,0
30.36,11,342,62.51,0,0,0
12.43,11,43,4.17,1,1,0
29.11,11,1250,0.77,1,0,0
199.38,12,1726,13.16,1,0,0
60.34,12,1367,19.86,0,0,1
24.2,12,1735,16.02,2,0,0
212.67,12,948,8.86,1,0,0
28.68,12,1105,0.66,2,0,0
260.33,12,1768,48.54,4,1,0
255.69,13,906,96.11,2,0,0
58.07,13,70,3.25,7,0,0
10.5,13,429,21.47,1,0,0
677.53,13,1117,90.61,1,0,0
83.6,13,1543,55.4,2,0,1
38.23,13,1091,8.34,3,0,0
156.29,14,730,44.53,5,0,0
118.22,14,578,16.79,3,0,1
230.91,14,1229,12.72,1,0,0
26.35,14,1618,37.15,3,0,0
77.5,14,500,21.98,2,1,0
14.81,14,995,9.07,1,0,1
113.63,15,769,14.44,0,0,0
53.24,15,443,38.43,1,0,0
74.37,15,729,187.35,3,0,0
46.48,15,159,5.69,3,0,0
41.43,15,954,72.68,1,1,0
21.01,15,192,54.3,0,0,0
130.25,16,853,12.98,3,0,0
281.09,16,1615,52.41,2,0,0
29.6,16,262,5.78,1,0,1
100.37,16,450,127.57,4,0,1
87.83,16,1297,87.84,3,0,0
55.09,16,1632,13.14,3,0,0
10.18,17,1720,3.12,0,0,0
13.04,17,216,10.31,1,0,0
23.13,17,430,78.83,3,0,0
5.19,17,1771,22.47,3,0,0
256.94,17,910,9.26,4,1,0
81.82,17,1500,39.76,3,0,1
52.83,18,25,34.15,0,0,0
4.91,18,209,42.39,0,0,0
7.34,18,367,141.37,0,0,0
54.46,18,154,107.51,0,0,0
477.01,18,1603,65.45,1,1,0
25.32,18,1446,51.69,1,0,0
141.2,19,702,16.18,1,0,1
32.2,19,140,41.33,2,0,0
58.02,19,191,124.17,1,0,0
207.71,19,471,4.85,2,0,0
37.32,19,1308,39.43,0,0,0
25.56,19,1442,32.11,3,0,0
259.79,20,970,9.17,3,0,0
57.4,20,1633,9.96,2,0,0
181.33,20,1670,33.9,3,0,1
25.69,20,1381,2.24,5,0,0
256.55,20,141,78.32,2,0,0
73.77,20,1601,18.97,2,1,1
88.08,21,1635,7.43,3,0,0
63.1,21,1007,51.38,2,0,1
31.31,21,1078,2.84,1,0,0
54.5,21,1403,47.21,5,0,1
33.55,21,1066,2.76,2,0,0
156.88,21,619,86.03,2,0,0
43.67,22,1254,68.35,2,1,0
10.53,22,1413,11.35,3,0,0
8.61,22,254,1.99,2,0,1
8.17,22,1223,38.83,5,0,1
107.75,22,311,1.85,1,0,0
15.38,22,1034,111.08,2,0,0
75.95,23,194,44.43,2,0,0
63.45,23,1786,14.97,2,0,0
50.85,23,1202,115.39,1,0,0
88.43,23,845,34.9,2,0,0
64.98,23,906,125.89,1,0,0
2.77,23,1114,26.06,0,0,0
38.24,0,224,25.29,3,0,0
87.15,0,917,12.07,3,0,0
331.73,0,1288,1.42,1,0,0
349.01,0,468,35.67,2,0,0
12.19,0,862,20.07,2,0,0
37.16,0,594,11.44,4,0,1
9.75,1,289,61.82,2,0,0
290.58,1,1761,65.07,2,0,0
166.36,1,1066,52.07,1,0,0
80.29,1,705,113.82,0,0,0
65.54,1,608,31.98,3,1,1
249.31,1,1222,21.2,3,1,0
206.95,2,194,22.23,1,0,0
195.17,2,1020,17.05,1,0,0
90.23,2,414,28.45,0,0,0
37.18,2,1601,11.49,4,0,0
126.96,2,1411,3.67,0,0,0
133.97,2,1363,98.05,1,0,1
44.27,3,262,9.6,3,0,0
37.1,3,145,1.41,4,0,0
189.93,3,825,8.98,1,0,0
340.54,3,639,28.97,1,0,0
23.94,3,1303,16.84,2,1,0
40.87,3,1281,23.06,3,0,0
80.32,4,714,2.41,1,0,0
93.25,4,290,22.03,1,0,0
30.73,4,583,32.49,1,0,0
433.49,4,906,37.59,1,0,0
86.86,4,456,47.27,1,0,0
97.96,4,571,22.35,6,0,1
377.95,5,433,37.84,4,0,0
33.32,5,116,95.79,2,0,0
49.54,5,1082,62.84,2,0,0
13.75,5,1794,27.94,3,0,0
45.17,5,1713,3.73,2,0,0
10.61,5,1672,12.95,3,0,0
124.29,6,1186,128.18,1,0,0
86.66,6,1345,25.06,4,0,0
40.25,6,115,12.04,6,1,0
48.89,6,361,4.98,3,0,0
126.17,6,1271,28.43,0,0,0
15.65,6,1779,40.06,1,0,0
68.35,7,1634,54.56,3,0,0
117.86,7,1135,24.71,2,0,0
7.69,7,196,42.29,0,0,0
115.98,7,1738,14.63,3,0,0
8.66,7,572,8.27,2,0,0
47.97,7,76,35.07,2,0,0
15.18,8,1382,12.12,1,1,0
263.58,8,312,10.73,3,0,0
15.29,8,542,18.18,2,0,1
8.89,8,1219,67.79,0,0,0
63.22,8,1737,5.0,1,0,0
34.64,8,1632,36.93,3,0,0
10.43,9,294,37.96,3,0,0
97.36,9,316,18.66,0,0,0
6.11,9,1456,37.09,0,0,0
17.46,9,570,17.9,2,0,0
29.0,9,140,4.32,1,0,0
131.95,9,1058,88.25,0,0,0
227.01,10,1182,2.52,3,0,1
183.66,10,1799,36.9,0,0,0
46.13,10,875,7.05,4,0,0
3.78,10,1439,13.0,2,0,0
83.93,10,961,8.58,6,0,0
275.24,10,1662,60.79,1,0,0
212.12,11,877,12.24,1,0,0
90.85,11,1215,3.18,3,0,0
14.75,11,1733,11.04,3,0,0
30.64,11,1579,24.03,2,0,0
458.15,11,721,35.19,0,0,1
11.49,11,912,12.19,1,0,0
15.45,12,1066,12.21,1,1,0
153.98,12,223,38.19,2,0,1
33.98,12,420,110.86,3,0,1
14.88,12,1277,7.75,0,0,0
293.17,12,129,96.68,5,0,1
90.66,12,1082,31.81,2,0,0
35.87,13,872,53.88,1,0,1
15.48,13,873,40.94,1,0,1
519.13,13,1522,9.55,1,0,0
53.15,13,494,74.81,2,0,0
253.93,13,1423,13.77,3,0,0
145.91,13,1411,39.45,0,1,0
30.78,14,1786,11.44,2,0,0
31.06,14,1476,40.72,0,0,1
267.99,14,912,14.48,1,0,0
272.81,14,655,44.28,1,0,0
6.93,14,1405,0.48,0,0,0
99.96,14,1669,9.67,1,0,0
47.78,15,505,44.58,2,0,1
17.52,15,665,39.46,1,0,0
72.81,15,894,13.91,3,0,0
12.37,15,193,6.63,1,0,0
32.68,15,565,0.66,1,0,0
22.68,15,299,10.61,3,0,0
31.51,16,1390,43.79,0,0,0
50.47,16,890,80.39,1,0,0
17.87,16,1086,87.85,1,0,0
308.12,16,143,41.44,2,0,0
93.94,16,1032,18.26,0,0,0
393.08,16,1293,36.72,2,0,0
45.78,17,1240,98.02,0,1,0
29.85,17,1431,7.6,2,0,0
377.76,17,205,46.06,1,0,0
28.91,17,989,28.75,1,0,0
44.87,17,867,4.17,3,0,0
120.55,17,1608,29.25,0,1,0
13.99,18,1242,38.0,2,1,0
119.39,18,1717,44.01,3,0,0
103.72,18,45,5.95,3,0,0
220.58,18,805,33.43,3,0,0
145.34,18,1265,7.78,3,0,1
228.14,18,160,30.23,3,1,1
48.35,19,1172,24.1,0,0,0
21.14,19,416,17.09,4,0,1
556.12,19,133,28.48,2,0,0
10.18,19,1183,4.28,2,0,0
11.37,19,767,84.76,0,0,0
101.66,19,730,1.44,1,0,0
326.19,20,585,9.59,3,0,0
67.26,20,1233,49.72,1,0,0
163.9,20,1113,47.18,3,0,0
6.08,20,1200,32.99,2,0,0
31.52,20,1417,12.78,1,0,0
6.95,20,1089,49.53,2,0,0
128.82,21,134,34.59,3,0,0
9.95,21,284,43.23,0,0,0
13.39,21,1784,121.21,2,0,0
96.1,21,514,32.75,0,0,0
175.56,21,769,9.54,0,1,0
45.84,21,680,56.2,1,1,0
102.23,22,1782,25.22,3,0,0
98.65,22,1483,29.73,1,0,0
43.08,22,870,6.97,2,0,0
16.38,22,1228,98.42,2,0,0
101.63,22,992,3.85,2,0,0
107.17,22,1160,6.91,3,0,0
145.97,23,1717,4.03,2,0,0
76.96,23,1209,54.86,1,0,0
15.1,23,203,122.7,2,0,0
116.67,23,905,119.27,4,0,0
54.52,23,1475,24.46,0,0,0
32.1,23,71,4.21,3,0,0
39.48,0,642,7.87,1,0,0
25.55,0,362,24.73,1,0,0
145.14,0,1297,24.06,1,0,0
11.47,0,252,9.88,2,0,0
18.3,0,1123,19.71,0,0,0
38.03,0,115,18.28,2,0,1
322.19,1,1663,23.73,0,0,1
174.11,1,575,2.79,4,0,1
8.98,1,733,46.65,5,0,1
241.41,1,1417,113.43,2,0,0
240.9,1,683,31.65,0,0,0
15.01,1,207,40.69,0,0,0
3.41,2,1628,2.0,0,0,0
50.43,2,200,54.08,2,0,0
187.67,2,894,10.78,5,0,0
314.31,2,223,13.31,2,0,1
20.95,2,1256,81.68,1,0,0
375.09,2,485,56.76,1,0,0
4.71,3,1678,29.19,3,0,0
36.42,3,363,0.01,3,1,0
34.5,3,1205,19.15,2,0,0
193.94,3,25,13.26,1,0,0
227.72,3,203,46.32,3,0,0
155.97,3,497,19.8,0,0,0
12.36,4,1590,29.26,1,0,0
141.02,4,1793,120.69,0,1,0
95.58,4,1104,11.71,0,1,0
8.69,4,605,34.65,0,0,0
5.62,4,561,186.58,0,0,0
171.02,4,380,44.34,2,0,1
44.79,5,612,78.5,2,0,1
13.28,5,892,176.48,2,0,0
43.42,5,1233,45.17,2,0,0
81.49,5,412,7.27,5,0,0
49.84,5,64,101.57,1,0,0
9.9,5,1007,2.42,3,0,0
434.46,6,436,0.91,1,0,0
164.78,6,721,34.06,2,0,0
37.75,6,1281,13.43,3,0,1
39.46,6,1614,10.46,0,0,0
81.08,6,961,6.86,2,0,0
15.76,6,1670,52.06,0,0,0
77.86,7,484,42.23,2,1,0
12.63,7,1283,67.45,0,0,0
50.52,7,1763,6.55,0,0,1
15.1,7,388,47.22,2,0,0
15.96,7,1329,27.79,1,0,0
333.72,7,853,0.71,1,0,0
58.27,8,1585,47.07,1,0,0
68.59,8,549,4.01,2,1,0
5.97,8,1728,65.46,4,0,0
28.31,8,1436,79.33,4,0,0
90.68,8,1269,82.27,1,0,0
67.6,8,52,60.73,1,0,1
5.11,9,148,23.95,5,0,0
68.57,9,1192,5.6,0,0,0
81.71,9,862,78.14,1,0,1
224.11,9,581,4.85,3,0,0
26.56,9,1515,29.27,4,1,0
4.64,9,865,97.73,2,0,0
18.24,10,826,17.3,2,0,0
16.33,10,581,40.11,1,0,0
122.78,10,1766,88.61,0,1,0
2.75,10,656,61.51,0,0,0
33.34,10,467,8.86,0,0,0
262.01,10,1213,39.71,0,0,0
55.03,11,61,6.28,1,0,0
146.34,11,1071,3.04,1,0,0
8.97,11,1016,43.99,0,0,0
9.37,11,439,99.53,1,0,0
265.33,11,1384,57.83,1,0,0
61.03,11,78,92.87,0,0,0
61.17,12,1767,151.52,1,0,0
15.96,12,1540,99.99,2,0,0
61.0,12,315,12.01,2,0,0
15.48,12,886,40.3,4,0,0
201.45,12,354,38.45,1,0,0
1097.31,12,1113,8.2,2,0,0
92.98,13,634,37.04,2,0,0
27.15,13,879,15.06,2,1,0
3.36,13,1722,46.76,0,0,0
8.56,13,1114,17.39,1,0,0
301.98,13,1560,16.57,0,0,1
17.6,13,1128,71.5,3,0,1
36.31,14,854,25.47,3,0,0
112.26,14,27,49.54,2,0,0
278.81,14,160,78.28,1,0,0
43.84,14,959,0.44,3,0,0
34.98,14,907,27.54,2,0,0
59.07,14,903,56.26,1,0,1
27.37,15,1521,11.72,3,0,0
29.04,15,172,30.99,0,0,0
85.89,15,1185,6.61,2,0,0
66.94,15,1342,21.46,2,0,0
569.5,15,1162,36.84,1,0,0
88.48,15,424,2.5,4,0,1
193.69,16,731,128.14,1,0,0
16.8,16,98,25.52,0,0,1
97.29,16,318,219.98,4,0,0
24.65,16,1445,77.78,1,1,1
84.35,16,1111,244.89,1,0,1
116.44,16,1557,39.64,0,0,0
57.68,17,1245,32.77,3,0,0
771.29,17,433,15.06,0,0,0
262.64,17,1463,104.17,3,0,0
199.33,17,1237,2.68,1,0,0
126.56,17,344,32.76,1,0,0
379.82,17,8,3.82,1,1,0
11.24,18,1374,12.64,1,1,0
246.49,18,1298,39.29,3,0,1
18.35,18,161,60.79,1,0,0
29.35,18,836,9.42,1,0,0
101.24,18,1644,10.75,2,0,0
211.99,18,1426,7.13,0,0,0
15.35,19,1470,25.36,2,0,0
31.07,19,707,3.19,0,0,1
60.78,19,218,60.87,1,0,0
44.48,19,631,21.25,1,0,0
139.69,19,1236,14.32,2,0,0
2391.13,19,1513,64.81,5,0,0
86.6,20,1159,11.58,2,0,0
24.32,20,69,0.23,0,0,0
13.12,20,1062,17.12,4,0,0
38.18,20,336,17.48,2,1,0
19.41,20,1097,34.2,0,0,0
91.31,20,741,39.47,0,0,0
89.77,21,959,81.35,1,0,0
32.8,21,1073,64.92,0,0,0
484.66,21,1148,6.96,5,0,0
24.31,21,9,12.52,2,0,0
47.88,21,1739,2.93,2,0,0
110.29,21,1035,31.54,3,0,0
145.66,22,912,97.24,5,0,1
222.59,22,681,34.81,0,0,0
87.47,22,188,102.97,4,0,0
173.47,22,1134,91.41,3,0,0
26.27,22,653,57.36,3,1,0
149.89,22,1632,12.51,2,0,0
147.7,23,1184,123.37,1,0,0
288.35,23,793,2.14,3,1,0
8.71,23,57,118.1,5,0,1
20.13,23,998,58.71,2,0,1
135.02,23,1521,54.49,0,0,0
2.96,23,833,131.52,4,0,1
93.8,0,1170,56.21,2,0,0
175.17,0,213,7.09,1,1,1
28.96,0,732,158.31,0,0,0
34.01,0,1427,13.39,2,0,0
16.75,0,762,14.32,1,1,0
30.76,0,1593,53.1,3,0,0
31.76,1,737,79.85,0,0,0
25.76,1,1460,44.02,2,0,0
24.25,1,1158,13.65,0,1,0
40.52,1,1705,146.26,2,1,0
39.99,1,959,11.41,2,0,1
429.04,1,842,10.84,4,1,0
35.39,2,636,100.86,1,0,1
79.72,2,1174,69.37,1,0,1
28.95,2,1764,12.33,3,0,0
28.54,2,303,1.21,4,0,0
8.37,2,1685,42.72,1,0,0
9.69,2,1758,15.37,0,0,0
14.47,3,1384,184.97,3,0,0
66.82,3,1044,19.75,2,0,0
178.36,3,1553,45.85,1,0,0
7.65,3,470,13.51,2,0,0
29.84,3,1141,0.05,5,0,0
12.14,3,1449,10.54,2,1,0
40.83,4,1449,30.74,1,0,0
178.28,4,1055,53.15,0,0,0
33.4,4,693,51.48,5,0,0
51.82,4,1709,21.85,1,0,0
270.63,4,1212,3.52,2,0,0
90.35,4,1385,4.3,2,0,0
23.66,5,1121,38.52,2,0,0
65.03,5,1579,91.56,1,0,0
21.97,5,859,32.11,1,0,0
86.71,5,983,1.31,3,1,0
96.24,5,1447,16.05,2,0,0
12.14,5,931,12.78,2,1,0
66.2,6,440,8.82,1,0,0
47.97,6,1363,30.45,3,0,0
99.4,6,675,22.65,1,0,0
136.25,6,189,11.19,3,0,0
92.31,6,670,28.57,1,0,0
39.11,6,97,14.42,2,1,1
152.42,7,1580,100.72,1,1,0
20.9,7,1770,5.23,3,0,0
12.77,7,479,23.02,1,0,0
1.62,7,1649,41.99,1,1,0
50.54,7,1280,9.64,0,0,0
22.12,7,1720,12.05,1,0,0
84.57,8,292,76.11,1,0,0
6.24,8,112,15.25,2,0,0
26.79,8,1656,13.78,2,1,0
91.59,8,484,11.67,1,0,1
17.59,8,1073,65.5,4,1,0
85.64,8,1622,92.06,2,1,0
29.59,9,617,185.1,3,0,0
52.66,9,161,28.44,1,0,0
105.07,9,1424,7.45,1,0,0
155.72,9,812,100.07,1,0,0
60.45,9,40,43.69,3,0,0
22.3,9,614,160.55,4,0,0
32.99,10,954,96.06,5,0,0
110.02,10,1583,4.23,0,0,0
17.75,10,407,56.49,4,0,1
44.89,10,932,4.36,2,1,0
35.71,10,326,3.66,4,0,0
48.73,10,522,0.54,1,0,0
17.99,11,474,13.6,4,0,0
7.12,11,943,2.72,3,1,0
96.82,11,1194,20.56,1,1,0
157.68,11,202,0.81,2,0,0
7.6,11,136,17.92,2,0,0
81.93,11,1316,0.83,2,0,0
179.74,12,529,32.03,1,0,0
105.16,12,1113,29.02,3,0,1
34.52,12,138,13.04,2,0,0
19.34,12,1081,5.0,1,0,0
59.68,12,1636,41.97,2,1,0
71.71,12,788,10.19,7,0,0
60.67,13,1040,8.62,0,0,1
44.78,13,529,79.28,4,1,0
16.59,13,514,10.48,0,0,0
86.92,13,117,8.52,5,0,0
91.65,13,862,44.15,2,0,0
68.1,13,1704,7.48,2,0,0
61.69,14,208,31.94,1,0,1
346.25,14,749,14.73,1,0,0
27.47,14,1506,4.53,2,0,0
223.54,14,892,75.81,5,0,0
24.35,14,1368,6.35,2,1,0
184.91,14,676,9.76,3,0,0
212.03,15,1084,3.32,2,0,0
39.55,15,1778,23.57,1,0,0
339.36,15,1076,76.55,2,0,0
91.46,15,1433,10.07,0,0,1
20.8,15,1248,14.76,5,0,0
36.18,15,172,148.89,0,0,0
