transaction_id,timestamp,amount,hour,account_age_days,distance_km,transactions_1h,international,device_new,is_fraud,label_available_at
TX-000000,2025-01-01 00:00:00,76.34,0,1623,124.97,0,0,0,0,2025-01-04 00:00:00
TX-000001,2025-01-01 00:10:00,17.39,0,1767,37.67,1,0,0,0,2025-01-04 00:10:00
TX-000002,2025-01-01 00:20:00,124.65,0,40,10.32,5,0,0,0,2025-01-04 00:20:00
TX-000003,2025-01-01 00:30:00,153.64,0,129,17.68,2,0,1,0,2025-01-04 00:30:00
TX-000004,2025-01-01 00:40:00,6.38,0,434,0.58,0,1,0,0,2025-01-04 00:40:00
TX-000005,2025-01-01 00:50:00,13.03,0,497,95.91,1,0,1,0,2025-01-04 00:50:00
TX-000006,2025-01-01 01:00:00,62.84,1,503,87.54,1,0,0,0,2025-01-04 01:00:00
TX-000007,2025-01-01 01:10:00,38.56,1,750,53.89,0,0,0,0,2025-01-04 01:10:00
TX-000008,2025-01-01 01:20:00,53.6,1,573,0.55,2,0,0,0,2025-01-04 01:20:00
TX-000009,2025-01-01 01:30:00,21.36,1,1048,14.5,1,0,0,0,2025-01-04 01:30:00
TX-000010,2025-01-01 01:40:00,143.64,1,1537,46.17,4,0,0,0,2025-01-04 01:40:00
TX-000011,2025-01-01 01:50:00,128.45,1,982,39.23,3,0,0,0,2025-01-04 01:50:00
TX-000012,2025-01-01 02:00:00,58.71,2,597,3.08,5,0,0,0,2025-01-04 02:00:00
TX-000013,2025-01-01 02:10:00,188.66,2,1022,9.36,4,0,1,1,2025-01-04 02:10:00
TX-000014,2025-01-01 02:20:00,91.31,2,1116,1.25,2,0,0,0,2025-01-04 02:20:00
TX-000015,2025-01-01 02:30:00,21.22,2,1613,189.85,2,1,0,0,2025-01-04 02:30:00
TX-000016,2025-01-01 02:40:00,81.91,2,1705,65.93,2,0,1,0,2025-01-04 02:40:00
TX-000017,2025-01-01 02:50:00,19.02,2,499,107.08,4,0,0,0,2025-01-04 02:50:00
TX-000018,2025-01-01 03:00:00,143.49,3,1652,3.61,3,0,0,0,2025-01-04 03:00:00
TX-000019,2025-01-01 03:10:00,51.68,3,1470,83.36,2,1,1,0,2025-01-04 03:10:00
TX-000020,2025-01-01 03:20:00,44.55,3,230,36.73,2,0,0,0,2025-01-04 03:20:00
TX-000021,2025-01-01 03:30:00,25.82,3,1004,127.61,1,1,0,0,2025-01-04 03:30:00
TX-000022,2025-01-01 03:40:00,209.52,3,273,14.52,3,0,0,0,2025-01-04 03:40:00
TX-000023,2025-01-01 03:50:00,46.06,3,882,76.38,3,0,1,0,2025-01-04 03:50:00
TX-000024,2025-01-01 04:00:00,34.08,4,80,56.07,0,0,0,0,2025-01-04 04:00:00
TX-000025,2025-01-01 04:10:00,37.06,4,538,85.32,3,0,0,0,2025-01-04 04:10:00
TX-000026,2025-01-01 04:20:00,98.06,4,1058,46.25,3,0,0,0,2025-01-04 04:20:00
TX-000027,2025-01-01 04:30:00,81.61,4,547,40.47,5,0,0,0,2025-01-04 04:30:00
TX-000028,2025-01-01 04:40:00,85.97,4,18,38.4,2,0,0,0,2025-01-04 04:40:00
TX-000029,2025-01-01 04:50:00,87.7,4,699,24.27,2,0,1,0,2025-01-04 04:50:00
TX-000030,2025-01-01 05:00:00,575.83,5,974,56.96,0,0,0,0,2025-01-04 05:00:00
TX-000031,2025-01-01 05:10:00,34.92,5,1374,13.26,4,0,0,0,2025-01-04 05:10:00
TX-000032,2025-01-01 05:20:00,31.08,5,245,57.74,0,0,0,0,2025-01-04 05:20:00
TX-000033,2025-01-01 05:30:00,22.31,5,858,15.34,0,0,0,0,2025-01-04 05:30:00
TX-000034,2025-01-01 05:40:00,107.51,5,357,117.01,2,0,0,0,2025-01-04 05:40:00
TX-000035,2025-01-01 05:50:00,189.02,5,276,87.47,0,0,0,0,2025-01-04 05:50:00
TX-000036,2025-01-01 06:00:00,48.17,6,219,8.84,2,0,0,0,2025-01-04 06:00:00
TX-000037,2025-01-01 06:10:00,21.67,6,1367,34.18,3,0,0,0,2025-01-04 06:10:00
TX-000038,2025-01-01 06:20:00,22.04,6,1655,6.9,2,0,0,0,2025-01-04 06:20:00
TX-000039,2025-01-01 06:30:00,111.68,6,1194,34.16,1,0,0,0,2025-01-04 06:30:00
TX-000040,2025-01-01 06:40:00,123.67,6,680,4.97,2,0,0,0,2025-01-04 06:40:00
TX-000041,2025-01-01 06:50:00,99.23,6,1708,5.46,2,0,0,0,2025-01-04 06:50:00
TX-000042,2025-01-01 07:00:00,26.26,7,894,101.55,2,0,0,0,2025-01-04 07:00:00
TX-000043,2025-01-01 07:10:00,70.48,7,952,12.85,3,0,0,0,2025-01-04 07:10:00
TX-000044,2025-01-01 07:20:00,62.08,7,1142,14.81,2,0,0,0,2025-01-04 07:20:00
TX-000045,2025-01-01 07:30:00,69.45,7,1177,57.12,1,0,0,0,2025-01-04 07:30:00
TX-000046,2025-01-01 07:40:00,142.39,7,885,4.18,1,0,0,0,2025-01-04 07:40:00
TX-000047,2025-01-01 07:50:00,69.82,7,862,30.0,3,0,0,0,2025-01-04 07:50:00
TX-000048,2025-01-01 08:00:00,115.22,8,572,28.61,0,0,0,0,2025-01-04 08:00:00
TX-000049,2025-01-01 08:10:00,58.81,8,1225,2.83,2,0,0,0,2025-01-04 08:10:00
TX-000050,2025-01-01 08:20:00,75.04,8,1210,56.48,0,0,0,0,2025-01-04 08:20:00
TX-000051,2025-01-01 08:30:00,109.34,8,785,66.4,4,0,0,0,2025-01-04 08:30:00
TX-000052,2025-01-01 08:40:00,10.99,8,1281,23.53,0,1,0,0,2025-01-04 08:40:00
TX-000053,2025-01-01 08:50:00,38.41,8,248,50.44,1,0,0,0,2025-01-04 08:50:00
TX-000054,2025-01-01 09:00:00,32.54,9,749,87.86,2,0,0,0,2025-01-04 09:00:00
TX-000055,2025-01-01 09:10:00,27.04,9,1776,55.15,2,0,0,0,2025-01-04 09:10:00
TX-000056,2025-01-01 09:20:00,40.34,9,1320,49.57,2,0,0,0,2025-01-04 09:20:00
TX-000057,2025-01-01 09:30:00,282.71,9,1296,12.06,0,1,0,0,2025-01-04 09:30:00
TX-000058,2025-01-01 09:40:00,21.06,9,1553,29.49,3,0,0,0,2025-01-04 09:40:00
TX-000059,2025-01-01 09:50:00,158.4,9,1095,24.9,3,0,0,0,2025-01-04 09:50:00
TX-000060,2025-01-01 10:00:00,8.57,10,1192,8.04,2,0,1,0,2025-01-04 10:00:00
TX-000061,2025-01-01 10:10:00,37.77,10,866,28.87,3,0,0,0,2025-01-04 10:10:00
TX-000062,2025-01-01 10:20:00,65.3,10,1487,21.33,0,0,0,0,2025-01-04 10:20:00
TX-000063,2025-01-01 10:30:00,104.05,10,1280,26.67,2,0,0,0,2025-01-04 10:30:00
TX-000064,2025-01-01 10:40:00,119.38,10,942,9.18,5,0,0,0,2025-01-04 10:40:00
TX-000065,2025-01-01 10:50:00,130.67,10,228,83.83,1,0,1,0,2025-01-04 10:50:00
TX-000066,2025-01-01 11:00:00,37.2,11,1450,92.97,3,0,0,0,2025-01-04 11:00:00
TX-000067,2025-01-01 11:10:00,32.83,11,587,72.14,1,0,0,0,2025-01-04 11:10:00
TX-000068,2025-01-01 11:20:00,140.3,11,646,4.6,4,0,1,0,2025-01-04 11:20:00
TX-000069,2025-01-01 11:30:00,44.24,11,224,43.77,1,0,0,0,2025-01-04 11:30:00
TX-000070,2025-01-01 11:40:00,13.42,11,390,7.96,1,0,0,0,2025-01-04 11:40:00
TX-000071,2025-01-01 11:50:00,15.7,11,226,5.85,1,0,1,0,2025-01-04 11:50:00
TX-000072,2025-01-01 12:00:00,19.86,12,175,66.02,0,0,0,0,2025-01-04 12:00:00
TX-000073,2025-01-01 12:10:00,94.34,12,38,4.83,2,0,1,0,2025-01-04 12:10:00
TX-000074,2025-01-01 12:20:00,63.86,12,530,11.24,3,0,0,0,2025-01-04 12:20:00
TX-000075,2025-01-01 12:30:00,116.69,12,1360,2.97,1,0,1,0,2025-01-04 12:30:00
TX-000076,2025-01-01 12:40:00,34.12,12,1554,86.97,2,0,1,0,2025-01-04 12:40:00
TX-000077,2025-01-01 12:50:00,65.0,12,409,17.72,1,0,0,0,2025-01-04 12:50:00
TX-000078,2025-01-01 13:00:00,108.65,13,762,102.52,3,0,0,0,2025-01-04 13:00:00
TX-000079,2025-01-01 13:10:00,38.85,13,1497,36.47,5,0,1,0,2025-01-04 13:10:00
TX-000080,2025-01-01 13:20:00,90.24,13,1272,37.61,5,1,0,0,2025-01-04 13:20:00
TX-000081,2025-01-01 13:30:00,26.36,13,1627,49.47,1,0,1,0,2025-01-04 13:30:00
TX-000082,2025-01-01 13:40:00,36.62,13,756,17.49,1,0,0,0,2025-01-04 13:40:00
TX-000083,2025-01-01 13:50:00,35.88,13,303,116.73,2,0,0,0,2025-01-04 13:50:00
TX-000084,2025-01-01 14:00:00,14.65,14,257,32.11,2,0,0,0,2025-01-04 14:00:00
TX-000085,2025-01-01 14:10:00,93.29,14,1275,34.78,1,0,0,0,2025-01-04 14:10:00
TX-000086,2025-01-01 14:20:00,32.58,14,47,4.55,0,0,0,0,2025-01-04 14:20:00
TX-000087,2025-01-01 14:30:00,55.35,14,828,165.24,3,0,0,0,2025-01-04 14:30:00
TX-000088,2025-01-01 14:40:00,92.65,14,635,16.94,0,0,0,0,2025-01-04 14:40:00
TX-000089,2025-01-01 14:50:00,89.23,14,1654,7.86,3,0,0,0,2025-01-04 14:50:00
TX-000090,2025-01-01 15:00:00,113.51,15,1796,29.83,4,0,0,0,2025-01-04 15:00:00
TX-000091,2025-01-01 15:10:00,48.99,15,871,52.93,3,0,0,0,2025-01-04 15:10:00
TX-000092,2025-01-01 15:20:00,34.27,15,1044,7.24,0,0,0,0,2025-01-04 15:20:00
TX-000093,2025-01-01 15:30:00,50.01,15,681,79.6,2,0,0,0,2025-01-04 15:30:00
TX-000094,2025-01-01 15:40:00,8.53,15,1398,33.16,0,1,0,0,2025-01-04 15:40:00
TX-000095,2025-01-01 15:50:00,11.11,15,530,104.08,0,0,0,0,2025-01-04 15:50:00
TX-000096,2025-01-01 16:00:00,12.74,16,1339,3.66,0,0,0,0,2025-01-04 16:00:00
TX-000097,2025-01-01 16:10:00,18.23,16,1626,53.01,0,0,0,0,2025-01-04 16:10:00
TX-000098,2025-01-01 16:20:00,84.75,16,309,16.39,3,0,0,0,2025-01-04 16:20:00
TX-000099,2025-01-01 16:30:00,20.17,16,407,112.77,3,0,0,0,2025-01-04 16:30:00
TX-000100,2025-01-01 16:40:00,36.02,16,680,28.78,0,1,0,0,2025-01-04 16:40:00
TX-000101,2025-01-01 16:50:00,227.96,16,1489,30.82,1,0,1,0,2025-01-04 16:50:00
TX-000102,2025-01-01 17:00:00,36.9,17,1153,33.43,0,1,0,0,2025-01-04 17:00:00
TX-000103,2025-01-01 17:10:00,122.89,17,349,50.7,1,0,1,0,2025-01-04 17:10:00
TX-000104,2025-01-01 17:20:00,19.55,17,662,47.61,0,0,0,0,2025-01-04 17:20:00
TX-000105,2025-01-01 17:30:00,43.55,17,1158,35.44,2,0,0,0,2025-01-04 17:30:00
TX-000106,2025-01-01 17:40:00,19.2,17,1736,12.43,2,1,1,0,2025-01-04 17:40:00
TX-000107,2025-01-01 17:50:00,37.6,17,811,54.32,0,0,1,0,2025-01-04 17:50:00
TX-000108,2025-01-01 18:00:00,137.6,18,134,11.58,1,1,0,0,2025-01-04 18:00:00
TX-000109,2025-01-01 18:10:00,8.17,18,188,82.89,2,0,0,0,2025-01-04 18:10:00
TX-000110,2025-01-01 18:20:00,88.05,18,51,35.6,1,0,0,0,2025-01-04 18:20:00
TX-000111,2025-01-01 18:30:00,70.92,18,226,5.85,2,0,0,0,2025-01-04 18:30:00
TX-000112,2025-01-01 18:40:00,28.4,18,742,77.04,3,0,0,0,2025-01-04 18:40:00
TX-000113,2025-01-01 18:50:00,11.13,18,506,70.65,0,0,1,0,2025-01-04 18:50:00
TX-000114,2025-01-01 19:00:00,59.11,19,541,9.31,0,1,1,0,2025-01-04 19:00:00
TX-000115,2025-01-01 19:10:00,30.49,19,1379,22.63,3,0,0,0,2025-01-04 19:10:00
TX-000116,2025-01-01 19:20:00,70.52,19,858,43.13,0,1,0,0,2025-01-04 19:20:00
TX-000117,2025-01-01 19:30:00,55.93,19,1312,94.15,1,0,0,0,2025-01-04 19:30:00
TX-000118,2025-01-01 19:40:00,317.97,19,975,65.79,2,0,0,0,2025-01-04 19:40:00
TX-000119,2025-01-01 19:50:00,41.96,19,369,272.78,1,0,0,0,2025-01-04 19:50:00
TX-000120,2025-01-01 20:00:00,17.71,20,1706,18.12,3,0,0,0,2025-01-04 20:00:00
TX-000121,2025-01-01 20:10:00,66.5,20,857,95.52,0,1,0,0,2025-01-04 20:10:00
TX-000122,2025-01-01 20:20:00,69.55,20,1504,9.83,1,0,0,0,2025-01-04 20:20:00
TX-000123,2025-01-01 20:30:00,243.5,20,174,19.88,1,0,0,0,2025-01-04 20:30:00
TX-000124,2025-01-01 20:40:00,136.81,20,1529,16.16,3,0,0,0,2025-01-04 20:40:00
TX-000125,2025-01-01 20:50:00,80.85,20,1288,3.29,5,0,0,0,2025-01-04 20:50:00
TX-000126,2025-01-01 21:00:00,273.04,21,449,23.68,1,1,0,0,2025-01-04 21:00:00
TX-000127,2025-01-01 21:10:00,14.77,21,1427,61.94,0,0,0,0,2025-01-04 21:10:00
TX-000128,2025-01-01 21:20:00,27.01,21,1336,36.61,6,0,0,0,2025-01-04 21:20:00
TX-000129,2025-01-01 21:30:00,19.7,21,1608,49.02,2,0,0,0,2025-01-04 21:30:00
TX-000130,2025-01-01 21:40:00,35.56,21,377,66.68,4,0,0,0,2025-01-04 21:40:00
TX-000131,2025-01-01 21:50:00,12.01,21,1594,14.84,3,0,0,0,2025-01-04 21:50:00
TX-000132,2025-01-01 22:00:00,109.8,22,1371,59.3,2,0,0,0,2025-01-04 22:00:00
TX-000133,2025-01-01 22:10:00,42.76,22,608,80.32,3,0,1,0,2025-01-04 22:10:00
TX-000134,2025-01-01 22:20:00,10.83,22,630,113.14,5,0,0,0,2025-01-04 22:20:00
TX-000135,2025-01-01 22:30:00,17.87,22,458,10.06,2,0,1,0,2025-01-04 22:30:00
TX-000136,2025-01-01 22:40:00,77.08,22,858,81.26,0,0,0,0,2025-01-04 22:40:00
TX-000137,2025-01-01 22:50:00,137.27,22,1613,109.32,2,0,1,0,2025-01-04 22:50:00
TX-000138,2025-01-01 23:00:00,490.98,23,1507,38.66,1,0,0,0,2025-01-04 23:00:00
TX-000139,2025-01-01 23:10:00,1346.48,23,262,34.26,0,0,0,0,2025-01-04 23:10:00
TX-000140,2025-01-01 23:20:00,86.13,23,236,9.09,4,0,0,0,2025-01-04 23:20:00
TX-000141,2025-01-01 23:30:00,18.38,23,106,50.91,4,0,0,0,2025-01-04 23:30:00
TX-000142,2025-01-01 23:40:00,5.23,23,1105,54.87,1,0,0,0,2025-01-04 23:40:00
TX-000143,2025-01-01 23:50:00,73.29,23,565,19.37,2,0,0,0,2025-01-04 23:50:00
TX-000144,2025-01-02 00:00:00,22.33,0,1369,62.65,2,1,0,0,2025-01-05 00:00:00
TX-000145,2025-01-02 00:10:00,34.57,0,1368,27.74,3,1,1,0,2025-01-05 00:10:00
TX-000146,2025-01-02 00:20:00,27.85,0,355,29.11,1,0,0,0,2025-01-05 00:20:00
TX-000147,2025-01-02 00:30:00,46.76,0,1249,35.41,2,0,0,0,2025-01-05 00:30:00
TX-000148,2025-01-02 00:40:00,176.37,0,1376,16.54,2,1,0,0,2025-01-05 00:40:00
TX-000149,2025-01-02 00:50:00,64.89,0,1776,75.25,1,0,0,0,2025-01-05 00:50:00
TX-000150,2025-01-02 01:00:00,45.86,1,1300,5.19,1,0,0,0,2025-01-05 01:00:00
TX-000151,2025-01-02 01:10:00,17.48,1,647,24.41,1,0,0,0,2025-01-05 01:10:00
TX-000152,2025-01-02 01:20:00,8.65,1,1799,20.44,2,1,0,0,2025-01-05 01:20:00
TX-000153,2025-01-02 01:30:00,31.98,1,496,97.81,2,0,0,0,2025-01-05 01:30:00
TX-000154,2025-01-02 01:40:00,51.46,1,1449,85.64,2,0,0,0,2025-01-05 01:40:00
TX-000155,2025-01-02 01:50:00,381.73,1,680,1.77,3,0,0,0,2025-01-05 01:50:00
TX-000156,2025-01-02 02:00:00,63.01,2,1683,8.57,0,1,0,0,2025-01-05 02:00:00
TX-000157,2025-01-02 02:10:00,160.94,2,1408,93.61,2,0,0,0,2025-01-05 02:10:00
TX-000158,2025-01-02 02:20:00,31.52,2,1079,11.62,5,0,0,1,2025-01-05 02:20:00
TX-000159,2025-01-02 02:30:00,14.83,2,385,4.64,2,0,0,0,2025-01-05 02:30:00
TX-000160,2025-01-02 02:40:00,18.89,2,339,8.72,4,1,1,0,2025-01-05 02:40:00
TX-000161,2025-01-02 02:50:00,24.59,2,1705,86.9,2,1,0,0,2025-01-05 02:50:00
TX-000162,2025-01-02 03:00:00,567.54,3,1443,7.58,3,0,0,0,2025-01-05 03:00:00
TX-000163,2025-01-02 03:10:00,22.12,3,922,30.58,5,0,0,0,2025-01-05 03:10:00
TX-000164,2025-01-02 03:20:00,137.32,3,1579,6.5,0,0,0,0,2025-01-05 03:20:00
TX-000165,2025-01-02 03:30:00,20.22,3,1409,20.76,0,0,0,0,2025-01-05 03:30:00
TX-000166,2025-01-02 03:40:00,152.13,3,697,88.92,1,0,0,0,2025-01-05 03:40:00
TX-000167,2025-01-02 03:50:00,83.38,3,1489,92.76,5,0,0,0,2025-01-05 03:50:00
TX-000168,2025-01-02 04:00:00,45.96,4,1432,7.41,1,0,0,0,2025-01-05 04:00:00
TX-000169,2025-01-02 04:10:00,52.2,4,861,7.33,2,0,1,0,2025-01-05 04:10:00
TX-000170,2025-01-02 04:20:00,26.57,4,35,20.26,3,0,0,0,2025-01-05 04:20:00
TX-000171,2025-01-02 04:30:00,89.18,4,1334,21.78,2,0,0,0,2025-01-05 04:30:00
TX-000172,2025-01-02 04:40:00,33.1,4,611,43.27,3,0,0,0,2025-01-05 04:40:00
TX-000173,2025-01-02 04:50:00,14.18,4,656,31.93,3,0,0,0,2025-01-05 04:50:00
TX-000174,2025-01-02 05:00:00,13.39,5,1284,0.11,1,0,0,0,2025-01-05 05:00:00
TX-000175,2025-01-02 05:10:00,66.01,5,1459,142.0,3,0,1,0,2025-01-05 05:10:00
TX-000176,2025-01-02 05:20:00,310.13,5,158,15.59,2,0,0,0,2025-01-05 05:20:00
TX-000177,2025-01-02 05:30:00,65.1,5,1483,9.23,2,0,1,0,2025-01-05 05:30:00
TX-000178,2025-01-02 05:40:00,47.92,5,527,7.02,1,0,0,0,2025-01-05 05:40:00
TX-000179,2025-01-02 05:50:00,74.77,5,1019,28.57,6,0,0,0,2025-01-05 05:50:00
TX-000180,2025-01-02 06:00:00,229.66,6,1563,17.19,3,0,0,0,2025-01-05 06:00:00
TX-000181,2025-01-02 06:10:00,69.5,6,392,10.04,4,0,0,0,2025-01-05 06:10:00
TX-000182,2025-01-02 06:20:00,34.74,6,397,75.97,2,0,0,0,2025-01-05 06:20:00
TX-000183,2025-01-02 06:30:00,184.37,6,1746,17.48,2,1,1,0,2025-01-05 06:30:00
TX-000184,2025-01-02 06:40:00,87.5,6,671,3.36,4,0,0,0,2025-01-05 06:40:00
TX-000185,2025-01-02 06:50:00,295.7,6,1704,66.8,3,0,0,0,2025-01-05 06:50:00
TX-000186,2025-01-02 07:00:00,66.79,7,642,24.07,4,0,0,0,2025-01-05 07:00:00
TX-000187,2025-01-02 07:10:00,14.2,7,1115,19.54,3,0,0,0,2025-01-05 07:10:00
TX-000188,2025-01-02 07:20:00,12.12,7,918,37.41,5,0,0,0,2025-01-05 07:20:00
TX-000189,2025-01-02 07:30:00,335.63,7,1770,1.39,2,0,0,0,2025-01-05 07:30:00
TX-000190,2025-01-02 07:40:00,363.59,7,990,1.49,2,0,0,1,2025-01-05 07:40:00
TX-000191,2025-01-02 07:50:00,44.81,7,905,30.93,2,0,0,0,2025-01-05 07:50:00
TX-000192,2025-01-02 08:00:00,35.82,8,839,54.87,1,0,1,0,2025-01-05 08:00:00
TX-000193,2025-01-02 08:10:00,272.49,8,675,1.3,0,1,1,0,2025-01-05 08:10:00
TX-000194,2025-01-02 08:20:00,16.16,8,792,11.23,2,0,0,0,2025-01-05 08:20:00
TX-000195,2025-01-02 08:30:00,20.41,8,828,86.93,0,0,0,0,2025-01-05 08:30:00
TX-000196,2025-01-02 08:40:00,110.79,8,1374,85.03,1,0,0,0,2025-01-05 08:40:00
TX-000197,2025-01-02 08:50:00,35.37,8,82,42.61,2,1,0,0,2025-01-05 08:50:00
TX-000198,2025-01-02 09:00:00,54.29,9,901,46.23,1,0,0,0,2025-01-05 09:00:00
TX-000199,2025-01-02 09:10:00,45.61,9,988,151.36,1,1,0,0,2025-01-05 09:10:00
TX-000200,2025-01-02 09:20:00,79.15,9,1355,7.05,2,0,0,0,2025-01-05 09:20:00
TX-000201,2025-01-02 09:30:00,256.78,9,1199,38.19,3,0,1,0,2025-01-05 09:30:00
TX-000202,2025-01-02 09:40:00,60.32,9,777,35.22,3,0,0,0,2025-01-05 09:40:00
TX-000203,2025-01-02 09:50:00,110.87,9,197,10.22,4,0,0,0,2025-01-05 09:50:00
TX-000204,2025-01-02 10:00:00,5.72,10,669,34.54,1,0,0,0,2025-01-05 10:00:00
TX-000205,2025-01-02 10:10:00,51.75,10,460,49.24,0,0,1,0,2025-01-05 10:10:00
TX-000206,2025-01-02 10:20:00,21.59,10,367,8.37,4,0,0,0,2025-01-05 10:20:00
TX-000207,2025-01-02 10:30:00,14.29,10,1298,7.38,2,0,0,0,2025-01-05 10:30:00
TX-000208,2025-01-02 10:40:00,20.78,10,860,102.5,0,1,0,0,2025-01-05 10:40:00
TX-000209,2025-01-02 10:50:00,37.81,10,1428,11.13,0,0,0,0,2025-01-05 10:50:00
TX-000210,2025-01-02 11:00:00,149.53,11,249,30.41,3,0,0,0,2025-01-05 11:00:00
TX-000211,2025-01-02 11:10:00,12.69,11,1774,4.51,0,0,1,0,2025-01-05 11:10:00
TX-000212,2025-01-02 11:20:00,56.47,11,852,24.79,0,0,0,0,2025-01-05 11:20:00
TX-000213,2025-01-02 11:30:00,32.05,11,455,46.12,3,0,0,0,2025-01-05 11:30:00
TX-000214,2025-01-02 11:40:00,38.08,11,653,7.35,2,0,1,0,2025-01-05 11:40:00
TX-000215,2025-01-02 11:50:00,164.52,11,1514,4.41,2,0,0,0,2025-01-05 11:50:00
TX-000216,2025-01-02 12:00:00,98.68,12,1277,50.4,0,0,0,0,2025-01-05 12:00:00
TX-000217,2025-01-02 12:10:00,237.73,12,309,63.18,3,0,1,0,2025-01-05 12:10:00
TX-000218,2025-01-02 12:20:00,46.06,12,1782,38.12,3,0,1,0,2025-01-05 12:20:00
TX-000219,2025-01-02 12:30:00,25.39,12,235,101.88,3,0,0,0,2025-01-05 12:30:00
TX-000220,2025-01-02 12:40:00,42.68,12,495,28.96,1,0,0,0,2025-01-05 12:40:00
TX-000221,2025-01-02 12:50:00,71.29,12,1312,43.9,6,0,0,0,2025-01-05 12:50:00
TX-000222,2025-01-02 13:00:00,66.3,13,953,12.46,2,0,0,0,2025-01-05 13:00:00
TX-000223,2025-01-02 13:10:00,16.56,13,802,8.86,2,0,0,0,2025-01-05 13:10:00
TX-000224,2025-01-02 13:20:00,60.31,13,1667,60.63,2,0,1,0,2025-01-05 13:20:00
TX-000225,2025-01-02 13:30:00,70.18,13,1429,19.69,0,0,0,0,2025-01-05 13:30:00
TX-000226,2025-01-02 13:40:00,870.63,13,1731,5.43,3,0,1,0,2025-01-05 13:40:00
TX-000227,2025-01-02 13:50:00,430.32,13,508,15.76,3,0,0,0,2025-01-05 13:50:00
TX-000228,2025-01-02 14:00:00,21.36,14,1531,18.57,1,0,1,0,2025-01-05 14:00:00
TX-000229,2025-01-02 14:10:00,39.8,14,383,48.33,1,0,0,0,2025-01-05 14:10:00
TX-000230,2025-01-02 14:20:00,10.92,14,1450,98.6,4,0,0,0,2025-01-05 14:20:00
TX-000231,2025-01-02 14:30:00,28.51,14,987,4.47,3,0,1,0,2025-01-05 14:30:00
TX-000232,2025-01-02 14:40:00,77.26,14,1076,159.77,2,1,0,0,2025-01-05 14:40:00
TX-000233,2025-01-02 14:50:00,205.7,14,207,131.68,1,0,0,0,2025-01-05 14:50:00
TX-000234,2025-01-02 15:00:00,24.48,15,1582,18.34,1,0,0,0,2025-01-05 15:00:00
TX-000235,2025-01-02 15:10:00,26.59,15,501,63.22,2,0,0,0,2025-01-05 15:10:00
TX-000236,2025-01-02 15:20:00,5.14,15,1076,32.55,0,1,0,0,2025-01-05 15:20:00
TX-000237,2025-01-02 15:30:00,45.65,15,299,8.91,1,0,0,0,2025-01-05 15:30:00
TX-000238,2025-01-02 15:40:00,16.97,15,1666,21.44,3,0,0,0,2025-01-05 15:40:00
TX-000239,2025-01-02 15:50:00,30.5,15,576,6.36,0,0,0,0,2025-01-05 15:50:00
TX-000240,2025-01-02 16:00:00,20.81,16,1372,22.64,1,0,0,0,2025-01-05 16:00:00
TX-000241,2025-01-02 16:10:00,49.22,16,1377,29.76,2,0,0,0,2025-01-05 16:10:00
TX-000242,2025-01-02 16:20:00,7.9,16,990,1.73,4,0,0,0,2025-01-05 16:20:00
TX-000243,2025-01-02 16:30:00,10.87,16,217,93.26,1,0,0,0,2025-01-05 16:30:00
TX-000244,2025-01-02 16:40:00,568.03,16,503,24.59,1,0,0,0,2025-01-05 16:40:00
TX-000245,2025-01-02 16:50:00,13.25,16,1101,35.89,1,0,1,0,2025-01-05 16:50:00
TX-000246,2025-01-02 17:00:00,16.34,17,964,43.36,1,0,1,0,2025-01-05 17:00:00
TX-000247,2025-01-02 17:10:00,411.83,17,1052,76.38,3,0,0,0,2025-01-05 17:10:00
TX-000248,2025-01-02 17:20:00,1333.52,17,448,17.24,1,0,0,0,2025-01-05 17:20:00
TX-000249,2025-01-02 17:30:00,15.05,17,968,74.27,2,0,1,1,2025-01-05 17:30:00
TX-000250,2025-01-02 17:40:00,36.41,17,153,18.06,0,0,0,0,2025-01-05 17:40:00
TX-000251,2025-01-02 17:50:00,79.5,17,871,53.79,1,0,1,0,2025-01-05 17:50:00
TX-000252,2025-01-02 18:00:00,365.61,18,164,2.94,0,1,1,0,2025-01-05 18:00:00
TX-000253,2025-01-02 18:10:00,18.44,18,1194,72.67,3,1,0,0,2025-01-05 18:10:00
TX-000254,2025-01-02 18:20:00,41.69,18,1020,28.06,1,0,0,0,2025-01-05 18:20:00
TX-000255,2025-01-02 18:30:00,128.39,18,1533,7.42,3,0,0,0,2025-01-05 18:30:00
TX-000256,2025-01-02 18:40:00,88.08,18,831,150.03,2,0,1,0,2025-01-05 18:40:00
TX-000257,2025-01-02 18:50:00,36.1,18,291,38.27,2,0,0,0,2025-01-05 18:50:00
TX-000258,2025-01-02 19:00:00,47.12,19,423,21.87,3,1,0,0,2025-01-05 19:00:00
TX-000259,2025-01-02 19:10:00,12.03,19,1465,22.22,1,0,0,0,2025-01-05 19:10:00
TX-000260,2025-01-02 19:20:00,42.01,19,1724,11.84,1,0,0,0,2025-01-05 19:20:00
TX-000261,2025-01-02 19:30:00,40.73,19,110,19.15,4,0,0,0,2025-01-05 19:30:00
TX-000262,2025-01-02 19:40:00,70.48,19,1217,19.92,3,0,0,0,2025-01-05 19:40:00
TX-000263,2025-01-02 19:50:00,29.64,19,867,2.59,3,0,1,0,2025-01-05 19:50:00
TX-000264,2025-01-02 20:00:00,91.72,20,464,44.92,2,0,0,0,2025-01-05 20:00:00
TX-000265,2025-01-02 20:10:00,166.33,20,920,0.93,1,0,0,0,2025-01-05 20:10:00
TX-000266,2025-01-02 20:20:00,64.78,20,1684,14.32,3,0,0,0,2025-01-05 20:20:00
TX-000267,2025-01-02 20:30:00,80.39,20,355,34.51,1,0,0,0,2025-01-05 20:30:00
TX-000268,2025-01-02 20:40:00,57.89,20,1506,75.14,1,1,0,0,2025-01-05 20:40:00
TX-000269,2025-01-02 20:50:00,54.6,20,161,9.02,1,0,0,0,2025-01-05 20:50:00
TX-000270,2025-01-02 21:00:00,24.69,21,1297,55.01,2,0,0,0,2025-01-05 21:00:00
TX-000271,2025-01-02 21:10:00,77.33,21,134,81.35,6,0,0,0,2025-01-05 21:10:00
TX-000272,2025-01-02 21:20:00,49.06,21,109,96.49,0,0,0,0,2025-01-05 21:20:00
TX-000273,2025-01-02 21:30:00,545.93,21,67,149.24,3,0,0,0,2025-01-05 21:30:00
TX-000274,2025-01-02 21:40:00,308.18,21,1448,5.88,3,1,1,0,2025-01-05 21:40:00
TX-000275,2025-01-02 21:50:00,83.47,21,1032,0.41,1,0,0,0,2025-01-05 21:50:00
TX-000276,2025-01-02 22:00:00,23.59,22,1242,111.79,3,0,0,0,2025-01-05 22:00:00
TX-000277,2025-01-02 22:10:00,16.06,22,279,14.74,2,1,0,0,2025-01-05 22:10:00
TX-000278,2025-01-02 22:20:00,202.4,22,1658,194.45,1,0,0,0,2025-01-05 22:20:00
TX-000279,2025-01-02 22:30:00,72.9,22,1455,49.09,2,0,0,0,2025-01-05 22:30:00
TX-000280,2025-01-02 22:40:00,92.59,22,879,127.84,2,0,0,0,2025-01-05 22:40:00
TX-000281,2025-01-02 22:50:00,8.01,22,1618,35.67,4,0,0,0,2025-01-05 22:50:00
TX-000282,2025-01-02 23:00:00,151.44,23,257,85.12,3,0,0,0,2025-01-05 23:00:00
TX-000283,2025-01-02 23:10:00,90.0,23,526,17.24,5,0,0,0,2025-01-05 23:10:00
TX-000284,2025-01-02 23:20:00,16.1,23,87,45.51,1,1,0,0,2025-01-05 23:20:00
TX-000285,2025-01-02 23:30:00,32.5,23,296,54.05,4,0,0,0,2025-01-05 23:30:00
TX-000286,2025-01-02 23:40:00,72.97,23,1514,1.0,3,0,0,0,2025-01-05 23:40:00
TX-000287,2025-01-02 23:50:00,57.84,23,737,11.48,6,0,1,0,2025-01-05 23:50:00
TX-000288,2025-01-03 00:00:00,39.59,0,1161,157.1,2,1,0,0,2025-01-06 00:00:00
TX-000289,2025-01-03 00:10:00,48.72,0,1586,73.7,3,0,0,0,2025-01-06 00:10:00
TX-000290,2025-01-03 00:20:00,41.38,0,1375,18.17,1,0,0,0,2025-01-06 00:20:00
TX-000291,2025-01-03 00:30:00,64.57,0,719,9.62,3,0,0,0,2025-01-06 00:30:00
TX-000292,2025-01-03 00:40:00,275.51,0,626,2.77,5,0,0,0,2025-01-06 00:40:00
TX-000293,2025-01-03 00:50:00,3.24,0,195,37.03,2,0,0,0,2025-01-06 00:50:00
TX-000294,2025-01-03 01:00:00,42.08,1,1493,0.82,1,0,0,0,2025-01-06 01:00:00
TX-000295,2025-01-03 01:10:00,66.3,1,1772,0.19,4,0,0,0,2025-01-06 01:10:00
TX-000296,2025-01-03 01:20:00,75.61,1,900,60.8,1,0,1,0,2025-01-06 01:20:00
TX-000297,2025-01-03 01:30:00,36.27,1,899,11.58,4,0,0,0,2025-01-06 01:30:00
TX-000298,2025-01-03 01:40:00,7.91,1,1527,6.23,2,0,0,0,2025-01-06 01:40:00
TX-000299,2025-01-03 01:50:00,78.32,1,616,14.31,2,0,0,0,2025-01-06 01:50:00
TX-000300,2025-01-03 02:00:00,365.07,2,731,12.84,1,0,0,0,2025-01-06 02:00:00
TX-000301,2025-01-03 02:10:00,10.1,2,1608,13.29,2,0,0,0,2025-01-06 02:10:00
TX-000302,2025-01-03 02:20:00,141.2,2,682,2.78,1,0,0,0,2025-01-06 02:20:00
TX-000303,2025-01-03 02:30:00,38.04,2,1669,4.79,1,0,0,0,2025-01-06 02:30:00
TX-000304,2025-01-03 02:40:00,51.04,2,290,22.86,0,0,0,0,2025-01-06 02:40:00
TX-000305,2025-01-03 02:50:00,17.15,2,894,22.95,3,0,0,0,2025-01-06 02:50:00
TX-000306,2025-01-03 03:00:00,37.79,3,881,13.93,2,0,0,1,2025-01-06 03:00:00
TX-000307,2025-01-03 03:10:00,228.16,3,552,127.01,3,0,0,0,2025-01-06 03:10:00
TX-000308,2025-01-03 03:20:00,103.64,3,1733,118.21,3,0,0,0,2025-01-06 03:20:00
TX-000309,2025-01-03 03:30:00,367.07,3,868,7.79,2,0,0,0,2025-01-06 03:30:00
TX-000310,2025-01-03 03:40:00,199.37,3,1582,83.98,1,1,0,0,2025-01-06 03:40:00
TX-000311,2025-01-03 03:50:00,88.5,3,394,79.01,3,0,0,0,2025-01-06 03:50:00
TX-000312,2025-01-03 04:00:00,371.79,4,628,55.41,3,0,0,0,2025-01-06 04:00:00
TX-000313,2025-01-03 04:10:00,88.49,4,860,90.26,0,0,0,0,2025-01-06 04:10:00
TX-000314,2025-01-03 04:20:00,135.75,4,1015,25.78,4,0,0,0,2025-01-06 04:20:00
TX-000315,2025-01-03 04:30:00,39.4,4,412,29.12,5,0,0,0,2025-01-06 04:30:00
TX-000316,2025-01-03 04:40:00,58.74,4,563,76.26,0,0,0,0,2025-01-06 04:40:00
TX-000317,2025-01-03 04:50:00,25.35,4,1119,57.17,3,0,0,0,2025-01-06 04:50:00
TX-000318,2025-01-03 05:00:00,162.15,5,501,11.79,2,0,1,0,2025-01-06 05:00:00
TX-000319,2025-01-03 05:10:00,14.94,5,1367,3.16,2,0,0,0,2025-01-06 05:10:00
TX-000320,2025-01-03 05:20:00,129.1,5,858,11.2,2,1,0,0,2025-01-06 05:20:00
TX-000321,2025-01-03 05:30:00,44.27,5,1744,0.98,2,0,0,0,2025-01-06 05:30:00
TX-000322,2025-01-03 05:40:00,198.02,5,427,31.79,2,0,0,0,2025-01-06 05:40:00
TX-000323,2025-01-03 05:50:00,124.71,5,1516,37.5,3,0,1,0,2025-01-06 05:50:00
TX-000324,2025-01-03 06:00:00,404.52,6,882,52.92,0,0,0,0,2025-01-06 06:00:00
TX-000325,2025-01-03 06:10:00,121.98,6,155,9.87,2,1,0,0,2025-01-06 06:10:00
TX-000326,2025-01-03 06:20:00,9.69,6,1269,92.45,5,0,0,0,2025-01-06 06:20:00
TX-000327,2025-01-03 06:30:00,50.72,6,380,95.58,3,0,0,0,2025-01-06 06:30:00
TX-000328,2025-01-03 06:40:00,15.04,6,249,19.23,2,0,0,0,2025-01-06 06:40:00
TX-000329,2025-01-03 06:50:00,30.87,6,957,103.47,1,0,0,0,2025-01-06 06:50:00
TX-000330,2025-01-03 07:00:00,287.82,7,1414,36.64,2,0,0,0,2025-01-06 07:00:00
TX-000331,2025-01-03 07:10:00,110.09,7,463,85.98,1,0,0,0,2025-01-06 07:10:00
TX-000332,2025-01-03 07:20:00,25.31,7,1121,70.88,5,1,0,0,2025-01-06 07:20:00
TX-000333,2025-01-03 07:30:00,17.9,7,25,0.23,3,0,0,0,2025-01-06 07:30:00
TX-000334,2025-01-03 07:40:00,56.6,7,332,28.46,0,1,1,0,2025-01-06 07:40:00
TX-000335,2025-01-03 07:50:00,14.32,7,1358,19.64,1,0,0,0,2025-01-06 07:50:00
TX-000336,2025-01-03 08:00:00,26.1,8,23,10.04,3,0,0,0,2025-01-06 08:00:00
TX-000337,2025-01-03 08:10:00,76.95,8,643,4.22,3,0,0,0,2025-01-06 08:10:00
TX-000338,2025-01-03 08:20:00,194.58,8,914,139.55,3,0,0,0,2025-01-06 08:20:00
TX-000339,2025-01-03 08:30:00,106.66,8,118,30.37,4,0,0,0,2025-01-06 08:30:00
TX-000340,2025-01-03 08:40:00,4.39,8,1761,15.41,2,0,0,0,2025-01-06 08:40:00
TX-000341,2025-01-03 08:50:00,76.31,8,915,82.13,1,0,0,0,2025-01-06 08:50:00
TX-000342,2025-01-03 09:00:00,59.1,9,609,6.26,2,0,0,0,2025-01-06 09:00:00
TX-000343,2025-01-03 09:10:00,86.08,9,1758,126.23,5,0,0,0,2025-01-06 09:10:00
TX-000344,2025-01-03 09:20:00,323.06,9,1005,17.34,1,0,0,0,2025-01-06 09:20:00
TX-000345,2025-01-03 09:30:00,5.64,9,1221,1.62,1,0,0,0,2025-01-06 09:30:00
TX-000346,2025-01-03 09:40:00,28.5,9,162,8.52,1,0,0,0,2025-01-06 09:40:00
TX-000347,2025-01-03 09:50:00,104.58,9,285,5.93,0,0,0,0,2025-01-06 09:50:00
TX-000348,2025-01-03 10:00:00,9.59,10,81,119.64,6,0,1,0,2025-01-06 10:00:00
TX-000349,2025-01-03 10:10:00,276.87,10,925,72.4,0,1,0,0,2025-01-06 10:10:00
TX-000350,2025-01-03 10:20:00,81.87,10,1505,10.26,1,0,0,0,2025-01-06 10:20:00
TX-000351,2025-01-03 10:30:00,138.55,10,1623,11.2,3,1,1,0,2025-01-06 10:30:00
TX-000352,2025-01-03 10:40:00,29.14,10,1033,86.9,5,0,0,0,2025-01-06 10:40:00
TX-000353,2025-01-03 10:50:00,133.64,10,97,2.19,2,0,0,0,2025-01-06 10:50:00
TX-000354,2025-01-03 11:00:00,176.85,11,1127,32.66,1,0,0,0,2025-01-06 11:00:00
TX-000355,2025-01-03 11:10:00,70.54,11,1148,36.99,3,0,0,0,2025-01-06 11:10:00
TX-000356,2025-01-03 11:20:00,70.66,11,1074,0.25,1,0,0,0,2025-01-06 11:20:00
TX-000357,2025-01-03 11:30:00,73.51,11,1298,44.13,3,0,0,0,2025-01-06 11:30:00
TX-000358,2025-01-03 11:40:00,21.12,11,1002,1.2,2,0,0,0,2025-01-06 11:40:00
TX-000359,2025-01-03 11:50:00,46.42,11,1267,55.89,2,1,0,0,2025-01-06 11:50:00
TX-000360,2025-01-03 12:00:00,46.17,12,875,26.16,2,0,0,0,2025-01-06 12:00:00
TX-000361,2025-01-03 12:10:00,83.24,12,270,19.73,5,1,0,0,2025-01-06 12:10:00
TX-000362,2025-01-03 12:20:00,163.99,12,143,22.66,1,0,0,0,2025-01-06 12:20:00
TX-000363,2025-01-03 12:30:00,17.04,12,1633,102.17,2,0,0,0,2025-01-06 12:30:00
TX-000364,2025-01-03 12:40:00,47.58,12,793,15.27,0,0,0,0,2025-01-06 12:40:00
TX-000365,2025-01-03 12:50:00,278.55,12,580,1.97,2,0,0,0,2025-01-06 12:50:00
TX-000366,2025-01-03 13:00:00,24.1,13,527,221.53,1,0,0,0,2025-01-06 13:00:00
TX-000367,2025-01-03 13:10:00,22.1,13,93,3.75,6,0,0,0,2025-01-06 13:10:00
TX-000368,2025-01-03 13:20:00,68.21,13,1701,8.93,1,0,0,0,2025-01-06 13:20:00
TX-000369,2025-01-03 13:30:00,138.22,13,149,7.53,1,1,0,0,2025-01-06 13:30:00
TX-000370,2025-01-03 13:40:00,55.29,13,394,34.93,2,0,0,0,2025-01-06 13:40:00
TX-000371,2025-01-03 13:50:00,235.53,13,823,10.85,1,0,0,0,2025-01-06 13:50:00
TX-000372,2025-01-03 14:00:00,140.12,14,644,28.46,0,0,0,0,2025-01-06 14:00:00
TX-000373,2025-01-03 14:10:00,137.83,14,71,52.31,2,0,0,0,2025-01-06 14:10:00
TX-000374,2025-01-03 14:20:00,100.44,14,592,14.85,2,0,0,0,2025-01-06 14:20:00
TX-000375,2025-01-03 14:30:00,706.57,14,1403,43.15,4,0,0,0,2025-01-06 14:30:00
TX-000376,2025-01-03 14:40:00,43.57,14,451,65.16,2,0,0,0,2025-01-06 14:40:00
TX-000377,2025-01-03 14:50:00,6.03,14,1558,6.69,4,0,1,0,2025-01-06 14:50:00
TX-000378,2025-01-03 15:00:00,318.84,15,648,60.32,3,0,1,0,2025-01-06 15:00:00
TX-000379,2025-01-03 15:10:00,33.0,15,24,2.21,4,0,0,0,2025-01-06 15:10:00
TX-000380,2025-01-03 15:20:00,61.48,15,196,23.12,2,0,0,0,2025-01-06 15:20:00
TX-000381,2025-01-03 15:30:00,230.56,15,1458,8.82,0,0,0,0,2025-01-06 15:30:00
TX-000382,2025-01-03 15:40:00,9.37,15,729,4.52,3,0,0,0,2025-01-06 15:40:00
TX-000383,2025-01-03 15:50:00,13.78,15,1766,11.89,3,0,0,0,2025-01-06 15:50:00
TX-000384,2025-01-03 16:00:00,9.38,16,1419,30.27,0,0,0,0,2025-01-06 16:00:00
TX-000385,2025-01-03 16:10:00,22.79,16,54,40.98,2,0,0,0,2025-01-06 16:10:00
TX-000386,2025-01-03 16:20:00,88.55,16,562,52.98,2,0,0,0,2025-01-06 16:20:00
TX-000387,2025-01-03 16:30:00,97.18,16,1304,110.93,1,0,0,0,2025-01-06 16:30:00
TX-000388,2025-01-03 16:40:00,73.99,16,113,32.0,1,0,0,0,2025-01-06 16:40:00
TX-000389,2025-01-03 16:50:00,11.54,16,1798,21.95,4,0,0,0,2025-01-06 16:50:00
TX-000390,2025-01-03 17:00:00,4.3,17,299,131.18,6,0,1,0,2025-01-06 17:00:00
TX-000391,2025-01-03 17:10:00,57.96,17,1434,13.4,0,0,0,0,2025-01-06 17:10:00
TX-000392,2025-01-03 17:20:00,32.49,17,1512,10.78,2,0,0,0,2025-01-06 17:20:00
TX-000393,2025-01-03 17:30:00,90.5,17,909,31.25,3,0,0,0,2025-01-06 17:30:00
TX-000394,2025-01-03 17:40:00,118.17,17,1446,17.21,0,0,0,0,2025-01-06 17:40:00
TX-000395,2025-01-03 17:50:00,63.57,17,1592,2.76,3,0,0,0,2025-01-06 17:50:00
TX-000396,2025-01-03 18:00:00,125.98,18,1321,7.46,4,1,0,0,2025-01-06 18:00:00
TX-000397,2025-01-03 18:10:00,70.26,18,1274,42.38,1,1,0,0,2025-01-06 18:10:00
TX-000398,2025-01-03 18:20:00,97.81,18,699,55.28,2,0,0,0,2025-01-06 18:20:00
TX-000399,2025-01-03 18:30:00,25.15,18,526,29.79,1,0,1,0,2025-01-06 18:30:00
TX-000400,2025-01-03 18:40:00,44.81,18,1561,0.55,2,0,1,0,2025-01-06 18:40:00
TX-000401,2025-01-03 18:50:00,67.79,18,403,13.07,5,0,1,0,2025-01-06 18:50:00
TX-000402,2025-01-03 19:00:00,134.64,19,746,32.13,3,0,0,0,2025-01-06 19:00:00
TX-000403,2025-01-03 19:10:00,35.41,19,922,13.98,1,0,1,0,2025-01-06 19:10:00
TX-000404,2025-01-03 19:20:00,96.86,19,703,25.68,3,0,0,0,2025-01-06 19:20:00
TX-000405,2025-01-03 19:30:00,40.75,19,671,11.2,1,0,0,0,2025-01-06 19:30:00
TX-000406,2025-01-03 19:40:00,47.98,19,1078,45.78,0,0,0,0,2025-01-06 19:40:00
TX-000407,2025-01-03 19:50:00,135.97,19,593,14.7,2,0,0,0,2025-01-06 19:50:00
TX-000408,2025-01-03 20:00:00,6.1,20,1779,28.0,1,0,0,0,2025-01-06 20:00:00
TX-000409,2025-01-03 20:10:00,13.12,20,320,13.11,3,0,0,0,2025-01-06 20:10:00
TX-000410,2025-01-03 20:20:00,10.69,20,700,6.07,2,1,0,0,2025-01-06 20:20:00
TX-000411,2025-01-03 20:30:00,4.19,20,1521,0.55,2,0,0,0,2025-01-06 20:30:00
TX-000412,2025-01-03 20:40:00,25.89,20,855,64.8,2,0,0,0,2025-01-06 20:40:00
TX-000413,2025-01-03 20:50:00,124.51,20,1269,46.3,0,0,0,0,2025-01-06 20:50:00
TX-000414,2025-01-03 21:00:00,39.91,21,1164,18.24,3,0,0,0,2025-01-06 21:00:00
TX-000415,2025-01-03 21:10:00,67.87,21,596,125.57,1,0,0,0,2025-01-06 21:10:00
TX-000416,2025-01-03 21:20:00,180.94,21,1339,66.28,1,0,0,0,2025-01-06 21:20:00
TX-000417,2025-01-03 21:30:00,235.2,21,427,37.33,2,1,0,0,2025-01-06 21:30:00
TX-000418,2025-01-03 21:40:00,50.6,21,1349,22.12,1,0,0,0,2025-01-06 21:40:00
TX-000419,2025-01-03 21:50:00,242.0,21,230,28.78,3,0,0,0,2025-01-06 21:50:00
TX-000420,2025-01-03 22:00:00,60.42,22,1249,39.34,2,0,0,0,2025-01-06 22:00:00
TX-000421,2025-01-03 22:10:00,21.73,22,202,15.64,3,0,0,0,2025-01-06 22:10:00
TX-000422,2025-01-03 22:20:00,28.39,22,1563,37.72,1,0,0,0,2025-01-06 22:20:00
TX-000423,2025-01-03 22:30:00,10.71,22,1125,5.56,1,0,0,0,2025-01-06 22:30:00
TX-000424,2025-01-03 22:40:00,20.55,22,72,94.0,1,0,0,0,2025-01-06 22:40:00
TX-000425,2025-01-03 22:50:00,36.83,22,195,29.52,2,0,0,0,2025-01-06 22:50:00
TX-000426,2025-01-03 23:00:00,132.15,23,337,3.93,5,0,0,0,2025-01-06 23:00:00
TX-000427,2025-01-03 23:10:00,362.44,23,1728,103.85,0,0,0,0,2025-01-06 23:10:00
TX-000428,2025-01-03 23:20:00,11.94,23,1061,19.39,0,0,0,0,2025-01-06 23:20:00
TX-000429,2025-01-03 23:30:00,84.11,23,502,3.94,0,0,1,0,2025-01-06 23:30:00
TX-000430,2025-01-03 23:40:00,17.38,23,498,1.71,1,0,1,0,2025-01-06 23:40:00
TX-000431,2025-01-03 23:50:00,92.03,23,46,102.5,1,0,0,0,2025-01-06 23:50:00
TX-000432,2025-01-04 00:00:00,47.27,0,365,9.35,6,0,0,0,2025-01-07 00:00:00
TX-000433,2025-01-04 00:10:00,7.29,0,1539,23.11,4,0,0,0,2025-01-07 00:10:00
TX-000434,2025-01-04 00:20:00,151.58,0,1077,14.1,1,0,0,0,2025-01-07 00:20:00
TX-000435,2025-01-04 00:30:00,28.06,0,661,9.41,4,1,0,0,2025-01-07 00:30:00
TX-000436,2025-01-04 00:40:00,30.35,0,38,38.91,1,0,0,0,2025-01-07 00:40:00
TX-000437,2025-01-04 00:50:00,16.83,0,617,12.22,2,0,0,0,2025-01-07 00:50:00
TX-000438,2025-01-04 01:00:00,26.58,1,689,29.32,3,0,0,0,2025-01-07 01:00:00
TX-000439,2025-01-04 01:10:00,87.42,1,213,37.96,3,0,0,0,2025-01-07 01:10:00
TX-000440,2025-01-04 01:20:00,44.34,1,1092,81.97,1,0,0,0,2025-01-07 01:20:00
TX-000441,2025-01-04 01:30:00,78.38,1,1188,1.84,2,0,0,0,2025-01-07 01:30:00
TX-000442,2025-01-04 01:40:00,81.3,1,1796,23.67,3,0,0,0,2025-01-07 01:40:00
TX-000443,2025-01-04 01:50:00,233.39,1,645,5.93,2,0,0,0,2025-01-07 01:50:00
TX-000444,2025-01-04 02:00:00,37.45,2,496,38.24,1,0,0,0,2025-01-07 02:00:00
TX-000445,2025-01-04 02:10:00,10.76,2,1481,52.36,1,0,0,0,2025-01-07 02:10:00
TX-000446,2025-01-04 02:20:00,176.61,2,630,8.91,3,0,0,0,2025-01-07 02:20:00
TX-000447,2025-01-04 02:30:00,37.92,2,1135,26.08,3,0,0,0,2025-01-07 02:30:00
TX-000448,2025-01-04 02:40:00,186.06,2,1327,49.64,1,0,0,0,2025-01-07 02:40:00
TX-000449,2025-01-04 02:50:00,83.24,2,1583,12.91,1,0,1,0,2025-01-07 02:50:00
TX-000450,2025-01-04 03:00:00,47.26,3,573,36.79,3,0,0,0,2025-01-07 03:00:00
TX-000451,2025-01-04 03:10:00,80.13,3,1120,30.27,2,0,0,0,2025-01-07 03:10:00
TX-000452,2025-01-04 03:20:00,466.9,3,235,73.83,3,0,0,0,2025-01-07 03:20:00
TX-000453,2025-01-04 03:30:00,536.29,3,1402,32.78,1,0,0,0,2025-01-07 03:30:00
TX-000454,2025-01-04 03:40:00,58.93,3,81,13.52,1,0,0,0,2025-01-07 03:40:00
TX-000455,2025-01-04 03:50:00,65.12,3,1253,13.64,1,0,0,0,2025-01-07 03:50:00
TX-000456,2025-01-04 04:00:00,178.37,4,376,61.43,4,0,0,0,2025-01-07 04:00:00
TX-000457,2025-01-04 04:10:00,21.54,4,832,90.85,4,0,1,0,2025-01-07 04:10:00
TX-000458,2025-01-04 04:20:00,78.76,4,137,9.19,2,0,0,0,2025-01-07 04:20:00
TX-000459,2025-01-04 04:30:00,53.07,4,1239,124.91,1,0,0,0,2025-01-07 04:30:00
TX-000460,2025-01-04 04:40:00,77.12,4,867,16.56,1,0,0,0,2025-01-07 04:40:00
TX-000461,2025-01-04 04:50:00,21.83,4,1194,13.94,3,0,0,0,2025-01-07 04:50:00
TX-000462,2025-01-04 05:00:00,9.5,5,625,10.14,4,0,0,0,2025-01-07 05:00:00
TX-000463,2025-01-04 05:10:00,5.58,5,12,20.28,2,0,1,0,2025-01-07 05:10:00
TX-000464,2025-01-04 05:20:00,15.97,5,1045,30.69,1,0,0,0,2025-01-07 05:20:00
TX-000465,2025-01-04 05:30:00,32.97,5,1257,140.6,4,0,0,0,2025-01-07 05:30:00
TX-000466,2025-01-04 05:40:00,39.55,5,1196,39.98,0,1,0,0,2025-01-07 05:40:00
TX-000467,2025-01-04 05:50:00,459.87,5,471,5.63,3,0,0,0,2025-01-07 05:50:00
TX-000468,2025-01-04 06:00:00,184.31,6,1289,55.63,3,0,0,0,2025-01-07 06:00:00
TX-000469,2025-01-04 06:10:00,18.95,6,975,6.77,1,0,0,0,2025-01-07 06:10:00
TX-000470,2025-01-04 06:20:00,80.04,6,378,48.36,0,0,0,0,2025-01-07 06:20:00
TX-000471,2025-01-04 06:30:00,34.89,6,200,13.51,3,1,0,0,2025-01-07 06:30:00
TX-000472,2025-01-04 06:40:00,39.93,6,585,16.68,1,1,1,0,2025-01-07 06:40:00
TX-000473,2025-01-04 06:50:00,66.94,6,41,20.45,0,0,0,0,2025-01-07 06:50:00
TX-000474,2025-01-04 07:00:00,107.89,7,1289,56.4,0,0,0,0,2025-01-07 07:00:00
TX-000475,2025-01-04 07:10:00,37.59,7,27,22.06,2,0,0,0,2025-01-07 07:10:00
TX-000476,2025-01-04 07:20:00,175.96,7,87,137.91,2,1,0,0,2025-01-07 07:20:00
TX-000477,2025-01-04 07:30:00,15.55,7,284,16.54,1,0,0,0,2025-01-07 07:30:00
TX-000478,2025-01-04 07:40:00,54.98,7,586,4.32,0,0,0,0,2025-01-07 07:40:00
TX-000479,2025-01-04 07:50:00,950.93,7,35,105.71,2,0,0,0,2025-01-07 07:50:00
TX-000480,2025-01-04 08:00:00,69.78,8,1133,92.21,1,0,0,0,2025-01-07 08:00:00
TX-000481,2025-01-04 08:10:00,264.15,8,238,17.79,1,0,0,0,2025-01-07 08:10:00
TX-000482,2025-01-04 08:20:00,60.38,8,1445,3.01,0,0,0,0,2025-01-07 08:20:00
TX-000483,2025-01-04 08:30:00,103.43,8,1006,9.16,1,0,0,0,2025-01-07 08:30:00
TX-000484,2025-01-04 08:40:00,51.29,8,150,33.89,0,0,0,0,2025-01-07 08:40:00
TX-000485,2025-01-04 08:50:00,45.27,8,720,18.79,3,0,1,0,2025-01-07 08:50:00
TX-000486,2025-01-04 09:00:00,23.16,9,252,118.39,2,1,0,0,2025-01-07 09:00:00
TX-000487,2025-01-04 09:10:00,87.65,9,1765,47.35,3,0,1,0,2025-01-07 09:10:00
TX-000488,2025-01-04 09:20:00,21.4,9,1066,19.05,2,1,0,0,2025-01-07 09:20:00
TX-000489,2025-01-04 09:30:00,113.54,9,1455,1.22,3,0,0,0,2025-01-07 09:30:00
TX-000490,2025-01-04 09:40:00,180.15,9,673,211.94,4,0,0,0,2025-01-07 09:40:00
TX-000491,2025-01-04 09:50:00,81.71,9,264,22.96,1,0,0,0,2025-01-07 09:50:00
TX-000492,2025-01-04 10:00:00,39.85,10,422,71.14,1,0,1,0,2025-01-07 10:00:00
TX-000493,2025-01-04 10:10:00,89.96,10,750,11.03,1,0,0,0,2025-01-07 10:10:00
TX-000494,2025-01-04 10:20:00,38.88,10,1386,2.97,1,0,0,0,2025-01-07 10:20:00
TX-000495,2025-01-04 10:30:00,152.8,10,775,7.47,4,0,0,0,2025-01-07 10:30:00
TX-000496,2025-01-04 10:40:00,7.28,10,1671,70.34,0,0,0,0,2025-01-07 10:40:00
TX-000497,2025-01-04 10:50:00,37.74,10,651,5.38,2,0,0,0,2025-01-07 10:50:00
TX-000498,2025-01-04 11:00:00,6.11,11,419,107.29,3,0,1,1,2025-01-07 11:00:00
TX-000499,2025-01-04 11:10:00,10.54,11,892,68.74,2,0,0,0,2025-01-07 11:10:00
TX-000500,2025-01-04 11:20:00,244.75,11,200,36.16,4,0,0,0,2025-01-07 11:20:00
TX-000501,2025-01-04 11:30:00,146.16,11,1205,9.05,3,0,0,0,2025-01-07 11:30:00
TX-000502,2025-01-04 11:40:00,24.74,11,181,5.9,1,0,0,0,2025-01-07 11:40:00
TX-000503,2025-01-04 11:50:00,10.46,11,1153,12.65,5,0,0,0,2025-01-07 11:50:00
TX-000504,2025-01-04 12:00:00,2.09,12,688,40.79,3,0,0,0,2025-01-07 12:00:00
TX-000505,2025-01-04 12:10:00,30.03,12,642,23.72,2,0,0,0,2025-01-07 12:10:00
TX-000506,2025-01-04 12:20:00,782.47,12,1099,26.72,0,0,0,0,2025-01-07 12:20:00
TX-000507,2025-01-04 12:30:00,88.09,12,1269,60.64,2,0,0,0,2025-01-07 12:30:00
TX-000508,2025-01-04 12:40:00,29.5,12,1672,17.03,4,0,1,0,2025-01-07 12:40:00
TX-000509,2025-01-04 12:50:00,91.07,12,521,34.38,4,0,0,0,2025-01-07 12:50:00
TX-000510,2025-01-04 13:00:00,9.81,13,1461,10.83,1,0,0,0,2025-01-07 13:00:00
TX-000511,2025-01-04 13:10:00,39.37,13,1503,20.36,5,0,0,0,2025-01-07 13:10:00
TX-000512,2025-01-04 13:20:00,60.91,13,1792,1.05,0,0,0,0,2025-01-07 13:20:00
TX-000513,2025-01-04 13:30:00,49.66,13,1735,1.07,1,0,0,0,2025-01-07 13:30:00
TX-000514,2025-01-04 13:40:00,130.31,13,1422,4.56,1,0,1,0,2025-01-07 13:40:00
TX-000515,2025-01-04 13:50:00,79.77,13,530,8.8,0,0,0,0,2025-01-07 13:50:00
TX-000516,2025-01-04 14:00:00,113.88,14,1250,2.36,1,1,0,0,2025-01-07 14:00:00
TX-000517,2025-01-04 14:10:00,25.61,14,1412,43.47,2,1,0,0,2025-01-07 14:10:00
TX-000518,2025-01-04 14:20:00,146.58,14,524,78.52,0,0,0,0,2025-01-07 14:20:00
TX-000519,2025-01-04 14:30:00,327.61,14,1464,0.71,1,0,0,0,2025-01-07 14:30:00
TX-000520,2025-01-04 14:40:00,18.78,14,1263,80.09,5,0,0,0,2025-01-07 14:40:00
TX-000521,2025-01-04 14:50:00,20.56,14,883,0.21,1,0,0,0,2025-01-07 14:50:00
TX-000522,2025-01-04 15:00:00,237.31,15,1551,7.97,4,0,0,0,2025-01-07 15:00:00
TX-000523,2025-01-04 15:10:00,44.24,15,157,100.6,1,0,1,0,2025-01-07 15:10:00
TX-000524,2025-01-04 15:20:00,255.75,15,1231,24.09,1,0,0,0,2025-01-07 15:20:00
TX-000525,2025-01-04 15:30:00,33.56,15,1415,0.5,2,0,0,0,2025-01-07 15:30:00
TX-000526,2025-01-04 15:40:00,270.58,15,72,62.09,0,0,0,0,2025-01-07 15:40:00
TX-000527,2025-01-04 15:50:00,63.09,15,733,19.15,1,1,0,0,2025-01-07 15:50:00
TX-000528,2025-01-04 16:00:00,72.53,16,930,42.14,2,0,0,0,2025-01-07 16:00:00
TX-000529,2025-01-04 16:10:00,305.27,16,374,53.47,2,0,0,0,2025-01-07 16:10:00
TX-000530,2025-01-04 16:20:00,36.67,16,1582,15.08,2,0,0,0,2025-01-07 16:20:00
TX-000531,2025-01-04 16:30:00,19.39,16,1127,180.56,1,0,1,0,2025-01-07 16:30:00
TX-000532,2025-01-04 16:40:00,33.33,16,495,7.35,0,0,0,0,2025-01-07 16:40:00
TX-000533,2025-01-04 16:50:00,89.8,16,786,137.97,1,0,0,0,2025-01-07 16:50:00
TX-000534,2025-01-04 17:00:00,9.75,17,201,63.78,1,0,0,0,2025-01-07 17:00:00
TX-000535,2025-01-04 17:10:00,110.08,17,157,5.55,1,0,1,0,2025-01-07 17:10:00
TX-000536,2025-01-04 17:20:00,30.19,17,1343,0.3,4,0,0,0,2025-01-07 17:20:00
TX-000537,2025-01-04 17:30:00,192.98,17,1770,10.35,2,0,1,0,2025-01-07 17:30:00
TX-000538,2025-01-04 17:40:00,3.92,17,498,5.44,3,0,1,0,2025-01-07 17:40:00
TX-000539,2025-01-04 17:50:00,22.98,17,440,2.16,1,0,0,0,2025-01-07 17:50:00
TX-000540,2025-01-04 18:00:00,8.54,18,1231,53.89,0,0,1,0,2025-01-07 18:00:00
TX-000541,2025-01-04 18:10:00,22.0,18,919,61.64,0,0,0,0,2025-01-07 18:10:00
TX-000542,2025-01-04 18:20:00,71.7,18,250,2.86,6,1,0,0,2025-01-07 18:20:00
TX-000543,2025-01-04 18:30:00,44.83,18,1201,5.71,6,0,0,0,2025-01-07 18:30:00
TX-000544,2025-01-04 18:40:00,41.32,18,377,79.5,0,0,0,0,2025-01-07 18:40:00
TX-000545,2025-01-04 18:50:00,45.83,18,207,26.25,2,0,0,0,2025-01-07 18:50:00
TX-000546,2025-01-04 19:00:00,68.29,19,835,87.89,4,0,0,0,2025-01-07 19:00:00
TX-000547,2025-01-04 19:10:00,18.0,19,1330,3.58,2,0,0,0,2025-01-07 19:10:00
TX-000548,2025-01-04 19:20:00,118.81,19,938,98.66,4,1,0,0,2025-01-07 19:20:00
TX-000549,2025-01-04 19:30:00,113.17,19,1166,17.47,5,0,0,0,2025-01-07 19:30:00
TX-000550,2025-01-04 19:40:00,83.39,19,428,23.71,4,1,1,0,2025-01-07 19:40:00
TX-000551,2025-01-04 19:50:00,100.7,19,888,17.95,3,0,1,0,2025-01-07 19:50:00
TX-000552,2025-01-04 20:00:00,75.65,20,1283,0.23,2,0,0,0,2025-01-07 20:00:00
TX-000553,2025-01-04 20:10:00,512.13,20,950,5.61,1,0,0,0,2025-01-07 20:10:00
TX-000554,2025-01-04 20:20:00,49.61,20,431,16.67,5,0,0,0,2025-01-07 20:20:00
TX-000555,2025-01-04 20:30:00,38.95,20,1718,12.33,2,0,0,0,2025-01-07 20:30:00
TX-000556,2025-01-04 20:40:00,23.83,20,121,52.69,0,0,0,0,2025-01-07 20:40:00
TX-000557,2025-01-04 20:50:00,17.54,20,1639,8.35,1,0,0,0,2025-01-07 20:50:00
TX-000558,2025-01-04 21:00:00,13.89,21,1304,82.1,1,0,0,0,2025-01-07 21:00:00
TX-000559,2025-01-04 21:10:00,20.54,21,201,2.6,3,0,0,0,2025-01-07 21:10:00
TX-000560,2025-01-04 21:20:00,50.51,21,459,16.96,1,0,0,0,2025-01-07 21:20:00
TX-000561,2025-01-04 21:30:00,78.86,21,663,64.27,0,0,0,0,2025-01-07 21:30:00
TX-000562,2025-01-04 21:40:00,57.76,21,1723,5.79,2,0,0,0,2025-01-07 21:40:00
TX-000563,2025-01-04 21:50:00,23.52,21,930,97.96,0,0,0,0,2025-01-07 21:50:00
TX-000564,2025-01-04 22:00:00,146.97,22,464,29.96,1,0,0,0,2025-01-07 22:00:00
TX-000565,2025-01-04 22:10:00,123.14,22,1655,78.86,4,1,0,0,2025-01-07 22:10:00
TX-000566,2025-01-04 22:20:00,45.8,22,212,22.09,0,0,0,0,2025-01-07 22:20:00
TX-000567,2025-01-04 22:30:00,26.62,22,1469,31.79,4,0,0,0,2025-01-07 22:30:00
TX-000568,2025-01-04 22:40:00,99.81,22,1495,33.87,1,0,0,0,2025-01-07 22:40:00
TX-000569,2025-01-04 22:50:00,67.14,22,695,30.07,1,0,0,0,2025-01-07 22:50:00
TX-000570,2025-01-04 23:00:00,11.1,23,77,21.36,1,0,0,0,2025-01-07 23:00:00
TX-000571,2025-01-04 23:10:00,50.66,23,1595,54.85,2,0,1,0,2025-01-07 23:10:00
TX-000572,2025-01-04 23:20:00,72.84,23,1741,79.03,1,0,0,0,2025-01-07 23:20:00
TX-000573,2025-01-04 23:30:00,20.29,23,680,31.64,0,0,0,0,2025-01-07 23:30:00
TX-000574,2025-01-04 23:40:00,67.28,23,334,76.93,4,0,0,0,2025-01-07 23:40:00
TX-000575,2025-01-04 23:50:00,11.02,23,488,29.46,1,1,1,0,2025-01-07 23:50:00
TX-000576,2025-01-05 00:00:00,237.41,0,245,80.1,2,0,1,1,2025-01-08 00:00:00
TX-000577,2025-01-05 00:10:00,215.45,0,1097,15.63,3,0,0,0,2025-01-08 00:10:00
TX-000578,2025-01-05 00:20:00,41.36,0,933,16.96,1,0,1,0,2025-01-08 00:20:00
TX-000579,2025-01-05 00:30:00,81.43,0,640,26.98,4,0,1,0,2025-01-08 00:30:00
TX-000580,2025-01-05 00:40:00,3.85,0,1171,1.97,1,0,0,0,2025-01-08 00:40:00
TX-000581,2025-01-05 00:50:00,15.3,0,1120,93.18,5,1,0,0,2025-01-08 00:50:00
TX-000582,2025-01-05 01:00:00,39.52,1,20,42.93,0,0,0,0,2025-01-08 01:00:00
TX-000583,2025-01-05 01:10:00,16.79,1,737,27.07,4,0,0,0,2025-01-08 01:10:00
TX-000584,2025-01-05 01:20:00,119.8,1,1554,1.05,1,0,0,0,2025-01-08 01:20:00
TX-000585,2025-01-05 01:30:00,491.29,1,1432,40.9,3,0,0,0,2025-01-08 01:30:00
TX-000586,2025-01-05 01:40:00,14.97,1,1538,0.44,4,0,0,0,2025-01-08 01:40:00
TX-000587,2025-01-05 01:50:00,21.73,1,1717,4.61,4,0,0,0,2025-01-08 01:50:00
TX-000588,2025-01-05 02:00:00,70.74,2,110,33.05,2,0,0,0,2025-01-08 02:00:00
TX-000589,2025-01-05 02:10:00,321.25,2,486,5.34,2,1,0,0,2025-01-08 02:10:00
TX-000590,2025-01-05 02:20:00,14.23,2,826,11.69,3,0,0,0,2025-01-08 02:20:00
TX-000591,2025-01-05 02:30:00,71.8,2,918,56.83,2,0,0,0,2025-01-08 02:30:00
TX-000592,2025-01-05 02:40:00,404.81,2,1415,379.52,0,1,0,0,2025-01-08 02:40:00
TX-000593,2025-01-05 02:50:00,8.87,2,1303,39.76,4,0,0,0,2025-01-08 02:50:00
TX-000594,2025-01-05 03:00:00,13.34,3,1271,65.63,3,0,0,0,2025-01-08 03:00:00
TX-000595,2025-01-05 03:10:00,34.26,3,285,13.16,1,0,1,0,2025-01-08 03:10:00
TX-000596,2025-01-05 03:20:00,30.8,3,1219,15.48,4,1,0,0,2025-01-08 03:20:00
TX-000597,2025-01-05 03:30:00,133.47,3,1432,75.97,3,0,0,0,2025-01-08 03:30:00
TX-000598,2025-01-05 03:40:00,71.22,3,1353,43.81,4,0,0,0,2025-01-08 03:40:00
TX-000599,2025-01-05 03:50:00,7.75,3,1049,105.7,3,0,0,0,2025-01-08 03:50:00
TX-000600,2025-01-05 04:00:00,96.25,4,158,18.21,0,0,0,0,2025-01-08 04:00:00
TX-000601,2025-01-05 04:10:00,28.93,4,269,21.17,1,0,0,0,2025-01-08 04:10:00
TX-000602,2025-01-05 04:20:00,221.83,4,1337,49.97,2,0,0,0,2025-01-08 04:20:00
TX-000603,2025-01-05 04:30:00,27.38,4,1562,22.29,1,0,0,0,2025-01-08 04:30:00
TX-000604,2025-01-05 04:40:00,27.11,4,1485,4.19,2,0,0,0,2025-01-08 04:40:00
TX-000605,2025-01-05 04:50:00,99.01,4,768,96.93,1,0,0,0,2025-01-08 04:50:00
TX-000606,2025-01-05 05:00:00,126.37,5,1057,61.71,3,0,0,0,2025-01-08 05:00:00
TX-000607,2025-01-05 05:10:00,89.38,5,317,2.44,4,0,0,0,2025-01-08 05:10:00
TX-000608,2025-01-05 05:20:00,8.55,5,1065,39.18,2,0,0,0,2025-01-08 05:20:00
TX-000609,2025-01-05 05:30:00,98.68,5,351,31.99,1,0,0,0,2025-01-08 05:30:00
TX-000610,2025-01-05 05:40:00,17.5,5,1431,88.36,4,0,0,0,2025-01-08 05:40:00
TX-000611,2025-01-05 05:50:00,70.73,5,1413,19.12,4,0,0,0,2025-01-08 05:50:00
TX-000612,2025-01-05 06:00:00,11.4,6,92,5.23,3,0,0,0,2025-01-08 06:00:00
TX-000613,2025-01-05 06:10:00,89.21,6,1684,43.26,3,0,0,0,2025-01-08 06:10:00
TX-000614,2025-01-05 06:20:00,22.48,6,1433,29.12,2,1,0,0,2025-01-08 06:20:00
TX-000615,2025-01-05 06:30:00,13.32,6,680,17.08,7,0,0,0,2025-01-08 06:30:00
TX-000616,2025-01-05 06:40:00,119.73,6,812,293.34,0,0,0,0,2025-01-08 06:40:00
TX-000617,2025-01-05 06:50:00,71.22,6,141,39.18,2,0,0,0,2025-01-08 06:50:00
TX-000618,2025-01-05 07:00:00,27.79,7,1685,17.73,1,0,1,0,2025-01-08 07:00:00
TX-000619,2025-01-05 07:10:00,269.43,7,181,10.52,0,1,0,0,2025-01-08 07:10:00
TX-000620,2025-01-05 07:20:00,33.63,7,1660,95.99,1,0,0,0,2025-01-08 07:20:00
TX-000621,2025-01-05 07:30:00,56.56,7,1178,2.65,5,0,0,0,2025-01-08 07:30:00
TX-000622,2025-01-05 07:40:00,73.39,7,1653,77.99,1,0,0,0,2025-01-08 07:40:00
TX-000623,2025-01-05 07:50:00,27.62,7,667,5.19,2,0,0,0,2025-01-08 07:50:00
TX-000624,2025-01-05 08:00:00,91.68,8,1612,3.31,2,0,0,0,2025-01-08 08:00:00
TX-000625,2025-01-05 08:10:00,30.36,8,767,22.01,2,0,0,0,2025-01-08 08:10:00
TX-000626,2025-01-05 08:20:00,34.72,8,630,39.62,0,0,1,0,2025-01-08 08:20:00
TX-000627,2025-01-05 08:30:00,244.42,8,606,116.49,2,0,0,0,2025-01-08 08:30:00
TX-000628,2025-01-05 08:40:00,17.38,8,1713,8.73,2,0,0,0,2025-01-08 08:40:00
TX-000629,2025-01-05 08:50:00,3.84,8,837,0.31,2,1,0,0,2025-01-08 08:50:00
TX-000630,2025-01-05 09:00:00,321.19,9,861,1.61,4,0,0,0,2025-01-08 09:00:00
TX-000631,2025-01-05 09:10:00,901.68,9,1158,16.95,5,1,0,0,2025-01-08 09:10:00
TX-000632,2025-01-05 09:20:00,34.96,9,1000,16.76,2,1,0,0,2025-01-08 09:20:00
TX-000633,2025-01-05 09:30:00,6.48,9,974,23.51,1,0,0,0,2025-01-08 09:30:00
TX-000634,2025-01-05 09:40:00,38.8,9,682,5.35,0,1,0,0,2025-01-08 09:40:00
TX-000635,2025-01-05 09:50:00,39.85,9,295,72.2,1,0,0,0,2025-01-08 09:50:00
TX-000636,2025-01-05 10:00:00,44.3,10,1790,21.88,2,0,0,0,2025-01-08 10:00:00
TX-000637,2025-01-05 10:10:00,16.04,10,884,3.32,1,0,0,0,2025-01-08 10:10:00
TX-000638,2025-01-05 10:20:00,103.29,10,1750,74.59,4,0,0,0,2025-01-08 10:20:00
TX-000639,2025-01-05 10:30:00,97.22,10,829,17.07,0,1,0,0,2025-01-08 10:30:00
TX-000640,2025-01-05 10:40:00,10.55,10,1078,35.53,1,0,0,0,2025-01-08 10:40:00
TX-000641,2025-01-05 10:50:00,117.82,10,982,100.32,5,1,0,0,2025-01-08 10:50:00
TX-000642,2025-01-05 11:00:00,522.15,11,1738,28.45,4,0,0,0,2025-01-08 11:00:00
TX-000643,2025-01-05 11:10:00,65.97,11,199,0.34,2,0,0,0,2025-01-08 11:10:00
TX-000644,2025-01-05 11:20:00,37.67,11,931,0.28,3,0,0,0,2025-01-08 11:20:00
TX-000645,2025-01-05 11:30:00,46.7,11,276,243.85,0,0,0,0,2025-01-08 11:30:00
TX-000646,2025-01-05 11:40:00,107.42,11,1562,21.77,1,0,0,0,2025-01-08 11:40:00
TX-000647,2025-01-05 11:50:00,8.14,11,954,16.54,0,0,0,0,2025-01-08 11:50:00
TX-000648,2025-01-05 12:00:00,65.42,12,1661,1.82,0,0,1,0,2025-01-08 12:00:00
TX-000649,2025-01-05 12:10:00,35.53,12,495,24.34,1,0,1,0,2025-01-08 12:10:00
TX-000650,2025-01-05 12:20:00,416.8,12,293,44.02,3,0,0,0,2025-01-08 12:20:00
TX-000651,2025-01-05 12:30:00,45.08,12,1132,154.02,1,1,0,0,2025-01-08 12:30:00
TX-000652,2025-01-05 12:40:00,341.95,12,262,0.7,4,0,0,0,2025-01-08 12:40:00
TX-000653,2025-01-05 12:50:00,16.21,12,670,36.5,2,0,0,0,2025-01-08 12:50:00
TX-000654,2025-01-05 13:00:00,104.17,13,564,23.97,2,0,0,0,2025-01-08 13:00:00
TX-000655,2025-01-05 13:10:00,77.58,13,397,8.88,3,0,0,0,2025-01-08 13:10:00
TX-000656,2025-01-05 13:20:00,20.99,13,235,13.49,2,0,0,0,2025-01-08 13:20:00
TX-000657,2025-01-05 13:30:00,66.36,13,1181,58.09,2,0,0,0,2025-01-08 13:30:00
TX-000658,2025-01-05 13:40:00,207.22,13,1364,40.53,3,0,0,0,2025-01-08 13:40:00
TX-000659,2025-01-05 13:50:00,38.24,13,709,9.4,2,0,0,0,2025-01-08 13:50:00
TX-000660,2025-01-05 14:00:00,8.49,14,505,24.56,1,0,0,0,2025-01-08 14:00:00
TX-000661,2025-01-05 14:10:00,53.55,14,283,6.75,2,1,0,0,2025-01-08 14:10:00
TX-000662,2025-01-05 14:20:00,20.23,14,1218,45.96,0,0,0,0,2025-01-08 14:20:00
TX-000663,2025-01-05 14:30:00,37.47,14,1455,6.24,1,0,0,0,2025-01-08 14:30:00
TX-000664,2025-01-05 14:40:00,49.91,14,986,39.11,2,0,0,0,2025-01-08 14:40:00
TX-000665,2025-01-05 14:50:00,8.36,14,777,21.22,3,0,0,0,2025-01-08 14:50:00
TX-000666,2025-01-05 15:00:00,9.23,15,1167,30.17,3,0,0,0,2025-01-08 15:00:00
TX-000667,2025-01-05 15:10:00,92.78,15,1647,62.79,1,0,0,0,2025-01-08 15:10:00
TX-000668,2025-01-05 15:20:00,30.72,15,1781,46.33,1,0,0,0,2025-01-08 15:20:00
TX-000669,2025-01-05 15:30:00,3.25,15,348,24.55,4,0,0,0,2025-01-08 15:30:00
TX-000670,2025-01-05 15:40:00,129.45,15,858,0.42,2,1,0,0,2025-01-08 15:40:00
TX-000671,2025-01-05 15:50:00,73.67,15,1577,43.34,2,0,0,0,2025-01-08 15:50:00
TX-000672,2025-01-05 16:00:00,24.9,16,1139,66.58,2,0,0,0,2025-01-08 16:00:00
TX-000673,2025-01-05 16:10:00,12.83,16,1468,86.3,2,0,0,0,2025-01-08 16:10:00
TX-000674,2025-01-05 16:20:00,136.92,16,1792,31.28,0,0,1,0,2025-01-08 16:20:00
TX-000675,2025-01-05 16:30:00,80.18,16,187,2.11,1,0,0,0,2025-01-08 16:30:00
TX-000676,2025-01-05 16:40:00,750.59,16,1102,19.79,0,0,0,0,2025-01-08 16:40:00
TX-000677,2025-01-05 16:50:00,86.68,16,957,7.58,2,0,0,0,2025-01-08 16:50:00
TX-000678,2025-01-05 17:00:00,83.64,17,512,6.48,0,0,0,0,2025-01-08 17:00:00
TX-000679,2025-01-05 17:10:00,45.44,17,1176,67.35,2,0,0,0,2025-01-08 17:10:00
TX-000680,2025-01-05 17:20:00,134.08,17,186,0.6,4,0,0,0,2025-01-08 17:20:00
TX-000681,2025-01-05 17:30:00,108.59,17,891,11.16,0,1,0,0,2025-01-08 17:30:00
TX-000682,2025-01-05 17:40:00,216.35,17,746,5.12,1,0,0,0,2025-01-08 17:40:00
TX-000683,2025-01-05 17:50:00,30.77,17,702,56.32,1,0,0,0,2025-01-08 17:50:00
TX-000684,2025-01-05 18:00:00,33.82,18,1105,120.47,3,0,0,0,2025-01-08 18:00:00
TX-000685,2025-01-05 18:10:00,32.23,18,1698,13.77,2,0,0,0,2025-01-08 18:10:00
TX-000686,2025-01-05 18:20:00,130.31,18,1705,18.37,1,1,0,0,2025-01-08 18:20:00
TX-000687,2025-01-05 18:30:00,283.78,18,1261,7.53,1,0,0,0,2025-01-08 18:30:00
TX-000688,2025-01-05 18:40:00,32.96,18,595,56.96,0,0,1,0,2025-01-08 18:40:00
TX-000689,2025-01-05 18:50:00,34.22,18,1738,66.02,2,1,0,0,2025-01-08 18:50:00
TX-000690,2025-01-05 19:00:00,77.13,19,1797,36.52,2,1,0,0,2025-01-08 19:00:00
TX-000691,2025-01-05 19:10:00,41.67,19,1523,10.39,1,0,0,0,2025-01-08 19:10:00
TX-000692,2025-01-05 19:20:00,155.6,19,1571,7.92,4,0,0,0,2025-01-08 19:20:00
TX-000693,2025-01-05 19:30:00,4.59,19,1470,38.77,2,0,1,0,2025-01-08 19:30:00
TX-000694,2025-01-05 19:40:00,21.99,19,1368,83.79,3,0,0,0,2025-01-08 19:40:00
TX-000695,2025-01-05 19:50:00,23.09,19,1306,294.06,7,0,0,0,2025-01-08 19:50:00
TX-000696,2025-01-05 20:00:00,4.25,20,1149,67.34,1,0,0,0,2025-01-08 20:00:00
TX-000697,2025-01-05 20:10:00,18.92,20,1162,46.86,4,0,0,0,2025-01-08 20:10:00
TX-000698,2025-01-05 20:20:00,19.95,20,701,15.99,0,0,0,0,2025-01-08 20:20:00
TX-000699,2025-01-05 20:30:00,43.76,20,1596,26.17,3,1,0,0,2025-01-08 20:30:00
TX-000700,2025-01-05 20:40:00,185.72,20,1142,58.61,4,0,0,0,2025-01-08 20:40:00
TX-000701,2025-01-05 20:50:00,41.7,20,1104,208.44,0,0,0,0,2025-01-08 20:50:00
TX-000702,2025-01-05 21:00:00,17.57,21,1335,34.1,3,0,0,0,2025-01-08 21:00:00
TX-000703,2025-01-05 21:10:00,51.28,21,135,22.77,3,1,0,0,2025-01-08 21:10:00
TX-000704,2025-01-05 21:20:00,173.14,21,1654,28.59,3,0,0,0,2025-01-08 21:20:00
TX-000705,2025-01-05 21:30:00,18.66,21,1048,21.7,0,0,0,0,2025-01-08 21:30:00
TX-000706,2025-01-05 21:40:00,20.05,21,1699,21.87,0,1,1,0,2025-01-08 21:40:00
TX-000707,2025-01-05 21:50:00,100.93,21,185,12.01,5,0,0,0,2025-01-08 21:50:00
TX-000708,2025-01-05 22:00:00,42.79,22,420,20.89,4,0,0,0,2025-01-08 22:00:00
TX-000709,2025-01-05 22:10:00,111.3,22,1708,34.21,3,0,0,0,2025-01-08 22:10:00
TX-000710,2025-01-05 22:20:00,53.78,22,1247,32.53,2,0,0,0,2025-01-08 22:20:00
TX-000711,2025-01-05 22:30:00,118.14,22,1164,20.23,2,0,0,0,2025-01-08 22:30:00
TX-000712,2025-01-05 22:40:00,17.49,22,727,39.33,1,0,0,0,2025-01-08 22:40:00
TX-000713,2025-01-05 22:50:00,53.88,22,1000,13.25,2,0,0,0,2025-01-08 22:50:00
TX-000714,2025-01-05 23:00:00,43.3,23,983,5.91,2,0,0,0,2025-01-08 23:00:00
TX-000715,2025-01-05 23:10:00,14.33,23,356,11.65,2,0,1,0,2025-01-08 23:10:00
TX-000716,2025-01-05 23:20:00,9.78,23,1019,25.64,1,0,0,0,2025-01-08 23:20:00
TX-000717,2025-01-05 23:30:00,116.09,23,928,33.49,1,1,0,0,2025-01-08 23:30:00
TX-000718,2025-01-05 23:40:00,37.11,23,563,15.69,1,0,0,0,2025-01-08 23:40:00
TX-000719,2025-01-05 23:50:00,17.73,23,616,66.99,3,1,0,0,2025-01-08 23:50:00
TX-000720,2025-01-06 00:00:00,49.12,0,1382,29.02,1,1,0,0,2025-01-09 00:00:00
TX-000721,2025-01-06 00:10:00,188.83,0,1215,71.15,1,0,0,1,2025-01-09 00:10:00
TX-000722,2025-01-06 00:20:00,4.44,0,845,69.88,1,0,0,0,2025-01-09 00:20:00
TX-000723,2025-01-06 00:30:00,10.52,0,1087,77.29,2,1,1,1,2025-01-09 00:30:00
TX-000724,2025-01-06 00:40:00,19.78,0,434,38.72,0,0,1,0,2025-01-09 00:40:00
TX-000725,2025-01-06 00:50:00,272.41,0,898,66.6,2,0,0,0,2025-01-09 00:50:00
TX-000726,2025-01-06 01:00:00,74.5,1,1011,179.06,4,0,0,0,2025-01-09 01:00:00
TX-000727,2025-01-06 01:10:00,126.98,1,454,51.79,4,1,1,0,2025-01-09 01:10:00
TX-000728,2025-01-06 01:20:00,15.58,1,305,2.98,0,0,0,0,2025-01-09 01:20:00
TX-000729,2025-01-06 01:30:00,15.93,1,946,8.66,2,0,0,0,2025-01-09 01:30:00
TX-000730,2025-01-06 01:40:00,89.35,1,1693,83.73,1,0,0,0,2025-01-09 01:40:00
TX-000731,2025-01-06 01:50:00,58.21,1,831,10.0,1,0,0,0,2025-01-09 01:50:00
TX-000732,2025-01-06 02:00:00,99.84,2,1622,6.27,2,0,0,0,2025-01-09 02:00:00
TX-000733,2025-01-06 02:10:00,44.41,2,1532,30.53,0,0,1,0,2025-01-09 02:10:00
TX-000734,2025-01-06 02:20:00,74.14,2,1340,61.44,2,0,1,0,2025-01-09 02:20:00
TX-000735,2025-01-06 02:30:00,64.97,2,1609,19.43,1,0,0,0,2025-01-09 02:30:00
TX-000736,2025-01-06 02:40:00,128.45,2,740,25.86,0,0,0,0,2025-01-09 02:40:00
TX-000737,2025-01-06 02:50:00,132.65,2,1366,14.07,3,0,0,0,2025-01-09 02:50:00
TX-000738,2025-01-06 03:00:00,9.19,3,260,47.86,1,0,1,0,2025-01-09 03:00:00
TX-000739,2025-01-06 03:10:00,4.61,3,575,23.16,3,0,0,0,2025-01-09 03:10:00
TX-000740,2025-01-06 03:20:00,164.34,3,1019,16.69,1,0,1,0,2025-01-09 03:20:00
TX-000741,2025-01-06 03:30:00,201.64,3,68,3.02,2,0,0,0,2025-01-09 03:30:00
TX-000742,2025-01-06 03:40:00,17.77,3,1377,50.0,2,1,0,0,2025-01-09 03:40:00
TX-000743,2025-01-06 03:50:00,7.06,3,1665,4.01,2,0,0,0,2025-01-09 03:50:00
TX-000744,2025-01-06 04:00:00,60.88,4,189,2.32,4,1,1,0,2025-01-09 04:00:00
TX-000745,2025-01-06 04:10:00,152.01,4,1785,113.75,3,0,0,0,2025-01-09 04:10:00
TX-000746,2025-01-06 04:20:00,394.4,4,158,18.45,2,1,1,0,2025-01-09 04:20:00
TX-000747,2025-01-06 04:30:00,96.34,4,228,8.33,4,0,0,0,2025-01-09 04:30:00
TX-000748,2025-01-06 04:40:00,36.27,4,1372,76.36,2,0,0,0,2025-01-09 04:40:00
TX-000749,2025-01-06 04:50:00,20.44,4,1234,5.16,2,0,0,0,2025-01-09 04:50:00
TX-000750,2025-01-06 05:00:00,55.29,5,1684,39.89,1,0,0,0,2025-01-09 05:00:00
TX-000751,2025-01-06 05:10:00,39.28,5,765,32.32,2,0,0,0,2025-01-09 05:10:00
TX-000752,2025-01-06 05:20:00,17.88,5,1030,92.16,1,0,0,0,2025-01-09 05:20:00
TX-000753,2025-01-06 05:30:00,519.9,5,267,11.25,1,0,0,0,2025-01-09 05:30:00
TX-000754,2025-01-06 05:40:00,389.04,5,1245,8.99,1,0,1,0,2025-01-09 05:40:00
TX-000755,2025-01-06 05:50:00,190.5,5,1796,3.94,2,0,1,0,2025-01-09 05:50:00
TX-000756,2025-01-06 06:00:00,19.83,6,1074,3.88,1,0,0,0,2025-01-09 06:00:00
TX-000757,2025-01-06 06:10:00,139.84,6,1679,16.03,1,0,0,0,2025-01-09 06:10:00
TX-000758,2025-01-06 06:20:00,110.34,6,708,60.84,1,0,0,0,2025-01-09 06:20:00
TX-000759,2025-01-06 06:30:00,88.84,6,1768,88.71,2,0,0,0,2025-01-09 06:30:00
TX-000760,2025-01-06 06:40:00,215.86,6,966,1.9,0,0,0,0,2025-01-09 06:40:00
TX-000761,2025-01-06 06:50:00,109.83,6,259,46.69,1,0,0,0,2025-01-09 06:50:00
TX-000762,2025-01-06 07:00:00,123.23,7,652,19.72,0,0,1,0,2025-01-09 07:00:00
TX-000763,2025-01-06 07:10:00,110.01,7,885,1.89,1,0,0,0,2025-01-09 07:10:00
TX-000764,2025-01-06 07:20:00,79.43,7,120,27.05,3,1,0,0,2025-01-09 07:20:00
TX-000765,2025-01-06 07:30:00,7.68,7,1612,1.08,2,0,0,0,2025-01-09 07:30:00
TX-000766,2025-01-06 07:40:00,59.86,7,430,49.71,3,0,0,0,2025-01-09 07:40:00
TX-000767,2025-01-06 07:50:00,29.61,7,1215,2.76,3,0,0,0,2025-01-09 07:50:00
TX-000768,2025-01-06 08:00:00,13.36,8,1655,21.77,0,0,0,0,2025-01-09 08:00:00
TX-000769,2025-01-06 08:10:00,347.23,8,782,28.19,4,0,0,0,2025-01-09 08:10:00
TX-000770,2025-01-06 08:20:00,365.73,8,1096,27.92,0,0,1,0,2025-01-09 08:20:00
TX-000771,2025-01-06 08:30:00,243.51,8,930,13.2,5,0,0,0,2025-01-09 08:30:00
TX-000772,2025-01-06 08:40:00,72.29,8,1375,63.32,3,1,0,0,2025-01-09 08:40:00
TX-000773,2025-01-06 08:50:00,241.21,8,69,130.43,3,0,0,0,2025-01-09 08:50:00
TX-000774,2025-01-06 09:00:00,55.33,9,647,1.14,1,0,0,0,2025-01-09 09:00:00
TX-000775,2025-01-06 09:10:00,68.24,9,1100,2.42,2,0,1,0,2025-01-09 09:10:00
TX-000776,2025-01-06 09:20:00,16.4,9,164,1.94,0,0,0,0,2025-01-09 09:20:00
TX-000777,2025-01-06 09:30:00,84.49,9,1547,0.95,1,0,1,0,2025-01-09 09:30:00
TX-000778,2025-01-06 09:40:00,58.35,9,1137,36.5,4,1,0,1,2025-01-09 09:40:00
TX-000779,2025-01-06 09:50:00,13.03,9,5,33.36,5,0,0,0,2025-01-09 09:50:00
TX-000780,2025-01-06 10:00:00,51.61,10,21,15.6,1,0,0,0,2025-01-09 10:00:00
TX-000781,2025-01-06 10:10:00,50.01,10,287,43.02,1,1,0,0,2025-01-09 10:10:00
TX-000782,2025-01-06 10:20:00,394.38,10,1195,97.58,1,0,0,0,2025-01-09 10:20:00
TX-000783,2025-01-06 10:30:00,146.0,10,932,13.23,2,0,0,0,2025-01-09 10:30:00
TX-000784,2025-01-06 10:40:00,55.29,10,868,5.49,5,0,0,0,2025-01-09 10:40:00
TX-000785,2025-01-06 10:50:00,71.78,10,1009,0.37,1,0,0,0,2025-01-09 10:50:00
TX-000786,2025-01-06 11:00:00,57.32,11,890,87.34,3,0,0,0,2025-01-09 11:00:00
TX-000787,2025-01-06 11:10:00,43.68,11,618,47.76,0,0,0,0,2025-01-09 11:10:00
TX-000788,2025-01-06 11:20:00,16.6,11,13,28.55,5,1,0,0,2025-01-09 11:20:00
TX-000789,2025-01-06 11:30:00,46.24,11,50,34.82,0,0,0,0,2025-01-09 11:30:00
TX-000790,2025-01-06 11:40:00,24.03,11,1240,2.13,3,0,1,0,2025-01-09 11:40:00
TX-000791,2025-01-06 11:50:00,13.8,11,1338,43.83,1,0,0,0,2025-01-09 11:50:00
TX-000792,2025-01-06 12:00:00,95.81,12,431,22.77,2,0,0,0,2025-01-09 12:00:00
TX-000793,2025-01-06 12:10:00,83.96,12,437,13.07,6,0,1,0,2025-01-09 12:10:00
TX-000794,2025-01-06 12:20:00,7.65,12,734,17.07,1,0,0,0,2025-01-09 12:20:00
TX-000795,2025-01-06 12:30:00,47.71,12,1160,8.91,0,0,0,0,2025-01-09 12:30:00
TX-000796,2025-01-06 12:40:00,163.25,12,1068,153.55,2,0,0,0,2025-01-09 12:40:00
TX-000797,2025-01-06 12:50:00,175.06,12,1006,41.82,1,0,0,0,2025-01-09 12:50:00
TX-000798,2025-01-06 13:00:00,168.75,13,66,28.36,2,0,1,0,2025-01-09 13:00:00
TX-000799,2025-01-06 13:10:00,56.99,13,775,2.26,2,0,0,0,2025-01-09 13:10:00
TX-000800,2025-01-06 13:20:00,21.55,13,1354,2.49,3,0,0,0,2025-01-09 13:20:00
TX-000801,2025-01-06 13:30:00,16.58,13,1062,89.13,0,0,0,0,2025-01-09 13:30:00
TX-000802,2025-01-06 13:40:00,79.76,13,1452,63.32,1,0,0,0,2025-01-09 13:40:00
TX-000803,2025-01-06 13:50:00,82.86,13,1251,6.34,1,0,0,0,2025-01-09 13:50:00
TX-000804,2025-01-06 14:00:00,224.99,14,1619,12.54,2,0,0,0,2025-01-09 14:00:00
TX-000805,2025-01-06 14:10:00,183.09,14,1030,43.01,3,0,0,0,2025-01-09 14:10:00
TX-000806,2025-01-06 14:20:00,47.21,14,1024,40.17,1,0,0,0,2025-01-09 14:20:00
TX-000807,2025-01-06 14:30:00,13.89,14,1003,17.52,1,0,0,0,2025-01-09 14:30:00
TX-000808,2025-01-06 14:40:00,38.44,14,476,30.17,2,0,0,0,2025-01-09 14:40:00
TX-000809,2025-01-06 14:50:00,69.34,14,784,44.15,4,0,0,0,2025-01-09 14:50:00
TX-000810,2025-01-06 15:00:00,43.72,15,303,71.84,4,0,0,0,2025-01-09 15:00:00
TX-000811,2025-01-06 15:10:00,28.91,15,774,6.5,2,0,0,0,2025-01-09 15:10:00
TX-000812,2025-01-06 15:20:00,72.11,15,269,16.29,0,0,0,0,2025-01-09 15:20:00
TX-000813,2025-01-06 15:30:00,31.36,15,883,43.33,3,0,0,0,2025-01-09 15:30:00
TX-000814,2025-01-06 15:40:00,27.36,15,1717,4.6,4,0,0,0,2025-01-09 15:40:00
TX-000815,2025-01-06 15:50:00,76.91,15,813,279.58,2,0,0,0,2025-01-09 15:50:00
TX-000816,2025-01-06 16:00:00,35.09,16,1329,122.1,3,0,0,0,2025-01-09 16:00:00
TX-000817,2025-01-06 16:10:00,71.42,16,790,35.8,1,0,1,1,2025-01-09 16:10:00
TX-000818,2025-01-06 16:20:00,73.74,16,1630,13.35,1,0,0,0,2025-01-09 16:20:00
TX-000819,2025-01-06 16:30:00,15.59,16,378,40.88,2,0,1,0,2025-01-09 16:30:00
TX-000820,2025-01-06 16:40:00,32.16,16,1501,172.31,2,0,1,0,2025-01-09 16:40:00
TX-000821,2025-01-06 16:50:00,265.48,16,1304,3.19,1,0,1,0,2025-01-09 16:50:00
TX-000822,2025-01-06 17:00:00,15.21,17,1599,31.7,1,0,0,0,2025-01-09 17:00:00
TX-000823,2025-01-06 17:10:00,5.32,17,239,31.84,0,0,1,0,2025-01-09 17:10:00
TX-000824,2025-01-06 17:20:00,7.04,17,1610,8.84,3,0,0,0,2025-01-09 17:20:00
TX-000825,2025-01-06 17:30:00,56.37,17,1635,43.41,3,1,0,0,2025-01-09 17:30:00
TX-000826,2025-01-06 17:40:00,56.49,17,532,8.06,2,1,0,0,2025-01-09 17:40:00
TX-000827,2025-01-06 17:50:00,47.97,17,1124,37.65,0,0,0,0,2025-01-09 17:50:00
TX-000828,2025-01-06 18:00:00,207.6,18,1055,4.0,2,0,0,0,2025-01-09 18:00:00
TX-000829,2025-01-06 18:10:00,2.89,18,88,104.03,0,0,0,0,2025-01-09 18:10:00
TX-000830,2025-01-06 18:20:00,84.4,18,945,102.37,2,0,0,0,2025-01-09 18:20:00
TX-000831,2025-01-06 18:30:00,304.17,18,1186,144.73,1,0,0,0,2025-01-09 18:30:00
TX-000832,2025-01-06 18:40:00,15.79,18,369,6.76,1,0,0,0,2025-01-09 18:40:00
TX-000833,2025-01-06 18:50:00,35.95,18,650,105.45,2,0,0,0,2025-01-09 18:50:00
TX-000834,2025-01-06 19:00:00,23.85,19,1053,58.47,5,0,0,0,2025-01-09 19:00:00
TX-000835,2025-01-06 19:10:00,20.41,19,1673,5.12,4,0,0,1,2025-01-09 19:10:00
TX-000836,2025-01-06 19:20:00,38.13,19,109,12.57,3,0,0,1,2025-01-09 19:20:00
TX-000837,2025-01-06 19:30:00,262.5,19,1684,46.05,3,0,0,0,2025-01-09 19:30:00
TX-000838,2025-01-06 19:40:00,412.04,19,1469,0.8,2,0,0,0,2025-01-09 19:40:00
TX-000839,2025-01-06 19:50:00,37.73,19,1522,2.16,0,0,1,0,2025-01-09 19:50:00
TX-000840,2025-01-06 20:00:00,443.89,20,85,1.6,0,0,1,0,2025-01-09 20:00:00
TX-000841,2025-01-06 20:10:00,56.78,20,1022,112.98,2,0,0,0,2025-01-09 20:10:00
TX-000842,2025-01-06 20:20:00,375.8,20,663,2.22,1,0,0,0,2025-01-09 20:20:00
TX-000843,2025-01-06 20:30:00,49.27,20,1654,9.86,1,0,0,0,2025-01-09 20:30:00
TX-000844,2025-01-06 20:40:00,63.06,20,1333,3.14,4,0,1,0,2025-01-09 20:40:00
TX-000845,2025-01-06 20:50:00,81.62,20,1169,88.32,0,0,1,0,2025-01-09 20:50:00
TX-000846,2025-01-06 21:00:00,1802.16,21,50,44.12,1,0,0,0,2025-01-09 21:00:00
TX-000847,2025-01-06 21:10:00,139.27,21,1575,20.24,1,0,0,0,2025-01-09 21:10:00
TX-000848,2025-01-06 21:20:00,25.08,21,881,68.14,1,0,0,0,2025-01-09 21:20:00
TX-000849,2025-01-06 21:30:00,158.52,21,288,35.33,1,1,0,0,2025-01-09 21:30:00
TX-000850,2025-01-06 21:40:00,36.67,21,1573,57.28,0,0,1,0,2025-01-09 21:40:00
TX-000851,2025-01-06 21:50:00,31.86,21,1627,26.23,1,0,0,0,2025-01-09 21:50:00
TX-000852,2025-01-06 22:00:00,148.33,22,893,41.77,3,0,0,0,2025-01-09 22:00:00
TX-000853,2025-01-06 22:10:00,56.5,22,1190,49.37,2,0,0,0,2025-01-09 22:10:00
TX-000854,2025-01-06 22:20:00,74.18,22,1098,11.39,2,0,0,0,2025-01-09 22:20:00
TX-000855,2025-01-06 22:30:00,55.44,22,545,32.43,1,1,0,0,2025-01-09 22:30:00
TX-000856,2025-01-06 22:40:00,79.06,22,1347,17.37,3,0,1,0,2025-01-09 22:40:00
TX-000857,2025-01-06 22:50:00,87.14,22,1796,10.62,2,1,0,0,2025-01-09 22:50:00
TX-000858,2025-01-06 23:00:00,6.48,23,1681,16.54,0,0,0,0,2025-01-09 23:00:00
TX-000859,2025-01-06 23:10:00,113.66,23,1236,24.32,4,0,0,0,2025-01-09 23:10:00
TX-000860,2025-01-06 23:20:00,18.54,23,648,135.52,3,0,0,0,2025-01-09 23:20:00
TX-000861,2025-01-06 23:30:00,11.17,23,1635,80.18,1,0,0,0,2025-01-09 23:30:00
TX-000862,2025-01-06 23:40:00,51.2,23,1669,34.69,2,0,1,0,2025-01-09 23:40:00
TX-000863,2025-01-06 23:50:00,59.88,23,10,136.72,2,0,0,0,2025-01-09 23:50:00
TX-000864,2025-01-07 00:00:00,25.46,0,609,6.2,3,0,0,0,2025-01-10 00:00:00
TX-000865,2025-01-07 00:10:00,136.2,0,994,0.9,3,0,0,0,2025-01-10 00:10:00
TX-000866,2025-01-07 00:20:00,12.47,0,1040,9.01,3,0,0,0,2025-01-10 00:20:00
TX-000867,2025-01-07 00:30:00,34.9,0,1282,46.74,3,0,1,0,2025-01-10 00:30:00
TX-000868,2025-01-07 00:40:00,28.69,0,924,74.33,1,0,0,0,2025-01-10 00:40:00
TX-000869,2025-01-07 00:50:00,51.87,0,24,43.71,2,0,0,0,2025-01-10 00:50:00
TX-000870,2025-01-07 01:00:00,74.2,1,298,0.11,3,0,0,0,2025-01-10 01:00:00
TX-000871,2025-01-07 01:10:00,18.02,1,1372,119.81,3,0,0,0,2025-01-10 01:10:00
TX-000872,2025-01-07 01:20:00,121.11,1,1248,14.0,2,0,0,0,2025-01-10 01:20:00
TX-000873,2025-01-07 01:30:00,58.52,1,1172,82.89,2,0,0,0,2025-01-10 01:30:00
TX-000874,2025-01-07 01:40:00,6.81,1,793,13.37,1,1,0,0,2025-01-10 01:40:00
TX-000875,2025-01-07 01:50:00,6.33,1,494,112.53,0,0,0,0,2025-01-10 01:50:00
TX-000876,2025-01-07 02:00:00,53.86,2,554,6.52,1,0,0,0,2025-01-10 02:00:00
TX-000877,2025-01-07 02:10:00,42.82,2,1240,18.29,2,0,0,0,2025-01-10 02:10:00
TX-000878,2025-01-07 02:20:00,48.73,2,907,7.94,5,0,0,0,2025-01-10 02:20:00
TX-000879,2025-01-07 02:30:00,52.94,2,235,3.86,4,0,1,0,2025-01-10 02:30:00
TX-000880,2025-01-07 02:40:00,69.97,2,719,8.44,0,1,0,0,2025-01-10 02:40:00
TX-000881,2025-01-07 02:50:00,154.84,2,1483,21.56,2,0,0,0,2025-01-10 02:50:00
TX-000882,2025-01-07 03:00:00,16.08,3,1078,93.36,3,0,1,1,2025-01-10 03:00:00
TX-000883,2025-01-07 03:10:00,15.04,3,1559,105.99,1,0,0,0,2025-01-10 03:10:00
TX-000884,2025-01-07 03:20:00,16.4,3,915,114.87,2,0,0,0,2025-01-10 03:20:00
TX-000885,2025-01-07 03:30:00,75.02,3,873,1.58,2,0,0,0,2025-01-10 03:30:00
TX-000886,2025-01-07 03:40:00,214.74,3,1708,6.29,3,0,0,0,2025-01-10 03:40:00
TX-000887,2025-01-07 03:50:00,33.97,3,913,107.48,2,0,1,0,2025-01-10 03:50:00
TX-000888,2025-01-07 04:00:00,3.48,4,243,79.52,4,0,0,0,2025-01-10 04:00:00
TX-000889,2025-01-07 04:10:00,8.38,4,723,57.2,3,1,0,0,2025-01-10 04:10:00
TX-000890,2025-01-07 04:20:00,21.84,4,1165,131.35,3,0,1,0,2025-01-10 04:20:00
TX-000891,2025-01-07 04:30:00,29.56,4,621,83.8,0,0,0,0,2025-01-10 04:30:00
TX-000892,2025-01-07 04:40:00,34.84,4,738,58.47,2,0,1,0,2025-01-10 04:40:00
TX-000893,2025-01-07 04:50:00,56.97,4,1571,59.46,2,0,0,0,2025-01-10 04:50:00
TX-000894,2025-01-07 05:00:00,38.75,5,783,6.67,1,0,0,0,2025-01-10 05:00:00
TX-000895,2025-01-07 05:10:00,173.17,5,548,0.52,1,0,0,0,2025-01-10 05:10:00
TX-000896,2025-01-07 05:20:00,25.96,5,194,82.24,0,0,0,0,2025-01-10 05:20:00
TX-000897,2025-01-07 05:30:00,21.15,5,725,6.15,2,1,0,0,2025-01-10 05:30:00
TX-000898,2025-01-07 05:40:00,92.46,5,1379,29.72,3,0,0,0,2025-01-10 05:40:00
TX-000899,2025-01-07 05:50:00,10.08,5,539,8.27,3,0,0,0,2025-01-10 05:50:00
TX-000900,2025-01-07 06:00:00,83.82,6,847,35.99,3,1,0,0,2025-01-10 06:00:00
TX-000901,2025-01-07 06:10:00,61.12,6,1182,6.74,1,0,1,0,2025-01-10 06:10:00
TX-000902,2025-01-07 06:20:00,46.42,6,1670,141.12,2,0,0,0,2025-01-10 06:20:00
TX-000903,2025-01-07 06:30:00,313.28,6,1465,40.84,1,0,0,0,2025-01-10 06:30:00
TX-000904,2025-01-07 06:40:00,27.54,6,515,34.76,1,0,0,0,2025-01-10 06:40:00
TX-000905,2025-01-07 06:50:00,526.54,6,295,3.1,6,0,0,0,2025-01-10 06:50:00
TX-000906,2025-01-07 07:00:00,42.61,7,1207,70.42,3,0,0,0,2025-01-10 07:00:00
TX-000907,2025-01-07 07:10:00,13.4,7,458,13.31,1,1,0,0,2025-01-10 07:10:00
TX-000908,2025-01-07 07:20:00,58.96,7,706,17.16,0,0,0,0,2025-01-10 07:20:00
TX-000909,2025-01-07 07:30:00,16.71,7,187,119.26,2,0,0,0,2025-01-10 07:30:00
TX-000910,2025-01-07 07:40:00,23.88,7,1393,3.88,1,0,0,0,2025-01-10 07:40:00
TX-000911,2025-01-07 07:50:00,84.5,7,288,103.29,3,0,0,0,2025-01-10 07:50:00
TX-000912,2025-01-07 08:00:00,100.6,8,685,69.4,2,0,0,0,2025-01-10 08:00:00
TX-000913,2025-01-07 08:10:00,27.54,8,732,72.12,2,0,0,0,2025-01-10 08:10:00
TX-000914,2025-01-07 08:20:00,161.77,8,76,94.71,0,0,0,0,2025-01-10 08:20:00
TX-000915,2025-01-07 08:30:00,195.05,8,1396,35.17,2,0,0,0,2025-01-10 08:30:00
TX-000916,2025-01-07 08:40:00,265.05,8,1113,54.34,2,0,0,0,2025-01-10 08:40:00
TX-000917,2025-01-07 08:50:00,97.74,8,974,124.66,2,1,0,0,2025-01-10 08:50:00
TX-000918,2025-01-07 09:00:00,244.64,9,320,1.42,3,1,0,0,2025-01-10 09:00:00
TX-000919,2025-01-07 09:10:00,6.9,9,95,119.98,2,0,0,0,2025-01-10 09:10:00
TX-000920,2025-01-07 09:20:00,38.49,9,100,25.88,4,1,1,0,2025-01-10 09:20:00
TX-000921,2025-01-07 09:30:00,21.04,9,1125,7.69,2,1,1,0,2025-01-10 09:30:00
TX-000922,2025-01-07 09:40:00,62.25,9,1346,22.91,1,0,0,0,2025-01-10 09:40:00
TX-000923,2025-01-07 09:50:00,29.12,9,1431,8.15,1,0,0,0,2025-01-10 09:50:00
TX-000924,2025-01-07 10:00:00,45.48,10,1440,1.43,3,0,0,0,2025-01-10 10:00:00
TX-000925,2025-01-07 10:10:00,432.85,10,708,13.58,0,0,0,0,2025-01-10 10:10:00
TX-000926,2025-01-07 10:20:00,45.3,10,2,12.66,2,0,0,0,2025-01-10 10:20:00
TX-000927,2025-01-07 10:30:00,86.07,10,441,4.22,2,0,0,0,2025-01-10 10:30:00
TX-000928,2025-01-07 10:40:00,42.29,10,1416,15.44,4,0,0,0,2025-01-10 10:40:00
TX-000929,2025-01-07 10:50:00,59.34,10,1375,106.47,1,0,0,0,2025-01-10 10:50:00
TX-000930,2025-01-07 11:00:00,54.96,11,913,44.89,3,0,0,0,2025-01-10 11:00:00
TX-000931,2025-01-07 11:10:00,89.4,11,43,99.56,2,0,0,0,2025-01-10 11:10:00
TX-000932,2025-01-07 11:20:00,196.73,11,1398,21.7,2,0,0,0,2025-01-10 11:20:00
TX-000933,2025-01-07 11:30:00,334.33,11,1468,11.42,0,0,0,0,2025-01-10 11:30:00
TX-000934,2025-01-07 11:40:00,76.75,11,408,157.8,2,0,0,0,2025-01-10 11:40:00
TX-000935,2025-01-07 11:50:00,104.43,11,1447,27.4,3,0,0,0,2025-01-10 11:50:00
TX-000936,2025-01-07 12:00:00,15.4,12,1151,25.9,1,0,0,0,2025-01-10 12:00:00
TX-000937,2025-01-07 12:10:00,49.57,12,1598,16.96,2,0,1,0,2025-01-10 12:10:00
TX-000938,2025-01-07 12:20:00,153.59,12,1127,68.83,1,0,1,0,2025-01-10 12:20:00
TX-000939,2025-01-07 12:30:00,141.54,12,161,1.53,3,0,0,0,2025-01-10 12:30:00
TX-000940,2025-01-07 12:40:00,68.91,12,1164,6.7,0,0,1,0,2025-01-10 12:40:00
TX-000941,2025-01-07 12:50:00,144.75,12,193,8.5,4,1,0,0,2025-01-10 12:50:00
TX-000942,2025-01-07 13:00:00,93.68,13,465,13.95,4,0,0,0,2025-01-10 13:00:00
TX-000943,2025-01-07 13:10:00,204.45,13,1570,85.05,1,1,0,0,2025-01-10 13:10:00
TX-000944,2025-01-07 13:20:00,75.06,13,1742,32.66,1,0,0,0,2025-01-10 13:20:00
TX-000945,2025-01-07 13:30:00,36.92,13,855,70.61,3,0,0,0,2025-01-10 13:30:00
TX-000946,2025-01-07 13:40:00,79.0,13,524,87.76,0,0,0,0,2025-01-10 13:40:00
TX-000947,2025-01-07 13:50:00,2.17,13,706,11.37,2,0,0,0,2025-01-10 13:50:00
TX-000948,2025-01-07 14:00:00,83.19,14,435,20.67,3,0,1,0,2025-01-10 14:00:00
TX-000949,2025-01-07 14:10:00,0.99,14,1031,45.58,1,0,0,0,2025-01-10 14:10:00
TX-000950,2025-01-07 14:20:00,8.2,14,758,46.73,3,0,0,0,2025-01-10 14:20:00
TX-000951,2025-01-07 14:30:00,89.74,14,105,1.01,0,0,0,0,2025-01-10 14:30:00
TX-000952,2025-01-07 14:40:00,92.32,14,1098,17.42,0,0,0,0,2025-01-10 14:40:00
TX-000953,2025-01-07 14:50:00,15.2,14,1158,11.01,3,0,0,0,2025-01-10 14:50:00
TX-000954,2025-01-07 15:00:00,24.95,15,1200,4.51,1,1,1,0,2025-01-10 15:00:00
TX-000955,2025-01-07 15:10:00,246.56,15,1701,35.97,2,0,0,0,2025-01-10 15:10:00
TX-000956,2025-01-07 15:20:00,32.06,15,1267,10.14,3,0,0,0,2025-01-10 15:20:00
TX-000957,2025-01-07 15:30:00,643.69,15,1216,37.8,1,0,0,0,2025-01-10 15:30:00
TX-000958,2025-01-07 15:40:00,54.48,15,380,31.59,5,0,0,0,2025-01-10 15:40:00
TX-000959,2025-01-07 15:50:00,85.53,15,836,16.42,2,1,0,0,2025-01-10 15:50:00
TX-000960,2025-01-07 16:00:00,323.29,16,782,13.23,5,0,1,0,2025-01-10 16:00:00
TX-000961,2025-01-07 16:10:00,63.06,16,1729,3.95,3,1,0,0,2025-01-10 16:10:00
TX-000962,2025-01-07 16:20:00,18.13,16,853,1.77,1,0,0,0,2025-01-10 16:20:00
TX-000963,2025-01-07 16:30:00,48.39,16,1239,20.99,3,0,0,0,2025-01-10 16:30:00
TX-000964,2025-01-07 16:40:00,52.5,16,973,17.74,0,0,0,0,2025-01-10 16:40:00
TX-000965,2025-01-07 16:50:00,12.17,16,102,20.77,1,1,1,0,2025-01-10 16:50:00
TX-000966,2025-01-07 17:00:00,41.21,17,1684,29.37,1,0,0,0,2025-01-10 17:00:00
TX-000967,2025-01-07 17:10:00,24.13,17,1206,29.39,1,0,1,0,2025-01-10 17:10:00
TX-000968,2025-01-07 17:20:00,150.93,17,414,70.71,4,0,1,0,2025-01-10 17:20:00
TX-000969,2025-01-07 17:30:00,56.72,17,107,75.6,2,1,1,0,2025-01-10 17:30:00
TX-000970,2025-01-07 17:40:00,40.0,17,1686,42.08,3,0,0,0,2025-01-10 17:40:00
TX-000971,2025-01-07 17:50:00,48.58,17,553,5.58,2,0,0,0,2025-01-10 17:50:00
TX-000972,2025-01-07 18:00:00,69.79,18,30,22.49,1,0,0,0,2025-01-10 18:00:00
TX-000973,2025-01-07 18:10:00,107.61,18,1108,13.84,1,0,0,0,2025-01-10 18:10:00
TX-000974,2025-01-07 18:20:00,18.18,18,29,9.59,2,1,0,0,2025-01-10 18:20:00
TX-000975,2025-01-07 18:30:00,17.36,18,388,79.08,2,0,0,0,2025-01-10 18:30:00
TX-000976,2025-01-07 18:40:00,184.04,18,1608,14.18,1,0,0,0,2025-01-10 18:40:00
TX-000977,2025-01-07 18:50:00,34.69,18,68,3.67,2,0,0,0,2025-01-10 18:50:00
TX-000978,2025-01-07 19:00:00,11.49,19,1353,3.06,1,0,1,0,2025-01-10 19:00:00
TX-000979,2025-01-07 19:10:00,88.96,19,1112,26.58,2,0,0,0,2025-01-10 19:10:00
TX-000980,2025-01-07 19:20:00,90.9,19,550,182.31,0,0,0,0,2025-01-10 19:20:00
TX-000981,2025-01-07 19:30:00,10.14,19,514,2.84,0,0,0,0,2025-01-10 19:30:00
TX-000982,2025-01-07 19:40:00,70.28,19,854,67.44,2,0,1,0,2025-01-10 19:40:00
TX-000983,2025-01-07 19:50:00,122.63,19,959,62.96,2,0,0,0,2025-01-10 19:50:00
TX-000984,2025-01-07 20:00:00,82.42,20,1602,12.66,1,0,0,0,2025-01-10 20:00:00
TX-000985,2025-01-07 20:10:00,109.42,20,470,14.32,1,0,0,0,2025-01-10 20:10:00
TX-000986,2025-01-07 20:20:00,11.65,20,1062,86.22,4,0,1,1,2025-01-10 20:20:00
TX-000987,2025-01-07 20:30:00,78.58,20,1235,37.4,0,0,0,0,2025-01-10 20:30:00
TX-000988,2025-01-07 20:40:00,39.14,20,22,201.98,2,0,0,0,2025-01-10 20:40:00
TX-000989,2025-01-07 20:50:00,32.1,20,1612,58.5,1,0,0,0,2025-01-10 20:50:00
TX-000990,2025-01-07 21:00:00,142.25,21,1785,122.52,0,0,0,0,2025-01-10 21:00:00
TX-000991,2025-01-07 21:10:00,277.88,21,155,41.95,1,0,0,0,2025-01-10 21:10:00
TX-000992,2025-01-07 21:20:00,393.0,21,471,35.17,4,0,0,0,2025-01-10 21:20:00
TX-000993,2025-01-07 21:30:00,231.9,21,1415,52.52,1,0,0,0,2025-01-10 21:30:00
TX-000994,2025-01-07 21:40:00,48.39,21,1456,23.02,4,0,0,0,2025-01-10 21:40:00
TX-000995,2025-01-07 21:50:00,80.48,21,280,46.57,4,0,0,0,2025-01-10 21:50:00
TX-000996,2025-01-07 22:00:00,126.91,22,1651,6.42,1,0,0,0,2025-01-10 22:00:00
TX-000997,2025-01-07 22:10:00,62.38,22,592,52.38,4,0,0,0,2025-01-10 22:10:00
TX-000998,2025-01-07 22:20:00,63.04,22,528,18.58,0,0,0,0,2025-01-10 22:20:00
TX-000999,2025-01-07 22:30:00,135.12,22,643,13.73,2,1,0,0,2025-01-10 22:30:00
TX-001000,2025-01-07 22:40:00,51.15,22,1208,11.44,3,0,0,0,2025-01-10 22:40:00
TX-001001,2025-01-07 22:50:00,24.48,22,371,32.01,1,0,0,0,2025-01-10 22:50:00
TX-001002,2025-01-07 23:00:00,34.61,23,977,122.87,5,0,0,0,2025-01-10 23:00:00
TX-001003,2025-01-07 23:10:00,109.65,23,135,13.28,3,0,1,0,2025-01-10 23:10:00
TX-001004,2025-01-07 23:20:00,54.78,23,264,27.05,2,0,0,0,2025-01-10 23:20:00
TX-001005,2025-01-07 23:30:00,79.38,23,1383,47.09,2,0,0,0,2025-01-10 23:30:00
TX-001006,2025-01-07 23:40:00,114.1,23,690,17.22,0,0,0,0,2025-01-10 23:40:00
TX-001007,2025-01-07 23:50:00,36.15,23,1428,0.77,3,0,1,0,2025-01-10 23:50:00
TX-001008,2025-01-08 00:00:00,125.45,0,1327,14.08,2,0,0,0,2025-01-11 00:00:00
TX-001009,2025-01-08 00:10:00,82.82,0,1794,31.17,0,0,0,0,2025-01-11 00:10:00
TX-001010,2025-01-08 00:20:00,14.04,0,247,20.68,1,0,0,0,2025-01-11 00:20:00
TX-001011,2025-01-08 00:30:00,266.81,0,1682,3.72,2,0,0,0,2025-01-11 00:30:00
TX-001012,2025-01-08 00:40:00,31.47,0,1605,33.44,1,0,0,0,2025-01-11 00:40:00
TX-001013,2025-01-08 00:50:00,8.84,0,782,95.34,2,0,0,0,2025-01-11 00:50:00
TX-001014,2025-01-08 01:00:00,17.3,1,243,63.59,0,0,0,0,2025-01-11 01:00:00
TX-001015,2025-01-08 01:10:00,17.76,1,240,5.96,2,0,0,0,2025-01-11 01:10:00
TX-001016,2025-01-08 01:20:00,57.82,1,919,2.06,3,0,0,1,2025-01-11 01:20:00
TX-001017,2025-01-08 01:30:00,40.4,1,19,3.39,2,0,0,0,2025-01-11 01:30:00
TX-001018,2025-01-08 01:40:00,37.69,1,172,123.99,1,0,0,0,2025-01-11 01:40:00
TX-001019,2025-01-08 01:50:00,107.95,1,956,0.54,4,0,1,0,2025-01-11 01:50:00
TX-001020,2025-01-08 02:00:00,79.35,2,1013,2.53,2,0,0,0,2025-01-11 02:00:00
TX-001021,2025-01-08 02:10:00,77.3,2,1549,18.76,5,0,0,0,2025-01-11 02:10:00
TX-001022,2025-01-08 02:20:00,85.7,2,1753,13.48,2,0,0,0,2025-01-11 02:20:00
TX-001023,2025-01-08 02:30:00,107.53,2,482,4.14,0,1,0,0,2025-01-11 02:30:00
TX-001024,2025-01-08 02:40:00,5.37,2,594,54.08,2,0,0,0,2025-01-11 02:40:00
TX-001025,2025-01-08 02:50:00,36.57,2,358,40.53,2,0,1,0,2025-01-11 02:50:00
TX-001026,2025-01-08 03:00:00,4.96,3,404,35.19,5,0,0,0,2025-01-11 03:00:00
TX-001027,2025-01-08 03:10:00,56.81,3,790,6.64,1,0,0,0,2025-01-11 03:10:00
TX-001028,2025-01-08 03:20:00,54.32,3,1787,11.25,0,0,1,0,2025-01-11 03:20:00
TX-001029,2025-01-08 03:30:00,172.45,3,1608,8.99,2,0,0,0,2025-01-11 03:30:00
TX-001030,2025-01-08 03:40:00,201.62,3,1643,2.66,1,0,0,0,2025-01-11 03:40:00
TX-001031,2025-01-08 03:50:00,68.24,3,813,20.09,5,1,1,0,2025-01-11 03:50:00
TX-001032,2025-01-08 04:00:00,31.49,4,1183,18.69,4,0,1,0,2025-01-11 04:00:00
TX-001033,2025-01-08 04:10:00,93.1,4,1300,0.48,1,1,0,0,2025-01-11 04:10:00
TX-001034,2025-01-08 04:20:00,30.55,4,437,83.65,0,0,0,0,2025-01-11 04:20:00
TX-001035,2025-01-08 04:30:00,54.51,4,832,101.41,4,0,1,0,2025-01-11 04:30:00
TX-001036,2025-01-08 04:40:00,161.54,4,990,2.54,1,0,1,0,2025-01-11 04:40:00
TX-001037,2025-01-08 04:50:00,29.56,4,671,123.67,1,0,0,0,2025-01-11 04:50:00
TX-001038,2025-01-08 05:00:00,132.46,5,851,215.8,2,0,0,0,2025-01-11 05:00:00
TX-001039,2025-01-08 05:10:00,115.02,5,793,51.82,0,1,0,0,2025-01-11 05:10:00
TX-001040,2025-01-08 05:20:00,19.1,5,110,7.2,4,0,0,0,2025-01-11 05:20:00
TX-001041,2025-01-08 05:30:00,159.38,5,1383,101.06,0,0,0,0,2025-01-11 05:30:00
TX-001042,2025-01-08 05:40:00,117.73,5,1620,0.04,4,0,0,0,2025-01-11 05:40:00
TX-001043,2025-01-08 05:50:00,61.08,5,1357,32.74,2,0,0,0,2025-01-11 05:50:00
TX-001044,2025-01-08 06:00:00,23.6,6,1680,88.76,2,1,0,0,2025-01-11 06:00:00
TX-001045,2025-01-08 06:10:00,21.22,6,777,53.84,0,0,1,0,2025-01-11 06:10:00
TX-001046,2025-01-08 06:20:00,30.22,6,100,2.46,3,0,0,0,2025-01-11 06:20:00
TX-001047,2025-01-08 06:30:00,99.17,6,481,124.18,3,0,0,0,2025-01-11 06:30:00
TX-001048,2025-01-08 06:40:00,19.08,6,1537,73.15,3,0,0,0,2025-01-11 06:40:00
TX-001049,2025-01-08 06:50:00,88.35,6,250,16.42,3,0,0,0,2025-01-11 06:50:00
TX-001050,2025-01-08 07:00:00,13.93,7,984,17.05,0,0,1,0,2025-01-11 07:00:00
TX-001051,2025-01-08 07:10:00,43.62,7,2,8.71,2,0,1,0,2025-01-11 07:10:00
TX-001052,2025-01-08 07:20:00,61.6,7,582,46.8,2,0,0,0,2025-01-11 07:20:00
TX-001053,2025-01-08 07:30:00,804.04,7,203,23.79,4,0,0,0,2025-01-11 07:30:00
TX-001054,2025-01-08 07:40:00,12.0,7,204,14.39,4,0,0,0,2025-01-11 07:40:00
TX-001055,2025-01-08 07:50:00,275.67,7,296,34.24,1,0,0,0,2025-01-11 07:50:00
TX-001056,2025-01-08 08:00:00,64.38,8,968,11.18,4,1,0,0,2025-01-11 08:00:00
TX-001057,2025-01-08 08:10:00,85.82,8,1241,29.64,1,1,0,0,2025-01-11 08:10:00
TX-001058,2025-01-08 08:20:00,62.19,8,518,16.43,3,0,0,0,2025-01-11 08:20:00
TX-001059,2025-01-08 08:30:00,89.05,8,1472,3.08,1,0,1,0,2025-01-11 08:30:00
TX-001060,2025-01-08 08:40:00,46.11,8,705,5.89,2,0,0,0,2025-01-11 08:40:00
TX-001061,2025-01-08 08:50:00,270.28,8,1326,1.2,3,0,0,0,2025-01-11 08:50:00
TX-001062,2025-01-08 09:00:00,33.05,9,953,4.57,1,0,0,0,2025-01-11 09:00:00
TX-001063,2025-01-08 09:10:00,189.7,9,1301,6.55,3,0,1,1,2025-01-11 09:10:00
TX-001064,2025-01-08 09:20:00,26.87,9,1761,75.7,1,0,0,0,2025-01-11 09:20:00
TX-001065,2025-01-08 09:30:00,51.1,9,1789,1.29,2,0,1,0,2025-01-11 09:30:00
TX-001066,2025-01-08 09:40:00,16.79,9,1056,9.86,3,0,0,0,2025-01-11 09:40:00
TX-001067,2025-01-08 09:50:00,90.06,9,1732,45.01,0,0,0,0,2025-01-11 09:50:00
TX-001068,2025-01-08 10:00:00,267.64,10,1262,47.85,3,0,0,0,2025-01-11 10:00:00
TX-001069,2025-01-08 10:10:00,50.14,10,483,74.1,0,0,0,0,2025-01-11 10:10:00
TX-001070,2025-01-08 10:20:00,43.97,10,1683,49.04,2,0,0,0,2025-01-11 10:20:00
TX-001071,2025-01-08 10:30:00,16.02,10,261,23.97,1,0,0,0,2025-01-11 10:30:00
TX-001072,2025-01-08 10:40:00,42.43,10,842,0.01,1,0,0,0,2025-01-11 10:40:00
TX-001073,2025-01-08 10:50:00,9.47,10,275,0.52,2,0,0,0,2025-01-11 10:50:00
TX-001074,2025-01-08 11:00:00,20.0,11,1411,3.79,2,1,1,0,2025-01-11 11:00:00
TX-001075,2025-01-08 11:10:00,70.07,11,1612,142.35,1,1,0,0,2025-01-11 11:10:00
TX-001076,2025-01-08 11:20:00,232.97,11,1473,18.72,2,0,1,0,2025-01-11 11:20:00
TX-001077,2025-01-08 11:30:00,1200.07,11,184,100.24,2,0,0,0,2025-01-11 11:30:00
TX-001078,2025-01-08 11:40:00,28.64,11,487,62.42,0,0,0,0,2025-01-11 11:40:00
TX-001079,2025-01-08 11:50:00,264.76,11,612,96.97,2,0,0,0,2025-01-11 11:50:00
TX-001080,2025-01-08 12:00:00,71.39,12,208,23.9,2,0,0,0,2025-01-11 12:00:00
TX-001081,2025-01-08 12:10:00,46.23,12,954,33.28,0,0,0,0,2025-01-11 12:10:00
TX-001082,2025-01-08 12:20:00,87.87,12,61,24.03,1,0,0,0,2025-01-11 12:20:00
TX-001083,2025-01-08 12:30:00,58.45,12,1104,1.76,4,0,0,0,2025-01-11 12:30:00
TX-001084,2025-01-08 12:40:00,61.65,12,1034,21.3,4,0,1,0,2025-01-11 12:40:00
TX-001085,2025-01-08 12:50:00,34.84,12,1072,80.83,3,0,0,0,2025-01-11 12:50:00
TX-001086,2025-01-08 13:00:00,11.73,13,1643,129.99,2,0,0,0,2025-01-11 13:00:00
TX-001087,2025-01-08 13:10:00,9.99,13,1415,34.45,3,0,0,0,2025-01-11 13:10:00
TX-001088,2025-01-08 13:20:00,112.01,13,467,43.54,0,0,0,0,2025-01-11 13:20:00
TX-001089,2025-01-08 13:30:00,40.27,13,1029,45.82,3,0,0,0,2025-01-11 13:30:00
TX-001090,2025-01-08 13:40:00,28.34,13,1444,14.29,1,0,0,0,2025-01-11 13:40:00
TX-001091,2025-01-08 13:50:00,55.11,13,1531,37.01,5,0,0,0,2025-01-11 13:50:00
TX-001092,2025-01-08 14:00:00,130.9,14,1157,4.45,1,0,1,0,2025-01-11 14:00:00
TX-001093,2025-01-08 14:10:00,66.58,14,152,3.64,2,0,0,0,2025-01-11 14:10:00
TX-001094,2025-01-08 14:20:00,26.53,14,782,122.27,2,0,1,0,2025-01-11 14:20:00
TX-001095,2025-01-08 14:30:00,210.38,14,1546,70.18,1,0,0,0,2025-01-11 14:30:00
TX-001096,2025-01-08 14:40:00,310.16,14,132,12.75,6,0,0,0,2025-01-11 14:40:00
TX-001097,2025-01-08 14:50:00,94.07,14,1062,3.53,1,0,1,0,2025-01-11 14:50:00
TX-001098,2025-01-08 15:00:00,159.34,15,973,5.83,1,1,0,0,2025-01-11 15:00:00
TX-001099,2025-01-08 15:10:00,214.04,15,401,38.73,0,0,0,0,2025-01-11 15:10:00
TX-001100,2025-01-08 15:20:00,189.26,15,619,32.7,1,1,0,0,2025-01-11 15:20:00
TX-001101,2025-01-08 15:30:00,107.29,15,1759,96.42,3,0,0,0,2025-01-11 15:30:00
TX-001102,2025-01-08 15:40:00,105.44,15,1072,3.25,3,0,0,0,2025-01-11 15:40:00
TX-001103,2025-01-08 15:50:00,96.7,15,1691,7.48,0,0,0,0,2025-01-11 15:50:00
TX-001104,2025-01-08 16:00:00,16.33,16,848,81.92,2,1,0,0,2025-01-11 16:00:00
TX-001105,2025-01-08 16:10:00,118.01,16,1522,34.08,4,0,0,0,2025-01-11 16:10:00
TX-001106,2025-01-08 16:20:00,12.29,16,1115,0.92,3,1,0,0,2025-01-11 16:20:00
TX-001107,2025-01-08 16:30:00,22.78,16,1640,11.5,2,0,0,0,2025-01-11 16:30:00
TX-001108,2025-01-08 16:40:00,229.05,16,588,22.39,3,0,0,0,2025-01-11 16:40:00
TX-001109,2025-01-08 16:50:00,137.59,16,687,4.04,2,0,1,0,2025-01-11 16:50:00
TX-001110,2025-01-08 17:00:00,280.38,17,72,8.63,1,0,0,0,2025-01-11 17:00:00
TX-001111,2025-01-08 17:10:00,40.49,17,410,106.3,5,1,0,0,2025-01-11 17:10:00
TX-001112,2025-01-08 17:20:00,15.37,17,249,21.48,2,0,1,0,2025-01-11 17:20:00
TX-001113,2025-01-08 17:30:00,41.91,17,329,39.14,2,1,0,0,2025-01-11 17:30:00
TX-001114,2025-01-08 17:40:00,61.08,17,555,38.67,6,0,0,0,2025-01-11 17:40:00
TX-001115,2025-01-08 17:50:00,59.55,17,1572,12.57,2,0,0,0,2025-01-11 17:50:00
TX-001116,2025-01-08 18:00:00,190.0,18,681,53.19,4,0,0,0,2025-01-11 18:00:00
TX-001117,2025-01-08 18:10:00,36.69,18,1487,54.4,1,0,1,0,2025-01-11 18:10:00
TX-001118,2025-01-08 18:20:00,80.42,18,1466,22.03,2,0,0,0,2025-01-11 18:20:00
TX-001119,2025-01-08 18:30:00,18.4,18,1765,60.37,2,0,0,0,2025-01-11 18:30:00
TX-001120,2025-01-08 18:40:00,89.6,18,915,4.96,1,0,0,0,2025-01-11 18:40:00
TX-001121,2025-01-08 18:50:00,54.79,18,1526,8.95,3,0,0,0,2025-01-11 18:50:00
TX-001122,2025-01-08 19:00:00,23.93,19,754,7.63,1,0,0,0,2025-01-11 19:00:00
TX-001123,2025-01-08 19:10:00,42.12,19,1138,37.29,1,0,0,0,2025-01-11 19:10:00
TX-001124,2025-01-08 19:20:00,44.59,19,1459,10.95,4,0,0,0,2025-01-11 19:20:00
TX-001125,2025-01-08 19:30:00,40.56,19,256,6.55,3,0,0,0,2025-01-11 19:30:00
TX-001126,2025-01-08 19:40:00,383.17,19,103,14.38,4,0,0,0,2025-01-11 19:40:00
TX-001127,2025-01-08 19:50:00,48.99,19,296,40.62,1,0,0,0,2025-01-11 19:50:00
TX-001128,2025-01-08 20:00:00,41.75,20,1297,2.06,2,1,0,0,2025-01-11 20:00:00
TX-001129,2025-01-08 20:10:00,5.43,20,852,3.62,4,0,0,0,2025-01-11 20:10:00
TX-001130,2025-01-08 20:20:00,20.42,20,504,28.92,2,0,0,0,2025-01-11 20:20:00
TX-001131,2025-01-08 20:30:00,40.88,20,1382,3.63,0,0,1,0,2025-01-11 20:30:00
TX-001132,2025-01-08 20:40:00,25.68,20,27,31.18,0,0,1,0,2025-01-11 20:40:00
TX-001133,2025-01-08 20:50:00,249.6,20,311,69.79,2,0,0,0,2025-01-11 20:50:00
TX-001134,2025-01-08 21:00:00,45.54,21,845,28.27,1,0,1,0,2025-01-11 21:00:00
TX-001135,2025-01-08 21:10:00,225.27,21,1647,104.19,0,1,0,0,2025-01-11 21:10:00
TX-001136,2025-01-08 21:20:00,58.43,21,1348,6.45,2,0,0,0,2025-01-11 21:20:00
TX-001137,2025-01-08 21:30:00,56.88,21,1230,7.89,1,1,0,0,2025-01-11 21:30:00
TX-001138,2025-01-08 21:40:00,49.52,21,1279,12.36,5,1,1,0,2025-01-11 21:40:00
TX-001139,2025-01-08 21:50:00,54.83,21,562,43.15,5,0,0,0,2025-01-11 21:50:00
TX-001140,2025-01-08 22:00:00,361.65,22,806,35.11,4,0,1,0,2025-01-11 22:00:00
TX-001141,2025-01-08 22:10:00,4.26,22,1594,32.31,2,0,0,0,2025-01-11 22:10:00
TX-001142,2025-01-08 22:20:00,6.04,22,1313,15.94,1,1,0,0,2025-01-11 22:20:00
TX-001143,2025-01-08 22:30:00,30.04,22,1077,10.56,1,0,0,0,2025-01-11 22:30:00
TX-001144,2025-01-08 22:40:00,55.48,22,149,1.05,0,0,0,0,2025-01-11 22:40:00
TX-001145,2025-01-08 22:50:00,116.64,22,1319,17.89,3,0,1,0,2025-01-11 22:50:00
TX-001146,2025-01-08 23:00:00,91.87,23,658,26.1,3,0,0,0,2025-01-11 23:00:00
TX-001147,2025-01-08 23:10:00,35.78,23,693,10.19,2,0,0,0,2025-01-11 23:10:00
TX-001148,2025-01-08 23:20:00,167.49,23,1213,45.5,3,0,0,0,2025-01-11 23:20:00
TX-001149,2025-01-08 23:30:00,169.56,23,708,20.03,1,1,0,0,2025-01-11 23:30:00
TX-001150,2025-01-08 23:40:00,66.85,23,1031,5.54,1,0,0,0,2025-01-11 23:40:00
TX-001151,2025-01-08 23:50:00,157.42,23,22,36.01,4,0,0,0,2025-01-11 23:50:00
TX-001152,2025-01-09 00:00:00,73.69,0,333,4.45,2,0,0,0,2025-01-12 00:00:00
TX-001153,2025-01-09 00:10:00,29.44,0,968,33.57,1,0,1,0,2025-01-12 00:10:00
TX-001154,2025-01-09 00:20:00,117.64,0,1723,29.51,4,0,0,0,2025-01-12 00:20:00
TX-001155,2025-01-09 00:30:00,61.66,0,1369,57.58,4,1,0,0,2025-01-12 00:30:00
TX-001156,2025-01-09 00:40:00,54.68,0,751,47.32,1,0,0,0,2025-01-12 00:40:00
TX-001157,2025-01-09 00:50:00,275.96,0,1743,181.93,2,0,0,0,2025-01-12 00:50:00
TX-001158,2025-01-09 01:00:00,3.68,1,495,170.64,0,0,1,0,2025-01-12 01:00:00
TX-001159,2025-01-09 01:10:00,11.48,1,1606,7.43,1,0,0,0,2025-01-12 01:10:00
TX-001160,2025-01-09 01:20:00,14.79,1,726,64.15,1,0,0,0,2025-01-12 01:20:00
TX-001161,2025-01-09 01:30:00,36.61,1,156,5.02,3,0,0,0,2025-01-12 01:30:00
TX-001162,2025-01-09 01:40:00,41.26,1,4,20.41,2,0,0,0,2025-01-12 01:40:00
TX-001163,2025-01-09 01:50:00,10.4,1,1764,23.13,0,1,0,0,2025-01-12 01:50:00
TX-001164,2025-01-09 02:00:00,18.47,2,1155,0.59,2,0,0,0,2025-01-12 02:00:00
TX-001165,2025-01-09 02:10:00,21.18,2,269,56.36,2,0,1,0,2025-01-12 02:10:00
TX-001166,2025-01-09 02:20:00,814.98,2,1785,6.27,1,0,0,0,2025-01-12 02:20:00
TX-001167,2025-01-09 02:30:00,396.2,2,74,4.77,2,0,0,0,2025-01-12 02:30:00
TX-001168,2025-01-09 02:40:00,34.71,2,602,47.04,2,0,0,0,2025-01-12 02:40:00
TX-001169,2025-01-09 02:50:00,36.6,2,1348,45.02,1,1,0,0,2025-01-12 02:50:00
TX-001170,2025-01-09 03:00:00,15.42,3,95,27.75,2,0,0,0,2025-01-12 03:00:00
TX-001171,2025-01-09 03:10:00,6.69,3,1630,74.65,0,0,0,0,2025-01-12 03:10:00
TX-001172,2025-01-09 03:20:00,48.01,3,1220,12.72,0,0,0,0,2025-01-12 03:20:00
TX-001173,2025-01-09 03:30:00,18.22,3,1709,10.25,0,0,0,0,2025-01-12 03:30:00
TX-001174,2025-01-09 03:40:00,49.73,3,1507,13.14,2,0,0,0,2025-01-12 03:40:00
TX-001175,2025-01-09 03:50:00,9.39,3,1484,72.24,2,0,0,0,2025-01-12 03:50:00
TX-001176,2025-01-09 04:00:00,23.61,4,409,11.15,3,0,1,0,2025-01-12 04:00:00
TX-001177,2025-01-09 04:10:00,64.3,4,368,46.21,2,1,0,0,2025-01-12 04:10:00
TX-001178,2025-01-09 04:20:00,81.68,4,435,81.52,1,0,0,0,2025-01-12 04:20:00
TX-001179,2025-01-09 04:30:00,86.42,4,277,1.94,0,0,0,0,2025-01-12 04:30:00
TX-001180,2025-01-09 04:40:00,12.77,4,1195,20.87,2,0,0,0,2025-01-12 04:40:00
TX-001181,2025-01-09 04:50:00,139.79,4,106,55.15,2,1,0,0,2025-01-12 04:50:00
TX-001182,2025-01-09 05:00:00,22.64,5,771,12.25,0,0,0,0,2025-01-12 05:00:00
TX-001183,2025-01-09 05:10:00,109.52,5,1047,7.04,0,0,0,0,2025-01-12 05:10:00
TX-001184,2025-01-09 05:20:00,53.96,5,970,65.32,3,0,1,0,2025-01-12 05:20:00
TX-001185,2025-01-09 05:30:00,12.01,5,876,84.56,0,0,0,0,2025-01-12 05:30:00
TX-001186,2025-01-09 05:40:00,38.56,5,401,6.72,2,0,0,0,2025-01-12 05:40:00
TX-001187,2025-01-09 05:50:00,81.61,5,196,17.71,2,0,0,0,2025-01-12 05:50:00
TX-001188,2025-01-09 06:00:00,107.15,6,1778,130.91,3,0,1,0,2025-01-12 06:00:00
TX-001189,2025-01-09 06:10:00,46.75,6,836,41.49,2,0,0,0,2025-01-12 06:10:00
TX-001190,2025-01-09 06:20:00,294.41,6,1070,46.89,3,0,0,0,2025-01-12 06:20:00
TX-001191,2025-01-09 06:30:00,165.38,6,1021,132.64,2,0,0,0,2025-01-12 06:30:00
TX-001192,2025-01-09 06:40:00,41.17,6,664,39.32,3,0,0,0,2025-01-12 06:40:00
TX-001193,2025-01-09 06:50:00,124.6,6,1301,14.4,4,0,0,0,2025-01-12 06:50:00
TX-001194,2025-01-09 07:00:00,458.14,7,677,0.32,2,0,0,0,2025-01-12 07:00:00
TX-001195,2025-01-09 07:10:00,471.79,7,745,31.55,2,0,0,0,2025-01-12 07:10:00
TX-001196,2025-01-09 07:20:00,14.14,7,1446,52.32,1,0,0,0,2025-01-12 07:20:00
TX-001197,2025-01-09 07:30:00,19.7,7,573,12.72,2,1,0,0,2025-01-12 07:30:00
TX-001198,2025-01-09 07:40:00,279.61,7,1259,18.85,1,0,0,0,2025-01-12 07:40:00
TX-001199,2025-01-09 07:50:00,17.05,7,1198,0.44,4,0,0,0,2025-01-12 07:50:00
TX-001200,2025-01-09 08:00:00,12.75,8,55,45.51,0,1,0,0,2025-01-12 08:00:00
TX-001201,2025-01-09 08:10:00,31.98,8,1231,165.68,3,0,0,0,2025-01-12 08:10:00
TX-001202,2025-01-09 08:20:00,86.68,8,1442,1.88,0,0,1,0,2025-01-12 08:20:00
TX-001203,2025-01-09 08:30:00,48.78,8,486,56.3,2,0,0,0,2025-01-12 08:30:00
TX-001204,2025-01-09 08:40:00,26.69,8,1645,4.99,2,1,0,0,2025-01-12 08:40:00
TX-001205,2025-01-09 08:50:00,26.01,8,35,49.78,2,0,0,0,2025-01-12 08:50:00
TX-001206,2025-01-09 09:00:00,24.94,9,323,21.83,2,0,0,0,2025-01-12 09:00:00
TX-001207,2025-01-09 09:10:00,20.75,9,1702,148.12,1,0,0,0,2025-01-12 09:10:00
TX-001208,2025-01-09 09:20:00,671.69,9,1539,49.83,2,0,1,0,2025-01-12 09:20:00
TX-001209,2025-01-09 09:30:00,75.74,9,1359,141.44,1,0,0,0,2025-01-12 09:30:00
TX-001210,2025-01-09 09:40:00,144.81,9,1087,49.87,2,0,0,0,2025-01-12 09:40:00
TX-001211,2025-01-09 09:50:00,31.88,9,361,63.91,1,1,0,0,2025-01-12 09:50:00
TX-001212,2025-01-09 10:00:00,44.5,10,880,1.6,3,1,0,0,2025-01-12 10:00:00
TX-001213,2025-01-09 10:10:00,24.91,10,1018,89.75,1,1,0,0,2025-01-12 10:10:00
TX-001214,2025-01-09 10:20:00,2.95,10,161,160.71,3,0,0,0,2025-01-12 10:20:00
TX-001215,2025-01-09 10:30:00,11.99,10,1070,103.51,2,0,0,0,2025-01-12 10:30:00
TX-001216,2025-01-09 10:40:00,7.45,10,160,12.09,0,0,1,0,2025-01-12 10:40:00
TX-001217,2025-01-09 10:50:00,4.6,10,226,60.49,4,0,0,0,2025-01-12 10:50:00
TX-001218,2025-01-09 11:00:00,14.66,11,306,139.79,4,0,0,0,2025-01-12 11:00:00
TX-001219,2025-01-09 11:10:00,234.5,11,344,58.39,2,0,0,0,2025-01-12 11:10:00
TX-001220,2025-01-09 11:20:00,51.99,11,147,40.28,3,0,0,0,2025-01-12 11:20:00
TX-001221,2025-01-09 11:30:00,225.79,11,1722,59.04,1,0,0,0,2025-01-12 11:30:00
TX-001222,2025-01-09 11:40:00,85.81,11,1444,6.54,3,0,0,0,2025-01-12 11:40:00
TX-001223,2025-01-09 11:50:00,129.13,11,914,28.01,1,0,0,0,2025-01-12 11:50:00
TX-001224,2025-01-09 12:00:00,20.27,12,663,67.56,2,1,0,0,2025-01-12 12:00:00
TX-001225,2025-01-09 12:10:00,97.16,12,344,35.37,2,0,0,0,2025-01-12 12:10:00
TX-001226,2025-01-09 12:20:00,121.7,12,1708,28.48,2,0,0,0,2025-01-12 12:20:00
TX-001227,2025-01-09 12:30:00,28.95,12,1435,37.89,2,0,0,0,2025-01-12 12:30:00
TX-001228,2025-01-09 12:40:00,101.04,12,1353,24.32,0,0,0,0,2025-01-12 12:40:00
TX-001229,2025-01-09 12:50:00,101.78,12,847,94.46,6,0,0,0,2025-01-12 12:50:00
TX-001230,2025-01-09 13:00:00,29.83,13,49,0.75,4,0,0,0,2025-01-12 13:00:00
TX-001231,2025-01-09 13:10:00,15.88,13,1149,28.13,1,0,0,0,2025-01-12 13:10:00
TX-001232,2025-01-09 13:20:00,14.84,13,877,7.33,1,0,0,0,2025-01-12 13:20:00
TX-001233,2025-01-09 13:30:00,60.05,13,535,18.25,4,0,0,0,2025-01-12 13:30:00
TX-001234,2025-01-09 13:40:00,78.23,13,567,6.81,2,0,1,0,2025-01-12 13:40:00
TX-001235,2025-01-09 13:50:00,22.83,13,104,57.25,2,0,0,0,2025-01-12 13:50:00
TX-001236,2025-01-09 14:00:00,56.22,14,1569,24.0,3,0,0,0,2025-01-12 14:00:00
TX-001237,2025-01-09 14:10:00,102.27,14,296,95.21,2,0,0,0,2025-01-12 14:10:00
TX-001238,2025-01-09 14:20:00,107.77,14,1463,107.37,0,0,0,0,2025-01-12 14:20:00
TX-001239,2025-01-09 14:30:00,300.99,14,1751,72.04,0,0,0,0,2025-01-12 14:30:00
TX-001240,2025-01-09 14:40:00,222.44,14,82,69.57,5,0,0,0,2025-01-12 14:40:00
TX-001241,2025-01-09 14:50:00,18.15,14,1122,38.38,2,0,0,0,2025-01-12 14:50:00
TX-001242,2025-01-09 15:00:00,347.91,15,120,28.46,3,1,0,0,2025-01-12 15:00:00
TX-001243,2025-01-09 15:10:00,30.45,15,1495,62.67,0,0,0,0,2025-01-12 15:10:00
TX-001244,2025-01-09 15:20:00,172.32,15,912,12.91,2,0,0,0,2025-01-12 15:20:00
TX-001245,2025-01-09 15:30:00,58.84,15,38,45.19,2,0,1,0,2025-01-12 15:30:00
TX-001246,2025-01-09 15:40:00,34.7,15,1390,2.06,1,0,0,0,2025-01-12 15:40:00
TX-001247,2025-01-09 15:50:00,7.47,15,1377,39.86,3,0,0,0,2025-01-12 15:50:00
TX-001248,2025-01-09 16:00:00,45.21,16,1664,12.22,1,0,0,0,2025-01-12 16:00:00
TX-001249,2025-01-09 16:10:00,9.82,16,872,51.72,1,0,0,0,2025-01-12 16:10:00
TX-001250,2025-01-09 16:20:00,158.23,16,1679,49.69,5,0,0,0,2025-01-12 16:20:00
TX-001251,2025-01-09 16:30:00,289.59,16,1197,37.19,2,0,0,0,2025-01-12 16:30:00
TX-001252,2025-01-09 16:40:00,22.72,16,946,27.27,3,0,0,0,2025-01-12 16:40:00
TX-001253,2025-01-09 16:50:00,76.11,16,644,9.84,2,0,0,0,2025-01-12 16:50:00
TX-001254,2025-01-09 17:00:00,24.58,17,527,36.67,3,0,0,0,2025-01-12 17:00:00
TX-001255,2025-01-09 17:10:00,27.35,17,1117,0.78,4,0,0,0,2025-01-12 17:10:00
TX-001256,2025-01-09 17:20:00,127.99,17,1331,20.27,3,1,0,0,2025-01-12 17:20:00
TX-001257,2025-01-09 17:30:00,52.33,17,64,24.22,3,0,0,0,2025-01-12 17:30:00
TX-001258,2025-01-09 17:40:00,370.04,17,741,4.22,1,0,0,0,2025-01-12 17:40:00
TX-001259,2025-01-09 17:50:00,32.12,17,82,13.78,4,0,0,0,2025-01-12 17:50:00
TX-001260,2025-01-09 18:00:00,163.9,18,713,72.31,2,0,0,0,2025-01-12 18:00:00
TX-001261,2025-01-09 18:10:00,60.77,18,1437,96.63,2,0,0,0,2025-01-12 18:10:00
TX-001262,2025-01-09 18:20:00,131.02,18,1243,23.46,2,0,0,0,2025-01-12 18:20:00
TX-001263,2025-01-09 18:30:00,33.39,18,224,172.68,0,0,0,0,2025-01-12 18:30:00
TX-001264,2025-01-09 18:40:00,51.7,18,1290,14.77,2,1,0,0,2025-01-12 18:40:00
TX-001265,2025-01-09 18:50:00,48.08,18,25,45.03,0,1,1,0,2025-01-12 18:50:00
TX-001266,2025-01-09 19:00:00,21.77,19,22,5.53,2,0,0,0,2025-01-12 19:00:00
TX-001267,2025-01-09 19:10:00,113.1,19,1642,165.66,0,0,0,0,2025-01-12 19:10:00
TX-001268,2025-01-09 19:20:00,111.64,19,58,32.39,0,0,0,0,2025-01-12 19:20:00
TX-001269,2025-01-09 19:30:00,104.89,19,477,25.3,2,0,0,0,2025-01-12 19:30:00
TX-001270,2025-01-09 19:40:00,296.09,19,237,35.26,1,1,0,0,2025-01-12 19:40:00
TX-001271,2025-01-09 19:50:00,268.88,19,1048,112.36,4,0,0,0,2025-01-12 19:50:00
TX-001272,2025-01-09 20:00:00,36.15,20,940,84.17,2,0,0,0,2025-01-12 20:00:00
TX-001273,2025-01-09 20:10:00,82.3,20,1510,16.92,0,0,1,0,2025-01-12 20:10:00
TX-001274,2025-01-09 20:20:00,27.5,20,1776,12.11,6,0,0,0,2025-01-12 20:20:00
TX-001275,2025-01-09 20:30:00,56.02,20,1342,2.26,6,0,0,0,2025-01-12 20:30:00
TX-001276,2025-01-09 20:40:00,28.23,20,840,84.43,0,0,0,0,2025-01-12 20:40:00
TX-001277,2025-01-09 20:50:00,324.43,20,83,9.99,1,0,0,0,2025-01-12 20:50:00
TX-001278,2025-01-09 21:00:00,81.46,21,1660,13.58,0,0,0,0,2025-01-12 21:00:00
TX-001279,2025-01-09 21:10:00,42.96,21,1009,16.34,2,0,0,0,2025-01-12 21:10:00
TX-001280,2025-01-09 21:20:00,202.95,21,391,4.78,0,0,1,0,2025-01-12 21:20:00
TX-001281,2025-01-09 21:30:00,5.01,21,975,18.75,5,0,0,0,2025-01-12 21:30:00
TX-001282,2025-01-09 21:40:00,5.96,21,705,58.11,3,0,0,0,2025-01-12 21:40:00
TX-001283,2025-01-09 21:50:00,131.03,21,630,41.34,4,0,0,0,2025-01-12 21:50:00
TX-001284,2025-01-09 22:00:00,58.35,22,815,25.24,3,0,0,0,2025-01-12 22:00:00
TX-001285,2025-01-09 22:10:00,71.92,22,1356,41.21,2,0,0,0,2025-01-12 22:10:00
TX-001286,2025-01-09 22:20:00,12.69,22,294,68.25,1,0,0,0,2025-01-12 22:20:00
TX-001287,2025-01-09 22:30:00,53.22,22,1735,4.9,3,0,0,0,2025-01-12 22:30:00
TX-001288,2025-01-09 22:40:00,494.65,22,112,21.85,0,0,0,0,2025-01-12 22:40:00
TX-001289,2025-01-09 22:50:00,135.18,22,264,20.7,0,0,0,0,2025-01-12 22:50:00
TX-001290,2025-01-09 23:00:00,65.8,23,1217,44.36,2,0,0,0,2025-01-12 23:00:00
TX-001291,2025-01-09 23:10:00,33.68,23,261,1.85,0,0,0,0,2025-01-12 23:10:00
TX-001292,2025-01-09 23:20:00,35.37,23,1399,66.43,0,0,0,0,2025-01-12 23:20:00
TX-001293,2025-01-09 23:30:00,5.25,23,1322,13.42,3,0,0,0,2025-01-12 23:30:00
TX-001294,2025-01-09 23:40:00,72.49,23,773,12.81,2,0,0,0,2025-01-12 23:40:00
TX-001295,2025-01-09 23:50:00,138.38,23,817,17.56,1,0,0,0,2025-01-12 23:50:00
TX-001296,2025-01-10 00:00:00,9.65,0,1799,23.42,3,0,0,0,2025-01-13 00:00:00
TX-001297,2025-01-10 00:10:00,26.38,0,1431,81.23,2,0,0,0,2025-01-13 00:10:00
TX-001298,2025-01-10 00:20:00,15.28,0,1137,5.82,2,0,0,0,2025-01-13 00:20:00
TX-001299,2025-01-10 00:30:00,18.88,0,253,6.68,3,0,1,0,2025-01-13 00:30:00
TX-001300,2025-01-10 00:40:00,57.91,0,1061,96.93,4,0,0,0,2025-01-13 00:40:00
TX-001301,2025-01-10 00:50:00,5.51,0,71,99.28,2,0,1,0,2025-01-13 00:50:00
TX-001302,2025-01-10 01:00:00,107.31,1,453,69.16,0,1,0,0,2025-01-13 01:00:00
TX-001303,2025-01-10 01:10:00,125.12,1,1256,4.7,1,0,0,0,2025-01-13 01:10:00
TX-001304,2025-01-10 01:20:00,41.42,1,733,20.02,1,0,0,0,2025-01-13 01:20:00
TX-001305,2025-01-10 01:30:00,3.57,1,1790,11.12,2,0,0,0,2025-01-13 01:30:00
TX-001306,2025-01-10 01:40:00,18.25,1,1690,1.59,2,0,0,0,2025-01-13 01:40:00
TX-001307,2025-01-10 01:50:00,211.92,1,170,17.74,1,0,0,0,2025-01-13 01:50:00
TX-001308,2025-01-10 02:00:00,2.57,2,1590,204.7,4,0,0,1,2025-01-13 02:00:00
TX-001309,2025-01-10 02:10:00,37.25,2,1555,32.91,4,0,0,0,2025-01-13 02:10:00
TX-001310,2025-01-10 02:20:00,14.91,2,191,16.84,0,0,0,0,2025-01-13 02:20:00
TX-001311,2025-01-10 02:30:00,132.29,2,693,6.32,5,0,0,0,2025-01-13 02:30:00
TX-001312,2025-01-10 02:40:00,25.98,2,1707,0.7,1,0,0,0,2025-01-13 02:40:00
TX-001313,2025-01-10 02:50:00,85.14,2,30,7.33,0,0,0,0,2025-01-13 02:50:00
TX-001314,2025-01-10 03:00:00,101.7,3,105,4.42,2,1,1,0,2025-01-13 03:00:00
TX-001315,2025-01-10 03:10:00,411.52,3,918,42.33,2,0,0,0,2025-01-13 03:10:00
TX-001316,2025-01-10 03:20:00,43.67,3,1715,11.86,2,0,0,0,2025-01-13 03:20:00
TX-001317,2025-01-10 03:30:00,82.57,3,501,47.91,2,1,0,0,2025-01-13 03:30:00
TX-001318,2025-01-10 03:40:00,10.66,3,1391,117.37,0,1,0,0,2025-01-13 03:40:00
TX-001319,2025-01-10 03:50:00,202.24,3,1248,29.36,2,0,0,0,2025-01-13 03:50:00
TX-001320,2025-01-10 04:00:00,23.65,4,262,10.75,3,0,1,0,2025-01-13 04:00:00
TX-001321,2025-01-10 04:10:00,29.46,4,518,13.5,2,0,0,0,2025-01-13 04:10:00
TX-001322,2025-01-10 04:20:00,53.28,4,1123,51.19,2,1,0,0,2025-01-13 04:20:00
TX-001323,2025-01-10 04:30:00,9.78,4,867,2.68,5,0,1,1,2025-01-13 04:30:00
TX-001324,2025-01-10 04:40:00,70.22,4,427,5.48,1,0,1,0,2025-01-13 04:40:00
TX-001325,2025-01-10 04:50:00,158.26,4,361,34.92,0,0,0,0,2025-01-13 04:50:00
TX-001326,2025-01-10 05:00:00,75.36,5,1002,42.02,3,0,0,0,2025-01-13 05:00:00
TX-001327,2025-01-10 05:10:00,9.51,5,1490,82.09,3,0,1,0,2025-01-13 05:10:00
TX-001328,2025-01-10 05:20:00,47.65,5,743,78.0,1,0,1,0,2025-01-13 05:20:00
TX-001329,2025-01-10 05:30:00,123.5,5,1665,6.16,4,0,0,0,2025-01-13 05:30:00
TX-001330,2025-01-10 05:40:00,6.92,5,1200,19.59,2,0,0,0,2025-01-13 05:40:00
TX-001331,2025-01-10 05:50:00,16.74,5,726,1.97,0,0,0,0,2025-01-13 05:50:00
TX-001332,2025-01-10 06:00:00,143.19,6,1272,8.97,0,0,0,0,2025-01-13 06:00:00
TX-001333,2025-01-10 06:10:00,73.49,6,807,23.63,6,0,0,0,2025-01-13 06:10:00
TX-001334,2025-01-10 06:20:00,85.9,6,1362,23.3,0,1,0,0,2025-01-13 06:20:00
TX-001335,2025-01-10 06:30:00,422.19,6,1768,16.27,1,1,0,0,2025-01-13 06:30:00
TX-001336,2025-01-10 06:40:00,91.41,6,1418,24.45,0,1,0,0,2025-01-13 06:40:00
TX-001337,2025-01-10 06:50:00,112.58,6,255,25.32,4,0,0,0,2025-01-13 06:50:00
TX-001338,2025-01-10 07:00:00,1076.88,7,128,23.48,5,0,0,0,2025-01-13 07:00:00
TX-001339,2025-01-10 07:10:00,43.16,7,1455,97.64,5,0,0,0,2025-01-13 07:10:00
TX-001340,2025-01-10 07:20:00,22.7,7,1525,9.23,0,1,0,0,2025-01-13 07:20:00
TX-001341,2025-01-10 07:30:00,87.41,7,1021,24.56,2,0,0,0,2025-01-13 07:30:00
TX-001342,2025-01-10 07:40:00,88.49,7,440,28.0,0,0,0,0,2025-01-13 07:40:00
TX-001343,2025-01-10 07:50:00,30.59,7,1585,30.24,2,0,0,0,2025-01-13 07:50:00
TX-001344,2025-01-10 08:00:00,17.54,8,807,2.75,2,0,1,0,2025-01-13 08:00:00
TX-001345,2025-01-10 08:10:00,692.86,8,526,114.25,1,0,0,0,2025-01-13 08:10:00
TX-001346,2025-01-10 08:20:00,78.22,8,659,79.1,3,0,0,0,2025-01-13 08:20:00
TX-001347,2025-01-10 08:30:00,24.4,8,533,21.0,3,0,0,0,2025-01-13 08:30:00
TX-001348,2025-01-10 08:40:00,149.53,8,508,10.83,2,0,0,0,2025-01-13 08:40:00
TX-001349,2025-01-10 08:50:00,48.42,8,586,38.37,4,0,0,0,2025-01-13 08:50:00
TX-001350,2025-01-10 09:00:00,41.34,9,1213,72.45,2,0,0,0,2025-01-13 09:00:00
TX-001351,2025-01-10 09:10:00,101.34,9,29,161.49,4,0,0,0,2025-01-13 09:10:00
TX-001352,2025-01-10 09:20:00,13.18,9,653,1.72,0,0,0,0,2025-01-13 09:20:00
TX-001353,2025-01-10 09:30:00,80.47,9,305,5.96,1,0,0,0,2025-01-13 09:30:00
TX-001354,2025-01-10 09:40:00,447.76,9,1166,75.81,2,0,0,0,2025-01-13 09:40:00
TX-001355,2025-01-10 09:50:00,91.18,9,1790,69.27,0,0,1,0,2025-01-13 09:50:00
TX-001356,2025-01-10 10:00:00,36.1,10,1418,4.55,2,1,0,1,2025-01-13 10:00:00
TX-001357,2025-01-10 10:10:00,31.26,10,448,135.73,1,0,1,0,2025-01-13 10:10:00
TX-001358,2025-01-10 10:20:00,34.77,10,923,169.65,2,0,0,0,2025-01-13 10:20:00
TX-001359,2025-01-10 10:30:00,41.29,10,35,95.02,2,0,0,0,2025-01-13 10:30:00
TX-001360,2025-01-10 10:40:00,36.03,10,743,33.22,2,0,1,0,2025-01-13 10:40:00
TX-001361,2025-01-10 10:50:00,149.6,10,501,31.2,3,0,0,0,2025-01-13 10:50:00
TX-001362,2025-01-10 11:00:00,8.11,11,903,2.14,0,0,0,0,2025-01-13 11:00:00
TX-001363,2025-01-10 11:10:00,140.92,11,735,88.42,0,0,1,0,2025-01-13 11:10:00
TX-001364,2025-01-10 11:20:00,35.96,11,1228,75.37,1,0,0,0,2025-01-13 11:20:00
TX-001365,2025-01-10 11:30:00,82.65,11,986,15.52,3,0,0,0,2025-01-13 11:30:00
TX-001366,2025-01-10 11:40:00,15.8,11,1690,105.83,2,0,0,0,2025-01-13 11:40:00
TX-001367,2025-01-10 11:50:00,235.45,11,123,9.94,2,0,0,0,2025-01-13 11:50:00
TX-001368,2025-01-10 12:00:00,214.91,12,1700,8.65,3,0,0,0,2025-01-13 12:00:00
TX-001369,2025-01-10 12:10:00,156.89,12,1422,64.64,4,0,0,0,2025-01-13 12:10:00
TX-001370,2025-01-10 12:20:00,10.32,12,1283,45.99,3,0,1,0,2025-01-13 12:20:00
TX-001371,2025-01-10 12:30:00,135.92,12,1485,17.46,2,0,0,0,2025-01-13 12:30:00
TX-001372,2025-01-10 12:40:00,85.23,12,90,86.97,0,1,1,0,2025-01-13 12:40:00
TX-001373,2025-01-10 12:50:00,9.34,12,383,69.18,3,0,0,0,2025-01-13 12:50:00
TX-001374,2025-01-10 13:00:00,53.16,13,1,11.06,1,0,0,0,2025-01-13 13:00:00
TX-001375,2025-01-10 13:10:00,81.53,13,1437,71.59,1,0,1,0,2025-01-13 13:10:00
TX-001376,2025-01-10 13:20:00,100.65,13,638,39.42,4,1,0,0,2025-01-13 13:20:00
TX-001377,2025-01-10 13:30:00,66.35,13,650,23.13,5,0,1,0,2025-01-13 13:30:00
TX-001378,2025-01-10 13:40:00,75.22,13,1099,64.91,3,1,0,0,2025-01-13 13:40:00
TX-001379,2025-01-10 13:50:00,276.16,13,761,0.79,3,1,1,0,2025-01-13 13:50:00
TX-001380,2025-01-10 14:00:00,210.32,14,1147,8.37,1,0,1,0,2025-01-13 14:00:00
TX-001381,2025-01-10 14:10:00,2.33,14,1685,31.67,3,0,0,0,2025-01-13 14:10:00
TX-001382,2025-01-10 14:20:00,38.51,14,597,32.22,0,0,0,0,2025-01-13 14:20:00
TX-001383,2025-01-10 14:30:00,45.55,14,1605,32.65,1,0,0,0,2025-01-13 14:30:00
TX-001384,2025-01-10 14:40:00,7.95,14,958,16.81,3,1,1,0,2025-01-13 14:40:00
TX-001385,2025-01-10 14:50:00,60.56,14,675,27.78,1,0,0,0,2025-01-13 14:50:00
TX-001386,2025-01-10 15:00:00,215.65,15,1654,89.76,0,0,0,0,2025-01-13 15:00:00
TX-001387,2025-01-10 15:10:00,16.52,15,878,11.14,2,0,0,0,2025-01-13 15:10:00
TX-001388,2025-01-10 15:20:00,79.05,15,229,17.17,3,0,0,0,2025-01-13 15:20:00
TX-001389,2025-01-10 15:30:00,19.94,15,515,19.64,2,0,0,0,2025-01-13 15:30:00
TX-001390,2025-01-10 15:40:00,26.07,15,1521,41.05,4,0,0,0,2025-01-13 15:40:00
TX-001391,2025-01-10 15:50:00,277.31,15,927,17.63,1,0,0,0,2025-01-13 15:50:00
TX-001392,2025-01-10 16:00:00,30.06,16,1008,3.7,1,0,0,0,2025-01-13 16:00:00
TX-001393,2025-01-10 16:10:00,90.78,16,1227,6.12,1,0,1,0,2025-01-13 16:10:00
TX-001394,2025-01-10 16:20:00,6.97,16,350,14.95,2,0,0,0,2025-01-13 16:20:00
TX-001395,2025-01-10 16:30:00,423.5,16,166,20.97,1,0,0,0,2025-01-13 16:30:00
TX-001396,2025-01-10 16:40:00,105.94,16,792,177.9,2,0,1,0,2025-01-13 16:40:00
TX-001397,2025-01-10 16:50:00,44.67,16,1655,191.68,2,0,1,0,2025-01-13 16:50:00
TX-001398,2025-01-10 17:00:00,102.83,17,228,105.03,2,1,0,0,2025-01-13 17:00:00
TX-001399,2025-01-10 17:10:00,11.58,17,1293,94.01,3,0,0,0,2025-01-13 17:10:00
TX-001400,2025-01-10 17:20:00,200.49,17,1762,28.48,1,0,0,0,2025-01-13 17:20:00
TX-001401,2025-01-10 17:30:00,38.23,17,174,11.79,6,0,0,0,2025-01-13 17:30:00
TX-001402,2025-01-10 17:40:00,43.62,17,239,61.05,4,0,0,0,2025-01-13 17:40:00
TX-001403,2025-01-10 17:50:00,31.79,17,1564,121.11,1,1,0,0,2025-01-13 17:50:00
TX-001404,2025-01-10 18:00:00,28.83,18,195,36.6,2,0,0,0,2025-01-13 18:00:00
TX-001405,2025-01-10 18:10:00,117.23,18,1338,34.94,2,0,0,0,2025-01-13 18:10:00
TX-001406,2025-01-10 18:20:00,72.35,18,1435,15.12,1,0,0,0,2025-01-13 18:20:00
TX-001407,2025-01-10 18:30:00,111.82,18,563,22.0,1,0,0,0,2025-01-13 18:30:00
TX-001408,2025-01-10 18:40:00,54.07,18,524,43.65,3,0,0,0,2025-01-13 18:40:00
TX-001409,2025-01-10 18:50:00,96.02,18,938,6.99,2,0,0,0,2025-01-13 18:50:00
TX-001410,2025-01-10 19:00:00,34.44,19,911,97.52,2,0,0,0,2025-01-13 19:00:00
TX-001411,2025-01-10 19:10:00,634.42,19,1548,7.18,5,0,0,0,2025-01-13 19:10:00
TX-001412,2025-01-10 19:20:00,9.73,19,1066,74.06,2,0,0,0,2025-01-13 19:20:00
TX-001413,2025-01-10 19:30:00,218.55,19,1742,5.85,2,0,0,0,2025-01-13 19:30:00
TX-001414,2025-01-10 19:40:00,245.84,19,431,19.77,2,0,0,0,2025-01-13 19:40:00
TX-001415,2025-01-10 19:50:00,21.38,19,505,99.25,1,0,0,0,2025-01-13 19:50:00
TX-001416,2025-01-10 20:00:00,634.1,20,433,129.98,1,0,0,0,2025-01-13 20:00:00
TX-001417,2025-01-10 20:10:00,163.21,20,1171,106.18,1,0,0,0,2025-01-13 20:10:00
TX-001418,2025-01-10 20:20:00,158.9,20,60,14.33,3,1,0,0,2025-01-13 20:20:00
TX-001419,2025-01-10 20:30:00,56.31,20,1548,28.7,0,0,0,0,2025-01-13 20:30:00
TX-001420,2025-01-10 20:40:00,42.99,20,1389,73.33,4,0,0,0,2025-01-13 20:40:00
TX-001421,2025-01-10 20:50:00,43.36,20,1778,171.67,1,0,0,0,2025-01-13 20:50:00
TX-001422,2025-01-10 21:00:00,83.9,21,1725,4.29,1,0,0,0,2025-01-13 21:00:00
TX-001423,2025-01-10 21:10:00,255.01,21,127,0.32,3,0,0,0,2025-01-13 21:10:00
TX-001424,2025-01-10 21:20:00,66.65,21,1345,38.85,2,0,0,0,2025-01-13 21:20:00
TX-001425,2025-01-10 21:30:00,20.03,21,906,3.1,3,0,0,0,2025-01-13 21:30:00
TX-001426,2025-01-10 21:40:00,135.22,21,1323,58.32,1,0,1,0,2025-01-13 21:40:00
TX-001427,2025-01-10 21:50:00,150.4,21,1572,78.07,1,1,0,0,2025-01-13 21:50:00
TX-001428,2025-01-10 22:00:00,112.18,22,1049,28.66,2,0,1,0,2025-01-13 22:00:00
TX-001429,2025-01-10 22:10:00,123.97,22,5,22.77,2,0,0,0,2025-01-13 22:10:00
TX-001430,2025-01-10 22:20:00,40.53,22,1556,128.79,0,0,0,0,2025-01-13 22:20:00
TX-001431,2025-01-10 22:30:00,19.65,22,787,72.25,3,0,0,0,2025-01-13 22:30:00
TX-001432,2025-01-10 22:40:00,21.01,22,825,21.47,3,0,1,1,2025-01-13 22:40:00
TX-001433,2025-01-10 22:50:00,9.03,22,1051,59.75,0,0,0,1,2025-01-13 22:50:00
TX-001434,2025-01-10 23:00:00,70.86,23,1640,85.71,2,0,0,0,2025-01-13 23:00:00
TX-001435,2025-01-10 23:10:00,49.81,23,947,25.66,2,0,1,0,2025-01-13 23:10:00
TX-001436,2025-01-10 23:20:00,33.65,23,373,42.31,2,0,0,0,2025-01-13 23:20:00
TX-001437,2025-01-10 23:30:00,2.11,23,1318,83.97,0,1,0,0,2025-01-13 23:30:00
TX-001438,2025-01-10 23:40:00,13.85,23,1139,59.57,0,0,0,0,2025-01-13 23:40:00
TX-001439,2025-01-10 23:50:00,187.34,23,117,14.5,2,0,0,0,2025-01-13 23:50:00
TX-001440,2025-01-11 00:00:00,26.28,0,958,15.65,3,0,0,0,2025-01-14 00:00:00
TX-001441,2025-01-11 00:10:00,81.18,0,1413,57.2,2,1,0,0,2025-01-14 00:10:00
TX-001442,2025-01-11 00:20:00,11.83,0,1591,31.73,2,0,0,0,2025-01-14 00:20:00
TX-001443,2025-01-11 00:30:00,265.76,0,509,70.49,4,1,0,0,2025-01-14 00:30:00
TX-001444,2025-01-11 00:40:00,46.6,0,940,53.46,2,0,0,0,2025-01-14 00:40:00
TX-001445,2025-01-11 00:50:00,75.12,0,1483,63.72,3,0,0,0,2025-01-14 00:50:00
TX-001446,2025-01-11 01:00:00,705.11,1,1050,41.89,0,0,0,0,2025-01-14 01:00:00
TX-001447,2025-01-11 01:10:00,289.48,1,755,85.99,3,0,0,1,2025-01-14 01:10:00
TX-001448,2025-01-11 01:20:00,38.97,1,331,36.52,3,0,1,0,2025-01-14 01:20:00
TX-001449,2025-01-11 01:30:00,28.43,1,77,2.44,1,0,0,0,2025-01-14 01:30:00
TX-001450,2025-01-11 01:40:00,38.16,1,1242,19.62,2,0,0,0,2025-01-14 01:40:00
TX-001451,2025-01-11 01:50:00,95.67,1,1735,102.55,4,0,0,0,2025-01-14 01:50:00
TX-001452,2025-01-11 02:00:00,48.63,2,1081,8.71,0,0,0,0,2025-01-14 02:00:00
TX-001453,2025-01-11 02:10:00,35.35,2,1404,70.58,1,1,0,0,2025-01-14 02:10:00
TX-001454,2025-01-11 02:20:00,274.21,2,1218,25.43,4,0,1,0,2025-01-14 02:20:00
TX-001455,2025-01-11 02:30:00,48.15,2,626,10.38,1,0,0,0,2025-01-14 02:30:00
TX-001456,2025-01-11 02:40:00,685.09,2,941,6.98,1,0,1,0,2025-01-14 02:40:00
TX-001457,2025-01-11 02:50:00,60.33,2,486,83.2,1,0,0,0,2025-01-14 02:50:00
TX-001458,2025-01-11 03:00:00,389.11,3,401,79.86,2,1,0,0,2025-01-14 03:00:00
TX-001459,2025-01-11 03:10:00,80.89,3,1060,33.53,1,0,0,0,2025-01-14 03:10:00
TX-001460,2025-01-11 03:20:00,157.47,3,1162,38.69,0,0,0,0,2025-01-14 03:20:00
TX-001461,2025-01-11 03:30:00,24.6,3,1777,47.19,3,0,0,0,2025-01-14 03:30:00
TX-001462,2025-01-11 03:40:00,21.35,3,425,71.29,0,0,1,0,2025-01-14 03:40:00
TX-001463,2025-01-11 03:50:00,90.53,3,522,25.13,3,0,0,0,2025-01-14 03:50:00
TX-001464,2025-01-11 04:00:00,161.97,4,299,49.91,2,0,0,0,2025-01-14 04:00:00
TX-001465,2025-01-11 04:10:00,57.07,4,1706,6.0,3,0,0,0,2025-01-14 04:10:00
TX-001466,2025-01-11 04:20:00,13.26,4,1406,32.42,2,0,0,0,2025-01-14 04:20:00
TX-001467,2025-01-11 04:30:00,12.23,4,594,15.44,2,0,0,0,2025-01-14 04:30:00
TX-001468,2025-01-11 04:40:00,11.36,4,1744,11.67,1,0,0,0,2025-01-14 04:40:00
TX-001469,2025-01-11 04:50:00,7.81,4,1267,59.19,2,0,0,0,2025-01-14 04:50:00
TX-001470,2025-01-11 05:00:00,61.59,5,857,13.08,3,0,0,0,2025-01-14 05:00:00
TX-001471,2025-01-11 05:10:00,188.21,5,687,29.31,2,1,0,0,2025-01-14 05:10:00
TX-001472,2025-01-11 05:20:00,53.8,5,1024,62.54,1,0,0,0,2025-01-14 05:20:00
TX-001473,2025-01-11 05:30:00,4.54,5,153,20.36,2,0,0,0,2025-01-14 05:30:00
TX-001474,2025-01-11 05:40:00,44.26,5,309,10.01,0,1,0,0,2025-01-14 05:40:00
TX-001475,2025-01-11 05:50:00,45.65,5,1685,4.64,2,0,0,0,2025-01-14 05:50:00
TX-001476,2025-01-11 06:00:00,547.63,6,371,81.0,3,0,0,0,2025-01-14 06:00:00
TX-001477,2025-01-11 06:10:00,10.99,6,295,59.85,4,0,1,0,2025-01-14 06:10:00
TX-001478,2025-01-11 06:20:00,35.53,6,1547,36.43,2,0,0,0,2025-01-14 06:20:00
TX-001479,2025-01-11 06:30:00,356.54,6,1700,4.36,5,0,0,0,2025-01-14 06:30:00
TX-001480,2025-01-11 06:40:00,89.57,6,1472,8.44,2,0,1,0,2025-01-14 06:40:00
TX-001481,2025-01-11 06:50:00,101.46,6,185,4.36,0,0,0,0,2025-01-14 06:50:00
TX-001482,2025-01-11 07:00:00,61.93,7,1510,2.1,2,0,0,0,2025-01-14 07:00:00
TX-001483,2025-01-11 07:10:00,78.49,7,480,72.25,4,0,0,0,2025-01-14 07:10:00
TX-001484,2025-01-11 07:20:00,128.43,7,19,9.88,3,0,0,0,2025-01-14 07:20:00
TX-001485,2025-01-11 07:30:00,22.41,7,1657,4.8,1,0,0,0,2025-01-14 07:30:00
TX-001486,2025-01-11 07:40:00,143.43,7,481,78.38,1,0,0,0,2025-01-14 07:40:00
TX-001487,2025-01-11 07:50:00,12.06,7,1185,13.98,3,0,0,0,2025-01-14 07:50:00
TX-001488,2025-01-11 08:00:00,78.35,8,132,103.79,3,0,0,0,2025-01-14 08:00:00
TX-001489,2025-01-11 08:10:00,66.46,8,341,53.11,1,0,0,0,2025-01-14 08:10:00
TX-001490,2025-01-11 08:20:00,27.72,8,1585,14.93,1,0,0,0,2025-01-14 08:20:00
TX-001491,2025-01-11 08:30:00,53.25,8,1065,1.97,0,0,0,0,2025-01-14 08:30:00
TX-001492,2025-01-11 08:40:00,27.53,8,1797,9.83,4,0,0,0,2025-01-14 08:40:00
TX-001493,2025-01-11 08:50:00,16.8,8,324,17.32,4,0,0,0,2025-01-14 08:50:00
TX-001494,2025-01-11 09:00:00,37.0,9,1603,11.8,2,0,0,0,2025-01-14 09:00:00
TX-001495,2025-01-11 09:10:00,16.21,9,1573,4.37,2,0,0,0,2025-01-14 09:10:00
TX-001496,2025-01-11 09:20:00,77.87,9,1663,14.21,1,0,0,0,2025-01-14 09:20:00
TX-001497,2025-01-11 09:30:00,15.41,9,89,12.62,2,0,0,0,2025-01-14 09:30:00
TX-001498,2025-01-11 09:40:00,119.48,9,188,14.03,3,1,0,0,2025-01-14 09:40:00
TX-001499,2025-01-11 09:50:00,14.89,9,953,39.34,4,0,0,0,2025-01-14 09:50:00
TX-001500,2025-01-11 10:00:00,29.29,10,208,111.51,1,0,0,0,2025-01-14 10:00:00
TX-001501,2025-01-11 10:10:00,27.47,10,114,22.49,2,1,0,0,2025-01-14 10:10:00
TX-001502,2025-01-11 10:20:00,234.55,10,1460,3.41,3,0,0,0,2025-01-14 10:20:00
TX-001503,2025-01-11 10:30:00,78.52,10,1251,64.79,2,0,1,0,2025-01-14 10:30:00
TX-001504,2025-01-11 10:40:00,43.25,10,1519,38.51,2,1,0,0,2025-01-14 10:40:00
TX-001505,2025-01-11 10:50:00,94.5,10,1684,7.64,3,0,0,0,2025-01-14 10:50:00
TX-001506,2025-01-11 11:00:00,5.38,11,256,42.48,2,0,0,0,2025-01-14 11:00:00
TX-001507,2025-01-11 11:10:00,52.07,11,1495,48.67,2,0,1,0,2025-01-14 11:10:00
TX-001508,2025-01-11 11:20:00,491.4,11,78,6.02,2,0,0,0,2025-01-14 11:20:00
TX-001509,2025-01-11 11:30:00,63.15,11,669,16.23,1,0,0,0,2025-01-14 11:30:00
TX-001510,2025-01-11 11:40:00,58.83,11,535,27.68,4,1,1,0,2025-01-14 11:40:00
TX-001511,2025-01-11 11:50:00,99.78,11,426,18.59,3,0,0,0,2025-01-14 11:50:00
TX-001512,2025-01-11 12:00:00,146.23,12,1293,4.92,2,0,0,0,2025-01-14 12:00:00
TX-001513,2025-01-11 12:10:00,6.07,12,217,85.5,2,0,0,0,2025-01-14 12:10:00
TX-001514,2025-01-11 12:20:00,8.58,12,1456,7.0,0,0,1,0,2025-01-14 12:20:00
TX-001515,2025-01-11 12:30:00,68.81,12,1572,3.44,1,0,0,0,2025-01-14 12:30:00
TX-001516,2025-01-11 12:40:00,24.87,12,1198,33.05,4,0,1,0,2025-01-14 12:40:00
TX-001517,2025-01-11 12:50:00,231.19,12,145,139.66,1,0,0,0,2025-01-14 12:50:00
TX-001518,2025-01-11 13:00:00,38.6,13,1073,54.76,1,0,0,0,2025-01-14 13:00:00
TX-001519,2025-01-11 13:10:00,6.5,13,1131,23.36,3,0,0,0,2025-01-14 13:10:00
TX-001520,2025-01-11 13:20:00,13.53,13,671,23.21,1,0,0,0,2025-01-14 13:20:00
TX-001521,2025-01-11 13:30:00,2.65,13,661,39.2,2,0,0,0,2025-01-14 13:30:00
TX-001522,2025-01-11 13:40:00,42.2,13,844,79.74,2,0,0,0,2025-01-14 13:40:00
TX-001523,2025-01-11 13:50:00,44.38,13,1792,129.85,2,0,0,0,2025-01-14 13:50:00
TX-001524,2025-01-11 14:00:00,34.23,14,6,5.2,0,0,0,0,2025-01-14 14:00:00
TX-001525,2025-01-11 14:10:00,178.89,14,915,7.07,2,0,0,0,2025-01-14 14:10:00
TX-001526,2025-01-11 14:20:00,204.05,14,570,23.98,3,0,0,0,2025-01-14 14:20:00
TX-001527,2025-01-11 14:30:00,45.27,14,987,33.79,1,1,0,0,2025-01-14 14:30:00
TX-001528,2025-01-11 14:40:00,5.22,14,7,58.59,3,0,1,0,2025-01-14 14:40:00
TX-001529,2025-01-11 14:50:00,107.66,14,1652,27.57,2,0,0,0,2025-01-14 14:50:00
TX-001530,2025-01-11 15:00:00,100.57,15,822,42.87,3,0,1,0,2025-01-14 15:00:00
TX-001531,2025-01-11 15:10:00,76.73,15,1745,81.25,3,0,0,0,2025-01-14 15:10:00
TX-001532,2025-01-11 15:20:00,160.71,15,277,72.64,2,1,0,0,2025-01-14 15:20:00
TX-001533,2025-01-11 15:30:00,15.16,15,1050,60.91,1,0,1,0,2025-01-14 15:30:00
TX-001534,2025-01-11 15:40:00,497.52,15,1223,3.53,2,0,0,0,2025-01-14 15:40:00
TX-001535,2025-01-11 15:50:00,19.0,15,1433,79.61,7,0,0,0,2025-01-14 15:50:00
TX-001536,2025-01-11 16:00:00,124.48,16,16,23.88,3,1,0,0,2025-01-14 16:00:00
TX-001537,2025-01-11 16:10:00,8.53,16,1142,3.6,4,1,1,0,2025-01-14 16:10:00
TX-001538,2025-01-11 16:20:00,19.62,16,266,6.39,2,0,0,0,2025-01-14 16:20:00
TX-001539,2025-01-11 16:30:00,289.46,16,769,15.61,3,0,0,0,2025-01-14 16:30:00
TX-001540,2025-01-11 16:40:00,40.98,16,96,18.3,3,0,0,0,2025-01-14 16:40:00
TX-001541,2025-01-11 16:50:00,137.54,16,103,37.56,2,0,1,0,2025-01-14 16:50:00
TX-001542,2025-01-11 17:00:00,70.86,17,1379,206.97,1,0,0,0,2025-01-14 17:00:00
TX-001543,2025-01-11 17:10:00,48.64,17,1291,10.29,1,0,0,0,2025-01-14 17:10:00
TX-001544,2025-01-11 17:20:00,244.75,17,1611,52.62,1,0,0,0,2025-01-14 17:20:00
TX-001545,2025-01-11 17:30:00,42.08,17,1260,56.95,0,0,0,0,2025-01-14 17:30:00
TX-001546,2025-01-11 17:40:00,7.7,17,1072,92.56,1,0,0,0,2025-01-14 17:40:00
TX-001547,2025-01-11 17:50:00,22.57,17,210,19.96,2,1,0,0,2025-01-14 17:50:00
TX-001548,2025-01-11 18:00:00,100.11,18,1377,41.01,2,0,0,0,2025-01-14 18:00:00
TX-001549,2025-01-11 18:10:00,84.36,18,414,10.44,2,0,0,0,2025-01-14 18:10:00
TX-001550,2025-01-11 18:20:00,9.74,18,191,15.24,0,0,0,0,2025-01-14 18:20:00
TX-001551,2025-01-11 18:30:00,24.61,18,1317,11.39,2,0,0,0,2025-01-14 18:30:00
TX-001552,2025-01-11 18:40:00,28.79,18,1058,53.59,1,0,0,0,2025-01-14 18:40:00
TX-001553,2025-01-11 18:50:00,36.52,18,269,93.85,3,1,0,0,2025-01-14 18:50:00
TX-001554,2025-01-11 19:00:00,12.02,19,988,33.45,5,0,0,0,2025-01-14 19:00:00
TX-001555,2025-01-11 19:10:00,27.35,19,1243,7.34,2,0,0,0,2025-01-14 19:10:00
TX-001556,2025-01-11 19:20:00,24.5,19,897,61.49,0,0,0,0,2025-01-14 19:20:00
TX-001557,2025-01-11 19:30:00,127.57,19,1292,58.97,4,1,0,0,2025-01-14 19:30:00
TX-001558,2025-01-11 19:40:00,132.96,19,908,4.11,2,0,0,0,2025-01-14 19:40:00
TX-001559,2025-01-11 19:50:00,46.51,19,636,111.2,3,0,0,0,2025-01-14 19:50:00
TX-001560,2025-01-11 20:00:00,35.47,20,402,23.83,2,0,1,0,2025-01-14 20:00:00
TX-001561,2025-01-11 20:10:00,63.68,20,464,1.33,1,0,0,0,2025-01-14 20:10:00
TX-001562,2025-01-11 20:20:00,22.24,20,1456,59.85,1,0,0,0,2025-01-14 20:20:00
TX-001563,2025-01-11 20:30:00,15.46,20,671,8.3,2,1,0,0,2025-01-14 20:30:00
TX-001564,2025-01-11 20:40:00,19.41,20,1289,113.2,0,0,0,0,2025-01-14 20:40:00
TX-001565,2025-01-11 20:50:00,27.16,20,646,7.63,2,0,0,0,2025-01-14 20:50:00
TX-001566,2025-01-11 21:00:00,15.18,21,945,35.32,1,0,0,0,2025-01-14 21:00:00
TX-001567,2025-01-11 21:10:00,65.25,21,1092,62.56,1,0,1,0,2025-01-14 21:10:00
TX-001568,2025-01-11 21:20:00,121.84,21,859,3.07,2,0,0,0,2025-01-14 21:20:00
TX-001569,2025-01-11 21:30:00,9.53,21,1338,110.6,1,0,1,0,2025-01-14 21:30:00
TX-001570,2025-01-11 21:40:00,56.13,21,1663,72.0,2,0,0,0,2025-01-14 21:40:00
TX-001571,2025-01-11 21:50:00,42.87,21,1551,2.53,1,0,0,0,2025-01-14 21:50:00
TX-001572,2025-01-11 22:00:00,79.49,22,1658,117.29,3,1,0,1,2025-01-14 22:00:00
TX-001573,2025-01-11 22:10:00,53.83,22,53,13.16,2,0,0,0,2025-01-14 22:10:00
TX-001574,2025-01-11 22:20:00,11.03,22,1366,73.6,1,1,0,0,2025-01-14 22:20:00
TX-001575,2025-01-11 22:30:00,13.62,22,1307,107.07,1,0,0,0,2025-01-14 22:30:00
TX-001576,2025-01-11 22:40:00,56.39,22,742,36.55,3,0,0,0,2025-01-14 22:40:00
TX-001577,2025-01-11 22:50:00,169.3,22,565,2.43,1,0,1,0,2025-01-14 22:50:00
TX-001578,2025-01-11 23:00:00,4.78,23,95,88.84,1,0,0,0,2025-01-14 23:00:00
TX-001579,2025-01-11 23:10:00,79.86,23,1509,164.22,5,0,1,1,2025-01-14 23:10:00
TX-001580,2025-01-11 23:20:00,202.06,23,1512,21.87,1,0,0,0,2025-01-14 23:20:00
TX-001581,2025-01-11 23:30:00,46.14,23,136,18.83,1,0,1,0,2025-01-14 23:30:00
TX-001582,2025-01-11 23:40:00,100.01,23,1047,7.97,2,0,0,0,2025-01-14 23:40:00
TX-001583,2025-01-11 23:50:00,25.19,23,992,63.45,1,0,0,0,2025-01-14 23:50:00
TX-001584,2025-01-12 00:00:00,47.88,0,310,37.43,2,0,0,0,2025-01-15 00:00:00
TX-001585,2025-01-12 00:10:00,9.18,0,987,5.34,7,0,1,0,2025-01-15 00:10:00
TX-001586,2025-01-12 00:20:00,4.14,0,1461,11.46,1,0,0,0,2025-01-15 00:20:00
TX-001587,2025-01-12 00:30:00,154.01,0,587,14.51,1,0,0,0,2025-01-15 00:30:00
TX-001588,2025-01-12 00:40:00,18.48,0,1306,0.12,2,0,1,0,2025-01-15 00:40:00
TX-001589,2025-01-12 00:50:00,33.08,0,1746,31.39,2,0,0,0,2025-01-15 00:50:00
TX-001590,2025-01-12 01:00:00,11.88,1,818,4.17,2,0,0,0,2025-01-15 01:00:00
TX-001591,2025-01-12 01:10:00,11.58,1,192,42.6,3,0,0,0,2025-01-15 01:10:00
TX-001592,2025-01-12 01:20:00,45.1,1,535,16.4,1,0,0,0,2025-01-15 01:20:00
TX-001593,2025-01-12 01:30:00,24.47,1,245,10.63,1,0,0,0,2025-01-15 01:30:00
TX-001594,2025-01-12 01:40:00,82.75,1,634,26.04,4,1,0,0,2025-01-15 01:40:00
TX-001595,2025-01-12 01:50:00,89.82,1,1159,2.38,1,0,0,0,2025-01-15 01:50:00
TX-001596,2025-01-12 02:00:00,77.71,2,364,9.87,2,0,0,0,2025-01-15 02:00:00
TX-001597,2025-01-12 02:10:00,70.98,2,925,5.82,2,0,0,0,2025-01-15 02:10:00
TX-001598,2025-01-12 02:20:00,309.68,2,1796,83.29,1,0,0,0,2025-01-15 02:20:00
TX-001599,2025-01-12 02:30:00,16.87,2,476,75.51,4,0,0,0,2025-01-15 02:30:00
TX-001600,2025-01-12 02:40:00,51.4,2,1583,17.08,2,1,1,0,2025-01-15 02:40:00
TX-001601,2025-01-12 02:50:00,189.8,2,547,2.72,3,1,0,0,2025-01-15 02:50:00
TX-001602,2025-01-12 03:00:00,219.42,3,1105,51.59,1,0,0,0,2025-01-15 03:00:00
TX-001603,2025-01-12 03:10:00,11.43,3,282,24.07,1,1,0,0,2025-01-15 03:10:00
TX-001604,2025-01-12 03:20:00,38.72,3,482,14.49,0,0,0,0,2025-01-15 03:20:00
TX-001605,2025-01-12 03:30:00,243.21,3,1561,8.11,3,0,0,0,2025-01-15 03:30:00
TX-001606,2025-01-12 03:40:00,95.48,3,1061,12.46,0,0,0,0,2025-01-15 03:40:00
TX-001607,2025-01-12 03:50:00,67.68,3,1025,111.61,2,0,1,0,2025-01-15 03:50:00
TX-001608,2025-01-12 04:00:00,42.97,4,919,38.71,1,0,0,0,2025-01-15 04:00:00
TX-001609,2025-01-12 04:10:00,35.8,4,440,29.22,8,1,0,0,2025-01-15 04:10:00
TX-001610,2025-01-12 04:20:00,74.97,4,1672,33.7,4,0,0,0,2025-01-15 04:20:00
TX-001611,2025-01-12 04:30:00,41.36,4,708,3.15,1,0,0,0,2025-01-15 04:30:00
TX-001612,2025-01-12 04:40:00,52.1,4,20,77.39,2,0,0,0,2025-01-15 04:40:00
TX-001613,2025-01-12 04:50:00,59.53,4,1632,22.08,1,0,0,0,2025-01-15 04:50:00
TX-001614,2025-01-12 05:00:00,25.9,5,83,64.88,2,0,0,0,2025-01-15 05:00:00
TX-001615,2025-01-12 05:10:00,98.04,5,1596,19.03,1,1,1,0,2025-01-15 05:10:00
TX-001616,2025-01-12 05:20:00,1347.05,5,478,25.81,2,0,0,0,2025-01-15 05:20:00
TX-001617,2025-01-12 05:30:00,7.73,5,124,26.05,2,0,0,0,2025-01-15 05:30:00
TX-001618,2025-01-12 05:40:00,77.98,5,396,1.05,1,1,0,0,2025-01-15 05:40:00
TX-001619,2025-01-12 05:50:00,23.66,5,1177,16.2,1,0,0,0,2025-01-15 05:50:00
TX-001620,2025-01-12 06:00:00,103.04,6,982,3.17,3,0,0,0,2025-01-15 06:00:00
TX-001621,2025-01-12 06:10:00,57.47,6,275,143.47,4,0,0,0,2025-01-15 06:10:00
TX-001622,2025-01-12 06:20:00,126.22,6,540,23.44,1,0,0,0,2025-01-15 06:20:00
TX-001623,2025-01-12 06:30:00,198.95,6,379,57.25,1,0,0,0,2025-01-15 06:30:00
TX-001624,2025-01-12 06:40:00,67.47,6,1175,49.61,1,1,0,0,2025-01-15 06:40:00
TX-001625,2025-01-12 06:50:00,189.66,6,1555,28.53,3,0,0,0,2025-01-15 06:50:00
TX-001626,2025-01-12 07:00:00,4.14,7,459,63.5,1,0,0,0,2025-01-15 07:00:00
TX-001627,2025-01-12 07:10:00,314.03,7,1611,69.24,1,0,0,0,2025-01-15 07:10:00
TX-001628,2025-01-12 07:20:00,82.48,7,734,40.18,1,0,0,0,2025-01-15 07:20:00
TX-001629,2025-01-12 07:30:00,178.69,7,148,5.98,1,0,0,0,2025-01-15 07:30:00
TX-001630,2025-01-12 07:40:00,14.27,7,580,20.71,3,0,0,0,2025-01-15 07:40:00
TX-001631,2025-01-12 07:50:00,21.89,7,1573,13.56,0,0,1,0,2025-01-15 07:50:00
TX-001632,2025-01-12 08:00:00,64.11,8,1455,132.6,3,0,1,0,2025-01-15 08:00:00
TX-001633,2025-01-12 08:10:00,53.58,8,1311,5.73,2,0,0,0,2025-01-15 08:10:00
TX-001634,2025-01-12 08:20:00,74.54,8,717,41.11,3,0,0,0,2025-01-15 08:20:00
TX-001635,2025-01-12 08:30:00,180.0,8,1396,67.65,2,0,0,0,2025-01-15 08:30:00
TX-001636,2025-01-12 08:40:00,7.83,8,1278,14.57,1,0,0,0,2025-01-15 08:40:00
TX-001637,2025-01-12 08:50:00,159.37,8,1425,1.38,2,0,0,0,2025-01-15 08:50:00
TX-001638,2025-01-12 09:00:00,55.1,9,1003,14.41,3,0,0,0,2025-01-15 09:00:00
TX-001639,2025-01-12 09:10:00,43.63,9,913,21.79,2,0,1,0,2025-01-15 09:10:00
TX-001640,2025-01-12 09:20:00,10.82,9,1740,9.4,2,0,0,0,2025-01-15 09:20:00
TX-001641,2025-01-12 09:30:00,94.95,9,1704,23.04,3,0,0,0,2025-01-15 09:30:00
TX-001642,2025-01-12 09:40:00,3.84,9,965,45.38,0,0,0,0,2025-01-15 09:40:00
TX-001643,2025-01-12 09:50:00,111.41,9,360,64.74,3,1,0,0,2025-01-15 09:50:00
TX-001644,2025-01-12 10:00:00,10.58,10,736,2.03,1,0,0,0,2025-01-15 10:00:00
TX-001645,2025-01-12 10:10:00,57.9,10,908,44.16,1,0,0,0,2025-01-15 10:10:00
TX-001646,2025-01-12 10:20:00,47.89,10,1218,28.18,2,0,0,0,2025-01-15 10:20:00
TX-001647,2025-01-12 10:30:00,197.65,10,573,35.52,5,0,0,0,2025-01-15 10:30:00
TX-001648,2025-01-12 10:40:00,44.86,10,81,17.93,1,0,1,0,2025-01-15 10:40:00
TX-001649,2025-01-12 10:50:00,25.44,10,1480,132.89,1,0,0,0,2025-01-15 10:50:00
TX-001650,2025-01-12 11:00:00,31.27,11,1708,3.0,4,0,0,0,2025-01-15 11:00:00
TX-001651,2025-01-12 11:10:00,221.44,11,148,10.69,1,0,0,0,2025-01-15 11:10:00
TX-001652,2025-01-12 11:20:00,98.49,11,573,16.0,2,0,0,0,2025-01-15 11:20:00
TX-001653,2025-01-12 11:30:00,35.72,11,780,31.65,4,0,0,0,2025-01-15 11:30:00
TX-001654,2025-01-12 11:40:00,42.09,11,1368,128.43,4,0,0,0,2025-01-15 11:40:00
TX-001655,2025-01-12 11:50:00,9.74,11,1392,9.47,2,0,0,0,2025-01-15 11:50:00
TX-001656,2025-01-12 12:00:00,83.71,12,617,24.68,1,0,0,0,2025-01-15 12:00:00
TX-001657,2025-01-12 12:10:00,7.88,12,562,53.09,1,0,0,0,2025-01-15 12:10:00
TX-001658,2025-01-12 12:20:00,124.83,12,729,3.47,3,0,0,0,2025-01-15 12:20:00
TX-001659,2025-01-12 12:30:00,62.9,12,432,29.46,6,0,0,0,2025-01-15 12:30:00
TX-001660,2025-01-12 12:40:00,754.19,12,785,72.54,1,0,0,0,2025-01-15 12:40:00
TX-001661,2025-01-12 12:50:00,16.28,12,472,66.89,2,1,0,0,2025-01-15 12:50:00
TX-001662,2025-01-12 13:00:00,48.77,13,108,22.4,2,0,0,0,2025-01-15 13:00:00
TX-001663,2025-01-12 13:10:00,394.7,13,1284,75.14,1,0,0,0,2025-01-15 13:10:00
TX-001664,2025-01-12 13:20:00,202.46,13,1416,6.96,1,0,0,0,2025-01-15 13:20:00
TX-001665,2025-01-12 13:30:00,25.39,13,516,0.59,3,0,0,0,2025-01-15 13:30:00
TX-001666,2025-01-12 13:40:00,69.85,13,721,19.13,1,0,0,0,2025-01-15 13:40:00
TX-001667,2025-01-12 13:50:00,54.72,13,724,3.82,3,0,0,0,2025-01-15 13:50:00
TX-001668,2025-01-12 14:00:00,74.45,14,39,22.88,3,0,0,0,2025-01-15 14:00:00
TX-001669,2025-01-12 14:10:00,25.32,14,982,13.59,2,0,0,0,2025-01-15 14:10:00
TX-001670,2025-01-12 14:20:00,49.49,14,825,132.55,4,0,0,0,2025-01-15 14:20:00
TX-001671,2025-01-12 14:30:00,9.41,14,1693,6.82,2,0,1,0,2025-01-15 14:30:00
TX-001672,2025-01-12 14:40:00,63.35,14,669,20.06,3,0,0,0,2025-01-15 14:40:00
TX-001673,2025-01-12 14:50:00,89.57,14,1429,45.05,2,0,0,0,2025-01-15 14:50:00
TX-001674,2025-01-12 15:00:00,42.51,15,703,17.11,1,0,0,0,2025-01-15 15:00:00
TX-001675,2025-01-12 15:10:00,9.24,15,333,90.69,4,0,0,0,2025-01-15 15:10:00
TX-001676,2025-01-12 15:20:00,161.97,15,627,95.01,3,1,0,0,2025-01-15 15:20:00
TX-001677,2025-01-12 15:30:00,81.53,15,1589,23.51,3,0,0,0,2025-01-15 15:30:00
TX-001678,2025-01-12 15:40:00,24.57,15,461,6.21,1,0,0,0,2025-01-15 15:40:00
TX-001679,2025-01-12 15:50:00,40.1,15,1520,98.95,0,0,0,0,2025-01-15 15:50:00
TX-001680,2025-01-12 16:00:00,10.48,16,1197,21.61,2,0,0,0,2025-01-15 16:00:00
TX-001681,2025-01-12 16:10:00,17.67,16,1341,40.67,3,0,0,0,2025-01-15 16:10:00
TX-001682,2025-01-12 16:20:00,30.22,16,1354,10.55,1,0,0,0,2025-01-15 16:20:00
TX-001683,2025-01-12 16:30:00,210.87,16,930,117.42,3,0,0,0,2025-01-15 16:30:00
TX-001684,2025-01-12 16:40:00,27.02,16,1083,32.89,3,0,0,0,2025-01-15 16:40:00
TX-001685,2025-01-12 16:50:00,110.41,16,125,259.48,1,0,0,0,2025-01-15 16:50:00
TX-001686,2025-01-12 17:00:00,30.2,17,1258,4.8,2,1,0,0,2025-01-15 17:00:00
TX-001687,2025-01-12 17:10:00,71.72,17,1280,16.98,1,0,0,0,2025-01-15 17:10:00
TX-001688,2025-01-12 17:20:00,46.73,17,186,68.45,1,0,0,0,2025-01-15 17:20:00
TX-001689,2025-01-12 17:30:00,142.65,17,933,4.23,3,0,0,0,2025-01-15 17:30:00
TX-001690,2025-01-12 17:40:00,30.32,17,916,0.94,2,0,0,0,2025-01-15 17:40:00
TX-001691,2025-01-12 17:50:00,9.68,17,557,40.64,2,0,1,0,2025-01-15 17:50:00
TX-001692,2025-01-12 18:00:00,11.94,18,119,3.86,3,1,0,0,2025-01-15 18:00:00
TX-001693,2025-01-12 18:10:00,30.41,18,17,64.8,1,1,0,0,2025-01-15 18:10:00
TX-001694,2025-01-12 18:20:00,13.82,18,375,99.42,2,0,1,0,2025-01-15 18:20:00
TX-001695,2025-01-12 18:30:00,85.73,18,415,29.51,3,0,0,0,2025-01-15 18:30:00
TX-001696,2025-01-12 18:40:00,32.71,18,381,5.02,0,0,0,0,2025-01-15 18:40:00
TX-001697,2025-01-12 18:50:00,744.02,18,1090,25.39,6,0,0,0,2025-01-15 18:50:00
TX-001698,2025-01-12 19:00:00,8.07,19,758,40.6,2,0,0,0,2025-01-15 19:00:00
TX-001699,2025-01-12 19:10:00,68.31,19,202,124.14,1,0,1,0,2025-01-15 19:10:00
TX-001700,2025-01-12 19:20:00,15.79,19,151,5.91,5,0,0,0,2025-01-15 19:20:00
TX-001701,2025-01-12 19:30:00,31.73,19,1179,0.11,2,0,0,0,2025-01-15 19:30:00
TX-001702,2025-01-12 19:40:00,63.79,19,1682,7.36,0,0,0,0,2025-01-15 19:40:00
TX-001703,2025-01-12 19:50:00,4.23,19,1475,20.87,3,0,0,0,2025-01-15 19:50:00
TX-001704,2025-01-12 20:00:00,70.85,20,1363,1.98,1,0,0,0,2025-01-15 20:00:00
TX-001705,2025-01-12 20:10:00,442.84,20,572,13.07,3,0,0,0,2025-01-15 20:10:00
TX-001706,2025-01-12 20:20:00,33.16,20,1267,15.21,3,0,0,0,2025-01-15 20:20:00
TX-001707,2025-01-12 20:30:00,72.66,20,147,5.02,2,1,0,0,2025-01-15 20:30:00
TX-001708,2025-01-12 20:40:00,168.58,20,308,20.26,0,0,0,0,2025-01-15 20:40:00
TX-001709,2025-01-12 20:50:00,45.59,20,251,13.14,3,0,0,0,2025-01-15 20:50:00
TX-001710,2025-01-12 21:00:00,28.82,21,330,8.29,1,0,0,0,2025-01-15 21:00:00
TX-001711,2025-01-12 21:10:00,4.47,21,644,21.61,4,0,0,0,2025-01-15 21:10:00
TX-001712,2025-01-12 21:20:00,110.51,21,78,48.82,2,0,0,0,2025-01-15 21:20:00
TX-001713,2025-01-12 21:30:00,48.21,21,1464,40.46,2,0,1,0,2025-01-15 21:30:00
TX-001714,2025-01-12 21:40:00,17.92,21,1287,36.51,8,0,0,0,2025-01-15 21:40:00
TX-001715,2025-01-12 21:50:00,62.76,21,1141,109.5,2,1,0,0,2025-01-15 21:50:00
TX-001716,2025-01-12 22:00:00,28.73,22,315,3.26,1,0,0,0,2025-01-15 22:00:00
TX-001717,2025-01-12 22:10:00,30.53,22,1562,18.93,1,0,0,0,2025-01-15 22:10:00
TX-001718,2025-01-12 22:20:00,106.37,22,11,5.21,3,0,0,0,2025-01-15 22:20:00
TX-001719,2025-01-12 22:30:00,12.53,22,1789,87.46,0,0,0,0,2025-01-15 22:30:00
TX-001720,2025-01-12 22:40:00,172.78,22,1308,65.41,1,0,0,0,2025-01-15 22:40:00
TX-001721,2025-01-12 22:50:00,11.73,22,364,81.68,2,0,0,0,2025-01-15 22:50:00
TX-001722,2025-01-12 23:00:00,26.34,23,354,23.73,4,0,1,0,2025-01-15 23:00:00
TX-001723,2025-01-12 23:10:00,452.71,23,1250,18.6,0,0,0,0,2025-01-15 23:10:00
TX-001724,2025-01-12 23:20:00,188.69,23,1454,17.37,2,0,1,0,2025-01-15 23:20:00
TX-001725,2025-01-12 23:30:00,60.79,23,839,36.56,0,0,0,0,2025-01-15 23:30:00
TX-001726,2025-01-12 23:40:00,19.4,23,108,38.47,7,0,0,0,2025-01-15 23:40:00
TX-001727,2025-01-12 23:50:00,30.5,23,888,51.63,0,0,0,0,2025-01-15 23:50:00
TX-001728,2025-01-13 00:00:00,59.18,0,862,14.73,1,0,0,0,2025-01-16 00:00:00
TX-001729,2025-01-13 00:10:00,56.9,0,586,76.0,2,0,0,0,2025-01-16 00:10:00
TX-001730,2025-01-13 00:20:00,49.4,0,1625,85.06,2,0,0,0,2025-01-16 00:20:00
TX-001731,2025-01-13 00:30:00,52.78,0,616,10.81,4,0,0,0,2025-01-16 00:30:00
TX-001732,2025-01-13 00:40:00,43.13,0,438,29.09,2,0,0,0,2025-01-16 00:40:00
TX-001733,2025-01-13 00:50:00,11.18,0,1217,44.75,1,0,0,0,2025-01-16 00:50:00
TX-001734,2025-01-13 01:00:00,30.93,1,1112,29.88,4,0,1,0,2025-01-16 01:00:00
TX-001735,2025-01-13 01:10:00,149.32,1,1117,188.17,0,0,0,0,2025-01-16 01:10:00
TX-001736,2025-01-13 01:20:00,12.12,1,907,78.84,2,0,1,0,2025-01-16 01:20:00
TX-001737,2025-01-13 01:30:00,44.32,1,573,15.39,1,0,0,0,2025-01-16 01:30:00
TX-001738,2025-01-13 01:40:00,22.16,1,463,12.37,3,0,0,0,2025-01-16 01:40:00
TX-001739,2025-01-13 01:50:00,61.71,1,213,10.45,1,0,0,0,2025-01-16 01:50:00
TX-001740,2025-01-13 02:00:00,35.61,2,334,11.44,1,0,0,0,2025-01-16 02:00:00
TX-001741,2025-01-13 02:10:00,277.31,2,1040,2.65,4,0,1,0,2025-01-16 02:10:00
TX-001742,2025-01-13 02:20:00,95.32,2,731,60.73,2,0,0,0,2025-01-16 02:20:00
TX-001743,2025-01-13 02:30:00,12.9,2,1330,1.75,4,0,1,0,2025-01-16 02:30:00
TX-001744,2025-01-13 02:40:00,114.25,2,1447,8.22,3,0,0,0,2025-01-16 02:40:00
TX-001745,2025-01-13 02:50:00,23.29,2,1005,80.86,3,0,0,0,2025-01-16 02:50:00
TX-001746,2025-01-13 03:00:00,28.94,3,188,20.32,0,0,0,0,2025-01-16 03:00:00
TX-001747,2025-01-13 03:10:00,77.11,3,6,64.84,0,1,1,1,2025-01-16 03:10:00
TX-001748,2025-01-13 03:20:00,31.79,3,411,34.68,2,0,0,0,2025-01-16 03:20:00
TX-001749,2025-01-13 03:30:00,145.79,3,508,7.79,3,0,0,0,2025-01-16 03:30:00
TX-001750,2025-01-13 03:40:00,23.29,3,132,17.34,6,0,0,0,2025-01-16 03:40:00
TX-001751,2025-01-13 03:50:00,27.64,3,1401,23.62,2,0,0,0,2025-01-16 03:50:00
TX-001752,2025-01-13 04:00:00,26.52,4,660,57.11,2,0,0,0,2025-01-16 04:00:00
TX-001753,2025-01-13 04:10:00,29.31,4,1336,8.15,2,0,0,0,2025-01-16 04:10:00
TX-001754,2025-01-13 04:20:00,182.93,4,375,106.03,1,0,1,0,2025-01-16 04:20:00
TX-001755,2025-01-13 04:30:00,109.04,4,18,12.92,3,0,0,0,2025-01-16 04:30:00
TX-001756,2025-01-13 04:40:00,358.15,4,246,45.9,2,0,0,0,2025-01-16 04:40:00
TX-001757,2025-01-13 04:50:00,661.43,4,846,37.0,1,1,0,0,2025-01-16 04:50:00
TX-001758,2025-01-13 05:00:00,17.57,5,863,85.82,1,0,1,0,2025-01-16 05:00:00
TX-001759,2025-01-13 05:10:00,59.0,5,787,13.94,2,0,0,0,2025-01-16 05:10:00
TX-001760,2025-01-13 05:20:00,14.97,5,1727,34.05,2,0,0,0,2025-01-16 05:20:00
TX-001761,2025-01-13 05:30:00,23.21,5,1174,57.92,1,0,0,0,2025-01-16 05:30:00
TX-001762,2025-01-13 05:40:00,27.3,5,1317,32.15,2,0,0,0,2025-01-16 05:40:00
TX-001763,2025-01-13 05:50:00,17.07,5,224,40.0,0,0,0,0,2025-01-16 05:50:00
TX-001764,2025-01-13 06:00:00,17.17,6,838,32.19,1,0,0,0,2025-01-16 06:00:00
TX-001765,2025-01-13 06:10:00,46.59,6,1118,115.0,4,1,1,0,2025-01-16 06:10:00
TX-001766,2025-01-13 06:20:00,14.32,6,1052,130.35,0,1,0,0,2025-01-16 06:20:00
TX-001767,2025-01-13 06:30:00,137.87,6,1704,12.58,6,0,0,0,2025-01-16 06:30:00
TX-001768,2025-01-13 06:40:00,19.9,6,856,27.73,1,0,0,0,2025-01-16 06:40:00
TX-001769,2025-01-13 06:50:00,1200.54,6,669,28.94,1,0,0,0,2025-01-16 06:50:00
TX-001770,2025-01-13 07:00:00,33.23,7,1699,53.54,2,0,1,0,2025-01-16 07:00:00
TX-001771,2025-01-13 07:10:00,59.1,7,607,20.59,2,0,1,0,2025-01-16 07:10:00
TX-001772,2025-01-13 07:20:00,13.13,7,1026,33.23,2,0,0,0,2025-01-16 07:20:00
TX-001773,2025-01-13 07:30:00,356.63,7,50,16.23,1,0,0,0,2025-01-16 07:30:00
TX-001774,2025-01-13 07:40:00,187.06,7,298,40.34,1,0,0,0,2025-01-16 07:40:00
TX-001775,2025-01-13 07:50:00,75.69,7,103,27.1,1,0,0,0,2025-01-16 07:50:00
TX-001776,2025-01-13 08:00:00,12.41,8,752,39.43,2,0,1,0,2025-01-16 08:00:00
TX-001777,2025-01-13 08:10:00,68.84,8,1676,4.34,2,0,0,0,2025-01-16 08:10:00
TX-001778,2025-01-13 08:20:00,15.9,8,128,33.77,3,0,1,0,2025-01-16 08:20:00
TX-001779,2025-01-13 08:30:00,272.76,8,1755,18.22,1,0,1,0,2025-01-16 08:30:00
TX-001780,2025-01-13 08:40:00,132.97,8,1564,85.13,3,0,0,0,2025-01-16 08:40:00
TX-001781,2025-01-13 08:50:00,60.64,8,10,7.94,2,0,1,0,2025-01-16 08:50:00
TX-001782,2025-01-13 09:00:00,3.74,9,27,72.97,1,0,0,0,2025-01-16 09:00:00
TX-001783,2025-01-13 09:10:00,18.51,9,1621,3.66,7,0,0,0,2025-01-16 09:10:00
TX-001784,2025-01-13 09:20:00,116.34,9,1053,2.25,5,0,0,0,2025-01-16 09:20:00
TX-001785,2025-01-13 09:30:00,207.3,9,313,52.64,3,1,0,0,2025-01-16 09:30:00
TX-001786,2025-01-13 09:40:00,184.95,9,1716,8.2,0,0,0,0,2025-01-16 09:40:00
TX-001787,2025-01-13 09:50:00,9.48,9,1010,0.06,1,0,0,0,2025-01-16 09:50:00
TX-001788,2025-01-13 10:00:00,76.07,10,1143,17.19,2,0,1,0,2025-01-16 10:00:00
TX-001789,2025-01-13 10:10:00,166.85,10,1220,25.51,0,1,0,0,2025-01-16 10:10:00
TX-001790,2025-01-13 10:20:00,8.81,10,362,10.03,1,0,0,0,2025-01-16 10:20:00
TX-001791,2025-01-13 10:30:00,54.13,10,646,29.91,3,0,0,0,2025-01-16 10:30:00
TX-001792,2025-01-13 10:40:00,73.79,10,231,28.49,5,0,0,0,2025-01-16 10:40:00
TX-001793,2025-01-13 10:50:00,39.22,10,952,56.21,1,0,0,0,2025-01-16 10:50:00
TX-001794,2025-01-13 11:00:00,7.12,11,1777,74.06,3,0,0,0,2025-01-16 11:00:00
TX-001795,2025-01-13 11:10:00,38.16,11,1129,56.2,0,0,0,0,2025-01-16 11:10:00
TX-001796,2025-01-13 11:20:00,38.09,11,1245,51.49,2,0,0,0,2025-01-16 11:20:00
TX-001797,2025-01-13 11:30:00,46.39,11,349,43.59,1,0,0,0,2025-01-16 11:30:00
TX-001798,2025-01-13 11:40:00,29.38,11,975,30.59,1,0,0,0,2025-01-16 11:40:00
TX-001799,2025-01-13 11:50:00,33.54,11,1789,1.27,4,0,1,0,2025-01-16 11:50:00
TX-001800,2025-01-13 12:00:00,52.26,12,158,51.29,1,0,0,0,2025-01-16 12:00:00
TX-001801,2025-01-13 12:10:00,88.83,12,366,12.24,2,1,0,0,2025-01-16 12:10:00
TX-001802,2025-01-13 12:20:00,39.06,12,1295,4.2,2,0,1,0,2025-01-16 12:20:00
TX-001803,2025-01-13 12:30:00,34.79,12,18,1.44,5,0,0,0,2025-01-16 12:30:00
TX-001804,2025-01-13 12:40:00,60.44,12,371,5.76,4,0,0,0,2025-01-16 12:40:00
TX-001805,2025-01-13 12:50:00,6.6,12,1699,7.71,3,0,0,0,2025-01-16 12:50:00
TX-001806,2025-01-13 13:00:00,92.27,13,34,2.52,3,0,0,0,2025-01-16 13:00:00
TX-001807,2025-01-13 13:10:00,54.56,13,772,53.63,1,0,1,0,2025-01-16 13:10:00
TX-001808,2025-01-13 13:20:00,57.03,13,593,30.02,2,0,1,0,2025-01-16 13:20:00
TX-001809,2025-01-13 13:30:00,157.09,13,717,6.29,4,0,1,0,2025-01-16 13:30:00
TX-001810,2025-01-13 13:40:00,6.37,13,464,28.72,2,1,0,0,2025-01-16 13:40:00
TX-001811,2025-01-13 13:50:00,6.23,13,496,0.95,3,0,1,0,2025-01-16 13:50:00
TX-001812,2025-01-13 14:00:00,73.79,14,1369,68.69,0,0,0,0,2025-01-16 14:00:00
TX-001813,2025-01-13 14:10:00,54.17,14,46,26.94,2,0,0,0,2025-01-16 14:10:00
TX-001814,2025-01-13 14:20:00,65.84,14,233,28.3,1,0,0,0,2025-01-16 14:20:00
TX-001815,2025-01-13 14:30:00,32.84,14,476,9.13,3,0,0,0,2025-01-16 14:30:00
TX-001816,2025-01-13 14:40:00,113.38,14,1487,28.51,2,1,0,0,2025-01-16 14:40:00
TX-001817,2025-01-13 14:50:00,152.31,14,707,24.71,0,0,0,0,2025-01-16 14:50:00
TX-001818,2025-01-13 15:00:00,92.98,15,62,71.18,1,0,0,0,2025-01-16 15:00:00
TX-001819,2025-01-13 15:10:00,40.98,15,936,12.32,4,0,0,0,2025-01-16 15:10:00
TX-001820,2025-01-13 15:20:00,5.37,15,1129,82.03,0,1,1,0,2025-01-16 15:20:00
TX-001821,2025-01-13 15:30:00,127.25,15,823,124.99,2,0,1,0,2025-01-16 15:30:00
TX-001822,2025-01-13 15:40:00,209.33,15,159,23.72,0,0,1,0,2025-01-16 15:40:00
TX-001823,2025-01-13 15:50:00,110.94,15,1582,135.61,2,0,0,0,2025-01-16 15:50:00
TX-001824,2025-01-13 16:00:00,20.75,16,1544,85.4,1,0,0,0,2025-01-16 16:00:00
TX-001825,2025-01-13 16:10:00,114.57,16,1640,30.96,3,0,0,0,2025-01-16 16:10:00
TX-001826,2025-01-13 16:20:00,140.69,16,1735,41.49,1,0,0,0,2025-01-16 16:20:00
TX-001827,2025-01-13 16:30:00,303.29,16,570,27.07,2,0,0,0,2025-01-16 16:30:00
TX-001828,2025-01-13 16:40:00,20.83,16,758,50.57,3,0,0,0,2025-01-16 16:40:00
TX-001829,2025-01-13 16:50:00,42.56,16,1727,1.68,1,0,1,0,2025-01-16 16:50:00
TX-001830,2025-01-13 17:00:00,124.21,17,809,26.52,2,0,0,0,2025-01-16 17:00:00
TX-001831,2025-01-13 17:10:00,58.16,17,1556,1.52,1,0,0,0,2025-01-16 17:10:00
TX-001832,2025-01-13 17:20:00,15.97,17,1165,149.23,2,0,0,0,2025-01-16 17:20:00
TX-001833,2025-01-13 17:30:00,86.15,17,1669,92.55,1,0,0,0,2025-01-16 17:30:00
TX-001834,2025-01-13 17:40:00,103.19,17,18,7.64,2,0,1,0,2025-01-16 17:40:00
TX-001835,2025-01-13 17:50:00,60.15,17,1271,9.17,2,0,0,0,2025-01-16 17:50:00
TX-001836,2025-01-13 18:00:00,69.52,18,1441,20.68,1,0,0,0,2025-01-16 18:00:00
TX-001837,2025-01-13 18:10:00,41.08,18,356,42.81,4,0,0,0,2025-01-16 18:10:00
TX-001838,2025-01-13 18:20:00,277.58,18,1323,38.89,1,0,0,0,2025-01-16 18:20:00
TX-001839,2025-01-13 18:30:00,20.27,18,351,12.79,2,0,0,0,2025-01-16 18:30:00
TX-001840,2025-01-13 18:40:00,28.62,18,1628,18.35,4,1,0,0,2025-01-16 18:40:00
TX-001841,2025-01-13 18:50:00,55.26,18,1635,6.08,1,0,0,0,2025-01-16 18:50:00
TX-001842,2025-01-13 19:00:00,143.57,19,6,8.37,1,0,0,0,2025-01-16 19:00:00
TX-001843,2025-01-13 19:10:00,10.52,19,912,10.31,2,0,0,0,2025-01-16 19:10:00
TX-001844,2025-01-13 19:20:00,12.92,19,688,104.02,1,0,0,0,2025-01-16 19:20:00
TX-001845,2025-01-13 19:30:00,5.8,19,1602,86.54,3,1,0,0,2025-01-16 19:30:00
TX-001846,2025-01-13 19:40:00,56.6,19,576,46.57,1,1,1,0,2025-01-16 19:40:00
TX-001847,2025-01-13 19:50:00,15.96,19,1296,45.03,0,0,0,0,2025-01-16 19:50:00
TX-001848,2025-01-13 20:00:00,35.77,20,210,19.73,1,0,1,0,2025-01-16 20:00:00
TX-001849,2025-01-13 20:10:00,113.01,20,382,2.62,1,0,0,0,2025-01-16 20:10:00
TX-001850,2025-01-13 20:20:00,26.96,20,1773,29.72,0,0,0,0,2025-01-16 20:20:00
TX-001851,2025-01-13 20:30:00,70.42,20,692,3.46,4,1,0,0,2025-01-16 20:30:00
TX-001852,2025-01-13 20:40:00,39.28,20,1378,0.07,2,0,0,0,2025-01-16 20:40:00
TX-001853,2025-01-13 20:50:00,114.36,20,1742,9.35,3,0,0,0,2025-01-16 20:50:00
TX-001854,2025-01-13 21:00:00,92.08,21,1737,30.06,3,1,0,0,2025-01-16 21:00:00
TX-001855,2025-01-13 21:10:00,25.5,21,35,63.23,0,0,0,0,2025-01-16 21:10:00
TX-001856,2025-01-13 21:20:00,45.35,21,418,20.81,0,0,0,0,2025-01-16 21:20:00
TX-001857,2025-01-13 21:30:00,172.11,21,1286,52.86,2,0,0,0,2025-01-16 21:30:00
TX-001858,2025-01-13 21:40:00,84.16,21,1668,3.58,7,0,0,0,2025-01-16 21:40:00
TX-001859,2025-01-13 21:50:00,11.74,21,1761,16.79,3,0,0,0,2025-01-16 21:50:00
TX-001860,2025-01-13 22:00:00,112.3,22,1296,50.08,3,0,1,0,2025-01-16 22:00:00
TX-001861,2025-01-13 22:10:00,16.56,22,187,11.62,4,0,0,0,2025-01-16 22:10:00
TX-001862,2025-01-13 22:20:00,258.21,22,1336,67.99,1,0,1,0,2025-01-16 22:20:00
TX-001863,2025-01-13 22:30:00,168.43,22,489,1.46,2,0,1,0,2025-01-16 22:30:00
TX-001864,2025-01-13 22:40:00,75.1,22,1455,160.88,3,0,0,0,2025-01-16 22:40:00
TX-001865,2025-01-13 22:50:00,64.91,22,984,99.27,0,0,0,0,2025-01-16 22:50:00
TX-001866,2025-01-13 23:00:00,43.38,23,330,65.81,3,0,0,0,2025-01-16 23:00:00
TX-001867,2025-01-13 23:10:00,115.17,23,1518,14.71,2,0,0,0,2025-01-16 23:10:00
TX-001868,2025-01-13 23:20:00,36.31,23,1779,1.63,1,1,0,0,2025-01-16 23:20:00
TX-001869,2025-01-13 23:30:00,70.75,23,911,10.53,2,0,0,0,2025-01-16 23:30:00
TX-001870,2025-01-13 23:40:00,142.47,23,1462,43.69,2,0,0,0,2025-01-16 23:40:00
TX-001871,2025-01-13 23:50:00,29.43,23,107,29.23,1,0,0,0,2025-01-16 23:50:00
TX-001872,2025-01-14 00:00:00,27.72,0,488,4.36,0,1,0,0,2025-01-17 00:00:00
TX-001873,2025-01-14 00:10:00,14.68,0,228,4.16,1,0,0,0,2025-01-17 00:10:00
TX-001874,2025-01-14 00:20:00,16.93,0,511,71.22,1,0,0,0,2025-01-17 00:20:00
TX-001875,2025-01-14 00:30:00,7.31,0,676,18.38,4,0,0,0,2025-01-17 00:30:00
TX-001876,2025-01-14 00:40:00,121.85,0,776,17.67,2,0,0,0,2025-01-17 00:40:00
TX-001877,2025-01-14 00:50:00,399.34,0,580,24.3,0,0,0,0,2025-01-17 00:50:00
TX-001878,2025-01-14 01:00:00,261.87,1,980,123.67,1,0,0,0,2025-01-17 01:00:00
TX-001879,2025-01-14 01:10:00,9.13,1,395,80.74,1,0,1,0,2025-01-17 01:10:00
TX-001880,2025-01-14 01:20:00,121.19,1,626,142.93,2,0,0,0,2025-01-17 01:20:00
TX-001881,2025-01-14 01:30:00,260.95,1,1512,95.0,0,0,0,0,2025-01-17 01:30:00
TX-001882,2025-01-14 01:40:00,33.03,1,1012,26.99,3,0,0,0,2025-01-17 01:40:00
TX-001883,2025-01-14 01:50:00,61.04,1,48,32.74,1,0,0,0,2025-01-17 01:50:00
TX-001884,2025-01-14 02:00:00,6.0,2,590,35.92,0,0,0,0,2025-01-17 02:00:00
TX-001885,2025-01-14 02:10:00,73.22,2,1492,29.66,3,0,0,0,2025-01-17 02:10:00
TX-001886,2025-01-14 02:20:00,16.95,2,324,39.37,3,0,1,0,2025-01-17 02:20:00
TX-001887,2025-01-14 02:30:00,68.01,2,1659,42.1,3,1,0,0,2025-01-17 02:30:00
TX-001888,2025-01-14 02:40:00,9.8,2,532,63.13,2,0,0,0,2025-01-17 02:40:00
TX-001889,2025-01-14 02:50:00,99.2,2,1134,25.7,2,0,0,0,2025-01-17 02:50:00
TX-001890,2025-01-14 03:00:00,168.5,3,855,53.72,3,0,1,0,2025-01-17 03:00:00
TX-001891,2025-01-14 03:10:00,23.07,3,1125,26.86,1,0,0,0,2025-01-17 03:10:00
TX-001892,2025-01-14 03:20:00,15.63,3,1435,130.24,3,0,0,0,2025-01-17 03:20:00
TX-001893,2025-01-14 03:30:00,5.1,3,268,44.82,3,0,0,0,2025-01-17 03:30:00
TX-001894,2025-01-14 03:40:00,40.73,3,633,40.65,3,1,1,0,2025-01-17 03:40:00
TX-001895,2025-01-14 03:50:00,28.8,3,1022,22.21,2,0,1,0,2025-01-17 03:50:00
TX-001896,2025-01-14 04:00:00,9.91,4,469,6.84,0,0,0,0,2025-01-17 04:00:00
TX-001897,2025-01-14 04:10:00,89.87,4,675,4.56,3,1,0,0,2025-01-17 04:10:00
TX-001898,2025-01-14 04:20:00,33.28,4,1594,7.41,1,0,0,0,2025-01-17 04:20:00
TX-001899,2025-01-14 04:30:00,16.72,4,412,83.63,1,1,0,0,2025-01-17 04:30:00
TX-001900,2025-01-14 04:40:00,29.67,4,341,7.43,2,0,0,0,2025-01-17 04:40:00
TX-001901,2025-01-14 04:50:00,177.4,4,1049,81.57,1,0,0,0,2025-01-17 04:50:00
TX-001902,2025-01-14 05:00:00,105.98,5,179,22.07,2,0,0,0,2025-01-17 05:00:00
TX-001903,2025-01-14 05:10:00,47.32,5,2,66.03,1,0,0,0,2025-01-17 05:10:00
TX-001904,2025-01-14 05:20:00,107.88,5,1565,35.93,0,1,0,0,2025-01-17 05:20:00
TX-001905,2025-01-14 05:30:00,15.23,5,497,38.5,4,0,1,0,2025-01-17 05:30:00
TX-001906,2025-01-14 05:40:00,56.58,5,216,55.36,4,0,0,0,2025-01-17 05:40:00
TX-001907,2025-01-14 05:50:00,64.2,5,1180,16.33,6,0,0,0,2025-01-17 05:50:00
TX-001908,2025-01-14 06:00:00,32.56,6,865,3.06,2,1,0,0,2025-01-17 06:00:00
TX-001909,2025-01-14 06:10:00,88.15,6,819,42.17,2,0,0,0,2025-01-17 06:10:00
TX-001910,2025-01-14 06:20:00,23.14,6,789,18.74,2,0,0,0,2025-01-17 06:20:00
TX-001911,2025-01-14 06:30:00,95.66,6,262,33.72,1,0,0,0,2025-01-17 06:30:00
TX-001912,2025-01-14 06:40:00,100.19,6,1545,46.96,4,1,0,0,2025-01-17 06:40:00
TX-001913,2025-01-14 06:50:00,2.21,6,2,10.09,2,0,0,0,2025-01-17 06:50:00
TX-001914,2025-01-14 07:00:00,202.22,7,869,21.61,1,0,0,0,2025-01-17 07:00:00
TX-001915,2025-01-14 07:10:00,1.91,7,486,16.94,2,0,0,1,2025-01-17 07:10:00
TX-001916,2025-01-14 07:20:00,27.73,7,1155,3.22,1,0,0,0,2025-01-17 07:20:00
TX-001917,2025-01-14 07:30:00,168.66,7,988,23.62,3,0,0,0,2025-01-17 07:30:00
TX-001918,2025-01-14 07:40:00,38.51,7,692,46.07,1,0,0,0,2025-01-17 07:40:00
TX-001919,2025-01-14 07:50:00,10.88,7,962,0.32,0,0,0,0,2025-01-17 07:50:00
TX-001920,2025-01-14 08:00:00,16.39,8,408,20.65,1,1,0,0,2025-01-17 08:00:00
TX-001921,2025-01-14 08:10:00,168.95,8,235,16.55,1,0,0,0,2025-01-17 08:10:00
TX-001922,2025-01-14 08:20:00,6.6,8,1629,34.49,2,0,0,0,2025-01-17 08:20:00
TX-001923,2025-01-14 08:30:00,189.03,8,1104,5.74,3,0,0,0,2025-01-17 08:30:00
TX-001924,2025-01-14 08:40:00,51.39,8,1176,10.06,1,1,0,0,2025-01-17 08:40:00
TX-001925,2025-01-14 08:50:00,14.71,8,1798,43.8,2,0,0,0,2025-01-17 08:50:00
TX-001926,2025-01-14 09:00:00,28.75,9,1627,22.64,3,0,0,0,2025-01-17 09:00:00
TX-001927,2025-01-14 09:10:00,17.83,9,1052,29.09,5,0,0,0,2025-01-17 09:10:00
TX-001928,2025-01-14 09:20:00,141.58,9,1426,38.16,3,0,0,0,2025-01-17 09:20:00
TX-001929,2025-01-14 09:30:00,122.2,9,949,3.86,2,0,0,0,2025-01-17 09:30:00
TX-001930,2025-01-14 09:40:00,8.24,9,428,40.57,1,0,0,0,2025-01-17 09:40:00
TX-001931,2025-01-14 09:50:00,35.02,9,1120,45.77,0,0,1,0,2025-01-17 09:50:00
TX-001932,2025-01-14 10:00:00,21.13,10,1643,25.66,4,1,0,0,2025-01-17 10:00:00
TX-001933,2025-01-14 10:10:00,226.53,10,1583,34.32,4,0,0,0,2025-01-17 10:10:00
TX-001934,2025-01-14 10:20:00,12.37,10,909,90.8,2,0,0,0,2025-01-17 10:20:00
TX-001935,2025-01-14 10:30:00,318.83,10,1702,83.97,1,0,0,0,2025-01-17 10:30:00
TX-001936,2025-01-14 10:40:00,52.63,10,355,42.03,3,0,0,0,2025-01-17 10:40:00
TX-001937,2025-01-14 10:50:00,15.21,10,73,58.37,3,1,0,0,2025-01-17 10:50:00
TX-001938,2025-01-14 11:00:00,25.92,11,725,83.58,0,0,0,0,2025-01-17 11:00:00
TX-001939,2025-01-14 11:10:00,22.61,11,368,67.19,2,0,0,0,2025-01-17 11:10:00
TX-001940,2025-01-14 11:20:00,13.44,11,1723,45.77,0,0,0,0,2025-01-17 11:20:00
TX-001941,2025-01-14 11:30:00,60.6,11,208,57.44,2,0,0,0,2025-01-17 11:30:00
TX-001942,2025-01-14 11:40:00,14.14,11,962,48.89,3,0,0,0,2025-01-17 11:40:00
TX-001943,2025-01-14 11:50:00,4.96,11,1390,32.56,1,0,0,0,2025-01-17 11:50:00
TX-001944,2025-01-14 12:00:00,35.96,12,199,29.14,2,0,0,0,2025-01-17 12:00:00
TX-001945,2025-01-14 12:10:00,7.51,12,82,75.13,1,0,0,0,2025-01-17 12:10:00
TX-001946,2025-01-14 12:20:00,23.87,12,996,61.4,2,0,0,0,2025-01-17 12:20:00
TX-001947,2025-01-14 12:30:00,20.09,12,1624,12.51,1,0,1,0,2025-01-17 12:30:00
TX-001948,2025-01-14 12:40:00,20.94,12,29,69.0,3,1,0,0,2025-01-17 12:40:00
TX-001949,2025-01-14 12:50:00,493.27,12,36,165.75,2,0,0,0,2025-01-17 12:50:00
TX-001950,2025-01-14 13:00:00,58.09,13,1665,31.14,3,0,0,0,2025-01-17 13:00:00
TX-001951,2025-01-14 13:10:00,71.52,13,1084,29.54,2,0,1,0,2025-01-17 13:10:00
TX-001952,2025-01-14 13:20:00,7.74,13,1262,22.22,1,0,0,0,2025-01-17 13:20:00
TX-001953,2025-01-14 13:30:00,26.59,13,496,53.28,1,0,0,0,2025-01-17 13:30:00
TX-001954,2025-01-14 13:40:00,69.19,13,562,9.26,1,1,1,0,2025-01-17 13:40:00
TX-001955,2025-01-14 13:50:00,17.69,13,847,4.86,3,0,1,0,2025-01-17 13:50:00
TX-001956,2025-01-14 14:00:00,148.25,14,385,21.55,1,0,0,0,2025-01-17 14:00:00
TX-001957,2025-01-14 14:10:00,14.54,14,795,123.19,3,1,0,0,2025-01-17 14:10:00
TX-001958,2025-01-14 14:20:00,39.85,14,1717,35.49,3,0,0,0,2025-01-17 14:20:00
TX-001959,2025-01-14 14:30:00,28.66,14,1348,57.88,4,0,0,0,2025-01-17 14:30:00
TX-001960,2025-01-14 14:40:00,65.42,14,1564,50.63,5,1,0,0,2025-01-17 14:40:00
TX-001961,2025-01-14 14:50:00,26.99,14,893,14.98,1,0,0,0,2025-01-17 14:50:00
TX-001962,2025-01-14 15:00:00,40.53,15,1417,46.8,1,0,0,0,2025-01-17 15:00:00
TX-001963,2025-01-14 15:10:00,42.11,15,758,8.37,0,0,0,0,2025-01-17 15:10:00
TX-001964,2025-01-14 15:20:00,24.34,15,1111,2.66,2,0,0,0,2025-01-17 15:20:00
TX-001965,2025-01-14 15:30:00,93.09,15,1314,8.86,1,0,0,0,2025-01-17 15:30:00
TX-001966,2025-01-14 15:40:00,70.97,15,1484,38.57,4,1,0,0,2025-01-17 15:40:00
TX-001967,2025-01-14 15:50:00,49.53,15,1666,18.98,4,0,0,0,2025-01-17 15:50:00
TX-001968,2025-01-14 16:00:00,34.0,16,189,25.64,4,0,0,0,2025-01-17 16:00:00
TX-001969,2025-01-14 16:10:00,131.13,16,1429,23.97,6,0,0,0,2025-01-17 16:10:00
TX-001970,2025-01-14 16:20:00,42.12,16,1277,23.62,2,1,0,0,2025-01-17 16:20:00
TX-001971,2025-01-14 16:30:00,38.96,16,1326,54.69,2,1,1,1,2025-01-17 16:30:00
TX-001972,2025-01-14 16:40:00,61.26,16,26,37.62,2,0,0,0,2025-01-17 16:40:00
TX-001973,2025-01-14 16:50:00,352.92,16,877,139.28,0,0,1,0,2025-01-17 16:50:00
TX-001974,2025-01-14 17:00:00,12.5,17,1729,25.05,0,0,0,0,2025-01-17 17:00:00
TX-001975,2025-01-14 17:10:00,127.34,17,1620,39.98,1,0,0,0,2025-01-17 17:10:00
TX-001976,2025-01-14 17:20:00,6.8,17,415,68.37,6,0,0,0,2025-01-17 17:20:00
TX-001977,2025-01-14 17:30:00,69.34,17,875,1.28,0,1,0,0,2025-01-17 17:30:00
TX-001978,2025-01-14 17:40:00,308.77,17,1555,2.53,4,0,0,0,2025-01-17 17:40:00
TX-001979,2025-01-14 17:50:00,93.46,17,1674,39.75,1,0,0,0,2025-01-17 17:50:00
TX-001980,2025-01-14 18:00:00,65.87,18,596,4.32,4,1,0,0,2025-01-17 18:00:00
TX-001981,2025-01-14 18:10:00,29.47,18,1445,15.94,0,0,0,0,2025-01-17 18:10:00
TX-001982,2025-01-14 18:20:00,56.49,18,1502,99.83,2,0,0,0,2025-01-17 18:20:00
TX-001983,2025-01-14 18:30:00,41.38,18,270,102.47,2,0,0,0,2025-01-17 18:30:00
TX-001984,2025-01-14 18:40:00,23.0,18,57,2.88,0,0,0,0,2025-01-17 18:40:00
TX-001985,2025-01-14 18:50:00,39.69,18,84,23.58,4,0,0,0,2025-01-17 18:50:00
TX-001986,2025-01-14 19:00:00,67.91,19,261,31.39,2,0,0,0,2025-01-17 19:00:00
TX-001987,2025-01-14 19:10:00,23.48,19,1333,81.51,0,0,0,0,2025-01-17 19:10:00
TX-001988,2025-01-14 19:20:00,22.49,19,701,74.0,3,0,0,0,2025-01-17 19:20:00
TX-001989,2025-01-14 19:30:00,12.23,19,1234,27.88,3,0,1,0,2025-01-17 19:30:00
TX-001990,2025-01-14 19:40:00,83.91,19,161,25.67,5,0,0,0,2025-01-17 19:40:00
TX-001991,2025-01-14 19:50:00,99.47,19,1083,19.28,2,1,0,0,2025-01-17 19:50:00
TX-001992,2025-01-14 20:00:00,70.44,20,1341,44.82,2,0,0,0,2025-01-17 20:00:00
TX-001993,2025-01-14 20:10:00,157.86,20,1757,20.32,3,0,0,0,2025-01-17 20:10:00
TX-001994,2025-01-14 20:20:00,60.14,20,574,4.9,1,0,0,0,2025-01-17 20:20:00
TX-001995,2025-01-14 20:30:00,84.03,20,981,25.94,1,0,0,0,2025-01-17 20:30:00
TX-001996,2025-01-14 20:40:00,76.27,20,869,15.93,1,0,0,0,2025-01-17 20:40:00
TX-001997,2025-01-14 20:50:00,49.37,20,626,98.47,1,0,0,0,2025-01-17 20:50:00
TX-001998,2025-01-14 21:00:00,30.45,21,1151,17.73,5,0,1,0,2025-01-17 21:00:00
TX-001999,2025-01-14 21:10:00,623.64,21,1016,6.03,3,0,0,0,2025-01-17 21:10:00
